BEGIN TRANSACTION;
CREATE TABLE "auth_group" ("id" integer NOT NULL PRIMARY KEY AUTOINCREMENT, "name" varchar(150) NOT NULL UNIQUE);
CREATE TABLE "auth_group_permissions" ("id" integer NOT NULL PRIMARY KEY AUTOINCREMENT, "group_id" integer NOT NULL REFERENCES "auth_group" ("id") DEFERRABLE INITIALLY DEFERRED, "permission_id" integer NOT NULL REFERENCES "auth_permission" ("id") DEFERRABLE INITIALLY DEFERRED);
CREATE TABLE "auth_permission" ("id" integer NOT NULL PRIMARY KEY AUTOINCREMENT, "content_type_id" integer NOT NULL REFERENCES "django_content_type" ("id") DEFERRABLE INITIALLY DEFERRED, "codename" varchar(100) NOT NULL, "name" varchar(255) NOT NULL);
INSERT INTO "auth_permission" VALUES(1,1,'add_logentry','Can add log entry');
INSERT INTO "auth_permission" VALUES(2,1,'change_logentry','Can change log entry');
INSERT INTO "auth_permission" VALUES(3,1,'delete_logentry','Can delete log entry');
INSERT INTO "auth_permission" VALUES(4,1,'view_logentry','Can view log entry');
INSERT INTO "auth_permission" VALUES(5,2,'add_permission','Can add permission');
INSERT INTO "auth_permission" VALUES(6,2,'change_permission','Can change permission');
INSERT INTO "auth_permission" VALUES(7,2,'delete_permission','Can delete permission');
INSERT INTO "auth_permission" VALUES(8,2,'view_permission','Can view permission');
INSERT INTO "auth_permission" VALUES(9,3,'add_group','Can add group');
INSERT INTO "auth_permission" VALUES(10,3,'change_group','Can change group');
INSERT INTO "auth_permission" VALUES(11,3,'delete_group','Can delete group');
INSERT INTO "auth_permission" VALUES(12,3,'view_group','Can view group');
INSERT INTO "auth_permission" VALUES(13,4,'add_user','Can add user');
INSERT INTO "auth_permission" VALUES(14,4,'change_user','Can change user');
INSERT INTO "auth_permission" VALUES(15,4,'delete_user','Can delete user');
INSERT INTO "auth_permission" VALUES(16,4,'view_user','Can view user');
INSERT INTO "auth_permission" VALUES(17,5,'add_contenttype','Can add content type');
INSERT INTO "auth_permission" VALUES(18,5,'change_contenttype','Can change content type');
INSERT INTO "auth_permission" VALUES(19,5,'delete_contenttype','Can delete content type');
INSERT INTO "auth_permission" VALUES(20,5,'view_contenttype','Can view content type');
INSERT INTO "auth_permission" VALUES(21,6,'add_session','Can add session');
INSERT INTO "auth_permission" VALUES(22,6,'change_session','Can change session');
INSERT INTO "auth_permission" VALUES(23,6,'delete_session','Can delete session');
INSERT INTO "auth_permission" VALUES(24,6,'view_session','Can view session');
INSERT INTO "auth_permission" VALUES(25,7,'add_countersumfromlastmaint','Can add counter sum from last maint');
INSERT INTO "auth_permission" VALUES(26,7,'change_countersumfromlastmaint','Can change counter sum from last maint');
INSERT INTO "auth_permission" VALUES(27,7,'delete_countersumfromlastmaint','Can delete counter sum from last maint');
INSERT INTO "auth_permission" VALUES(28,7,'view_countersumfromlastmaint','Can view counter sum from last maint');
INSERT INTO "auth_permission" VALUES(29,8,'add_fixture','Can add fixture');
INSERT INTO "auth_permission" VALUES(30,8,'change_fixture','Can change fixture');
INSERT INTO "auth_permission" VALUES(31,8,'delete_fixture','Can delete fixture');
INSERT INTO "auth_permission" VALUES(32,8,'view_fixture','Can view fixture');
INSERT INTO "auth_permission" VALUES(33,9,'add_counter','Can add counter');
INSERT INTO "auth_permission" VALUES(34,9,'change_counter','Can change counter');
INSERT INTO "auth_permission" VALUES(35,9,'delete_counter','Can delete counter');
INSERT INTO "auth_permission" VALUES(36,9,'view_counter','Can view counter');
INSERT INTO "auth_permission" VALUES(37,10,'add_fullcounter','Can add full counter');
INSERT INTO "auth_permission" VALUES(38,10,'change_fullcounter','Can change full counter');
INSERT INTO "auth_permission" VALUES(39,10,'delete_fullcounter','Can delete full counter');
INSERT INTO "auth_permission" VALUES(40,10,'view_fullcounter','Can view full counter');
INSERT INTO "auth_permission" VALUES(41,11,'add_counterhistory','Can add counter history');
INSERT INTO "auth_permission" VALUES(42,11,'change_counterhistory','Can change counter history');
INSERT INTO "auth_permission" VALUES(43,11,'delete_counterhistory','Can delete counter history');
INSERT INTO "auth_permission" VALUES(44,11,'view_counterhistory','Can view counter history');
INSERT INTO "auth_permission" VALUES(45,12,'add_event','Can add event');
INSERT INTO "auth_permission" VALUES(46,12,'change_event','Can change event');
INSERT INTO "auth_permission" VALUES(47,12,'delete_event','Can delete event');
INSERT INTO "auth_permission" VALUES(48,12,'view_event','Can view event');
INSERT INTO "auth_permission" VALUES(49,13,'add_eventcounter','Can add event counter');
INSERT INTO "auth_permission" VALUES(50,13,'change_eventcounter','Can change event counter');
INSERT INTO "auth_permission" VALUES(51,13,'delete_eventcounter','Can delete event counter');
INSERT INTO "auth_permission" VALUES(52,13,'view_eventcounter','Can view event counter');
INSERT INTO "auth_permission" VALUES(53,14,'add_machine','Can add machine');
INSERT INTO "auth_permission" VALUES(54,14,'change_machine','Can change machine');
INSERT INTO "auth_permission" VALUES(55,14,'delete_machine','Can delete machine');
INSERT INTO "auth_permission" VALUES(56,14,'view_machine','Can view machine');
INSERT INTO "auth_permission" VALUES(57,15,'add_object','Can add object');
INSERT INTO "auth_permission" VALUES(58,15,'change_object','Can change object');
INSERT INTO "auth_permission" VALUES(59,15,'delete_object','Can delete object');
INSERT INTO "auth_permission" VALUES(60,15,'view_object','Can view object');
INSERT INTO "auth_permission" VALUES(61,16,'add_variantcode','Can add variant code');
INSERT INTO "auth_permission" VALUES(62,16,'change_variantcode','Can change variant code');
INSERT INTO "auth_permission" VALUES(63,16,'delete_variantcode','Can delete variant code');
INSERT INTO "auth_permission" VALUES(64,16,'view_variantcode','Can view variant code');
INSERT INTO "auth_permission" VALUES(65,17,'add_groupvariantcode','Can add group variant code');
INSERT INTO "auth_permission" VALUES(66,17,'change_groupvariantcode','Can change group variant code');
INSERT INTO "auth_permission" VALUES(67,17,'delete_groupvariantcode','Can delete group variant code');
INSERT INTO "auth_permission" VALUES(68,17,'view_groupvariantcode','Can view group variant code');
INSERT INTO "auth_permission" VALUES(69,18,'add_goldensample','Can add golden sample');
INSERT INTO "auth_permission" VALUES(70,18,'change_goldensample','Can change golden sample');
INSERT INTO "auth_permission" VALUES(71,18,'delete_goldensample','Can delete golden sample');
INSERT INTO "auth_permission" VALUES(72,18,'view_goldensample','Can view golden sample');
INSERT INTO "auth_permission" VALUES(73,19,'add_counterongolden','Can add counter on golden');
INSERT INTO "auth_permission" VALUES(74,19,'change_counterongolden','Can change counter on golden');
INSERT INTO "auth_permission" VALUES(75,19,'delete_counterongolden','Can delete counter on golden');
INSERT INTO "auth_permission" VALUES(76,19,'view_counterongolden','Can view counter on golden');
INSERT INTO "auth_permission" VALUES(77,20,'add_machinecondition','Can add machine condition');
INSERT INTO "auth_permission" VALUES(78,20,'change_machinecondition','Can change machine condition');
INSERT INTO "auth_permission" VALUES(79,20,'delete_machinecondition','Can delete machine condition');
INSERT INTO "auth_permission" VALUES(80,20,'view_machinecondition','Can view machine condition');
INSERT INTO "auth_permission" VALUES(81,21,'add_mapsample','Can add map sample');
INSERT INTO "auth_permission" VALUES(82,21,'change_mapsample','Can change map sample');
INSERT INTO "auth_permission" VALUES(83,21,'delete_mapsample','Can delete map sample');
INSERT INTO "auth_permission" VALUES(84,21,'view_mapsample','Can view map sample');
INSERT INTO "auth_permission" VALUES(85,22,'add_product','Can add product');
INSERT INTO "auth_permission" VALUES(86,22,'change_product','Can change product');
INSERT INTO "auth_permission" VALUES(87,22,'delete_product','Can delete product');
INSERT INTO "auth_permission" VALUES(88,22,'view_product','Can view product');
INSERT INTO "auth_permission" VALUES(89,23,'add_productprocess','Can add product process');
INSERT INTO "auth_permission" VALUES(90,23,'change_productprocess','Can change product process');
INSERT INTO "auth_permission" VALUES(91,23,'delete_productprocess','Can delete product process');
INSERT INTO "auth_permission" VALUES(92,23,'view_productprocess','Can view product process');
INSERT INTO "auth_permission" VALUES(93,24,'add_productobject','Can add product object');
INSERT INTO "auth_permission" VALUES(94,24,'change_productobject','Can change product object');
INSERT INTO "auth_permission" VALUES(95,24,'delete_productobject','Can delete product object');
INSERT INTO "auth_permission" VALUES(96,24,'view_productobject','Can view product object');
INSERT INTO "auth_permission" VALUES(97,25,'add_productobjectprocess','Can add product object process');
INSERT INTO "auth_permission" VALUES(98,25,'change_productobjectprocess','Can change product object process');
INSERT INTO "auth_permission" VALUES(99,25,'delete_productobjectprocess','Can delete product object process');
INSERT INTO "auth_permission" VALUES(100,25,'view_productobjectprocess','Can view product object process');
INSERT INTO "auth_permission" VALUES(101,26,'add_productobjectprocesslog','Can add product object process log');
INSERT INTO "auth_permission" VALUES(102,26,'change_productobjectprocesslog','Can change product object process log');
INSERT INTO "auth_permission" VALUES(103,26,'delete_productobjectprocesslog','Can delete product object process log');
INSERT INTO "auth_permission" VALUES(104,26,'view_productobjectprocesslog','Can view product object process log');
INSERT INTO "auth_permission" VALUES(105,27,'add_place','Can add place');
INSERT INTO "auth_permission" VALUES(106,27,'change_place','Can change place');
INSERT INTO "auth_permission" VALUES(107,27,'delete_place','Can delete place');
INSERT INTO "auth_permission" VALUES(108,27,'view_place','Can view place');
INSERT INTO "auth_permission" VALUES(109,28,'add_apptokill','Can add app to kill');
INSERT INTO "auth_permission" VALUES(110,28,'change_apptokill','Can change app to kill');
INSERT INTO "auth_permission" VALUES(111,28,'delete_apptokill','Can delete app to kill');
INSERT INTO "auth_permission" VALUES(112,28,'view_apptokill','Can view app to kill');
INSERT INTO "auth_permission" VALUES(113,29,'add_backmapprocess','Can add back map process');
INSERT INTO "auth_permission" VALUES(114,29,'change_backmapprocess','Can change back map process');
INSERT INTO "auth_permission" VALUES(115,29,'delete_backmapprocess','Can delete back map process');
INSERT INTO "auth_permission" VALUES(116,29,'view_backmapprocess','Can view back map process');
CREATE TABLE "auth_user" ("id" integer NOT NULL PRIMARY KEY AUTOINCREMENT, "password" varchar(128) NOT NULL, "last_login" datetime NULL, "is_superuser" bool NOT NULL, "username" varchar(150) NOT NULL UNIQUE, "last_name" varchar(150) NOT NULL, "email" varchar(254) NOT NULL, "is_staff" bool NOT NULL, "is_active" bool NOT NULL, "date_joined" datetime NOT NULL, "first_name" varchar(150) NOT NULL);
INSERT INTO "auth_user" VALUES(1,'pbkdf2_sha256$870000$NyZKamu324P2aWXAVw3MKO$vlzN//H5kzIfMTJofOTiKZotBgJBaL3OZwJoJtbtBCA=','2025-03-11 08:17:30.731000',1,'Szaba','','szymonzaba75@gmail.com',1,1,'2025-03-11 08:17:07.896000','');
INSERT INTO "auth_user" VALUES(2,'pbkdf2_sha256$870000$tHKlfQ1yRMqBPNlirzWUZ1$f6yRH86i2lSX+ErDK+xFEC/p8O/i/8cguyXxWg/DHqc=','2025-07-30 09:14:20.484222',1,'Szabson','','szymonzaba75@gmail.com',1,1,'2025-04-01 11:10:28.329000','');
INSERT INTO "auth_user" VALUES(3,'pbkdf2_sha256$870000$dNylBDtTnXUQZTs5WUJv6W$t9rkxq1g6fQqfWEUB+ht1QLcXAwFmfNjd+AaVxNHOCo=','2025-08-01 15:53:26.169417',1,'Mateusz','','mateusz@gmail.com',1,1,'2025-04-02 13:18:11.545000','');
CREATE TABLE "auth_user_groups" ("id" integer NOT NULL PRIMARY KEY AUTOINCREMENT, "user_id" integer NOT NULL REFERENCES "auth_user" ("id") DEFERRABLE INITIALLY DEFERRED, "group_id" integer NOT NULL REFERENCES "auth_group" ("id") DEFERRABLE INITIALLY DEFERRED);
CREATE TABLE "auth_user_user_permissions" ("id" integer NOT NULL PRIMARY KEY AUTOINCREMENT, "user_id" integer NOT NULL REFERENCES "auth_user" ("id") DEFERRABLE INITIALLY DEFERRED, "permission_id" integer NOT NULL REFERENCES "auth_permission" ("id") DEFERRABLE INITIALLY DEFERRED);
CREATE TABLE "base_counter" ("id" integer NOT NULL PRIMARY KEY AUTOINCREMENT, "time_date" datetime NOT NULL, "fixture_id" bigint NULL REFERENCES "base_fixture" ("id") DEFERRABLE INITIALLY DEFERRED);
CREATE TABLE "base_counterhistory" ("id" integer NOT NULL PRIMARY KEY AUTOINCREMENT, "date" datetime NOT NULL, "counter" integer NOT NULL, "fixture_id" bigint NULL REFERENCES "base_fixture" ("id") DEFERRABLE INITIALLY DEFERRED);
INSERT INTO "base_counterhistory" VALUES(20,'2025-03-20 14:44:34',39,26);
INSERT INTO "base_counterhistory" VALUES(22,'2025-03-20 02:02:09',558,29);
INSERT INTO "base_counterhistory" VALUES(23,'2025-03-17 12:17:28',299251,32);
INSERT INTO "base_counterhistory" VALUES(24,'2025-04-12 09:17:33',15,36);
INSERT INTO "base_counterhistory" VALUES(25,'2025-04-12 09:17:36',15,37);
INSERT INTO "base_counterhistory" VALUES(26,'2025-05-06 09:26:30.257000',10,40);
INSERT INTO "base_counterhistory" VALUES(27,'2025-05-12 10:47:58.214000',6,40);
INSERT INTO "base_counterhistory" VALUES(28,'2025-05-13 09:00:24.975000',2,50);
INSERT INTO "base_counterhistory" VALUES(29,'2025-05-13 09:38:09.248000',5,52);
INSERT INTO "base_counterhistory" VALUES(30,'2025-05-13 09:54:22.918000',6,52);
INSERT INTO "base_counterhistory" VALUES(31,'2025-06-23 13:00:06.242846',47620,36);
INSERT INTO "base_counterhistory" VALUES(32,'2025-06-23 13:00:12.989926',36273,37);
INSERT INTO "base_counterhistory" VALUES(33,'2025-07-01 07:05:40.617474',6198,36);
INSERT INTO "base_counterhistory" VALUES(34,'2025-07-01 07:05:46.283577',5606,37);
INSERT INTO "base_counterhistory" VALUES(35,'2025-07-26 08:32:20.199029',33701,32);
CREATE TABLE "base_countersumfromlastmaint" ("id" integer NOT NULL PRIMARY KEY AUTOINCREMENT, "counter" integer NOT NULL);
INSERT INTO "base_countersumfromlastmaint" VALUES(1,123);
INSERT INTO "base_countersumfromlastmaint" VALUES(2,0);
INSERT INTO "base_countersumfromlastmaint" VALUES(3,369);
INSERT INTO "base_countersumfromlastmaint" VALUES(4,36000);
INSERT INTO "base_countersumfromlastmaint" VALUES(5,20100);
INSERT INTO "base_countersumfromlastmaint" VALUES(6,0);
INSERT INTO "base_countersumfromlastmaint" VALUES(7,1);
INSERT INTO "base_countersumfromlastmaint" VALUES(9,0);
INSERT INTO "base_countersumfromlastmaint" VALUES(10,0);
INSERT INTO "base_countersumfromlastmaint" VALUES(11,0);
INSERT INTO "base_countersumfromlastmaint" VALUES(12,19);
INSERT INTO "base_countersumfromlastmaint" VALUES(13,0);
INSERT INTO "base_countersumfromlastmaint" VALUES(14,0);
INSERT INTO "base_countersumfromlastmaint" VALUES(15,1);
INSERT INTO "base_countersumfromlastmaint" VALUES(16,57990);
INSERT INTO "base_countersumfromlastmaint" VALUES(17,34043);
INSERT INTO "base_countersumfromlastmaint" VALUES(18,1201);
INSERT INTO "base_countersumfromlastmaint" VALUES(19,7689);
INSERT INTO "base_countersumfromlastmaint" VALUES(20,8);
INSERT INTO "base_countersumfromlastmaint" VALUES(21,50250);
INSERT INTO "base_countersumfromlastmaint" VALUES(22,22);
INSERT INTO "base_countersumfromlastmaint" VALUES(23,6);
INSERT INTO "base_countersumfromlastmaint" VALUES(24,23311);
INSERT INTO "base_countersumfromlastmaint" VALUES(25,33412);
INSERT INTO "base_countersumfromlastmaint" VALUES(26,0);
INSERT INTO "base_countersumfromlastmaint" VALUES(27,1);
INSERT INTO "base_countersumfromlastmaint" VALUES(28,50747);
INSERT INTO "base_countersumfromlastmaint" VALUES(29,15629);
INSERT INTO "base_countersumfromlastmaint" VALUES(30,52847);
INSERT INTO "base_countersumfromlastmaint" VALUES(31,4409);
INSERT INTO "base_countersumfromlastmaint" VALUES(32,8625);
INSERT INTO "base_countersumfromlastmaint" VALUES(33,47531);
INSERT INTO "base_countersumfromlastmaint" VALUES(34,2752);
INSERT INTO "base_countersumfromlastmaint" VALUES(35,31145);
INSERT INTO "base_countersumfromlastmaint" VALUES(36,15785);
INSERT INTO "base_countersumfromlastmaint" VALUES(37,7699);
INSERT INTO "base_countersumfromlastmaint" VALUES(38,10154);
INSERT INTO "base_countersumfromlastmaint" VALUES(39,79);
INSERT INTO "base_countersumfromlastmaint" VALUES(40,12435);
INSERT INTO "base_countersumfromlastmaint" VALUES(41,22013);
INSERT INTO "base_countersumfromlastmaint" VALUES(42,15752);
INSERT INTO "base_countersumfromlastmaint" VALUES(43,8021);
INSERT INTO "base_countersumfromlastmaint" VALUES(44,36508);
INSERT INTO "base_countersumfromlastmaint" VALUES(45,10423);
INSERT INTO "base_countersumfromlastmaint" VALUES(46,36782);
INSERT INTO "base_countersumfromlastmaint" VALUES(47,109707);
INSERT INTO "base_countersumfromlastmaint" VALUES(48,1);
INSERT INTO "base_countersumfromlastmaint" VALUES(49,194);
INSERT INTO "base_countersumfromlastmaint" VALUES(50,6482);
INSERT INTO "base_countersumfromlastmaint" VALUES(51,18716);
INSERT INTO "base_countersumfromlastmaint" VALUES(52,56306);
INSERT INTO "base_countersumfromlastmaint" VALUES(53,3828);
INSERT INTO "base_countersumfromlastmaint" VALUES(54,21089);
INSERT INTO "base_countersumfromlastmaint" VALUES(55,787);
INSERT INTO "base_countersumfromlastmaint" VALUES(56,511);
INSERT INTO "base_countersumfromlastmaint" VALUES(57,24895);
INSERT INTO "base_countersumfromlastmaint" VALUES(58,5215);
INSERT INTO "base_countersumfromlastmaint" VALUES(59,581);
INSERT INTO "base_countersumfromlastmaint" VALUES(60,4447);
INSERT INTO "base_countersumfromlastmaint" VALUES(61,5220);
INSERT INTO "base_countersumfromlastmaint" VALUES(62,2587);
INSERT INTO "base_countersumfromlastmaint" VALUES(63,967);
INSERT INTO "base_countersumfromlastmaint" VALUES(64,1707);
INSERT INTO "base_countersumfromlastmaint" VALUES(65,801);
INSERT INTO "base_countersumfromlastmaint" VALUES(66,4933);
INSERT INTO "base_countersumfromlastmaint" VALUES(67,2660);
INSERT INTO "base_countersumfromlastmaint" VALUES(68,3728);
INSERT INTO "base_countersumfromlastmaint" VALUES(69,3);
INSERT INTO "base_countersumfromlastmaint" VALUES(70,1424);
INSERT INTO "base_countersumfromlastmaint" VALUES(71,186);
INSERT INTO "base_countersumfromlastmaint" VALUES(72,784);
INSERT INTO "base_countersumfromlastmaint" VALUES(73,5);
INSERT INTO "base_countersumfromlastmaint" VALUES(74,12);
INSERT INTO "base_countersumfromlastmaint" VALUES(75,7);
INSERT INTO "base_countersumfromlastmaint" VALUES(76,1);
INSERT INTO "base_countersumfromlastmaint" VALUES(77,1);
INSERT INTO "base_countersumfromlastmaint" VALUES(78,7);
INSERT INTO "base_countersumfromlastmaint" VALUES(79,110);
CREATE TABLE "base_fixture" ("id" integer NOT NULL PRIMARY KEY AUTOINCREMENT, "name" varchar(255) NOT NULL, "created_date" datetime NOT NULL, "counter_last_maint_id" bigint NULL REFERENCES "base_countersumfromlastmaint" ("id") DEFERRABLE INITIALLY DEFERRED, "counter_all_id" bigint NULL REFERENCES "base_fullcounter" ("id") DEFERRABLE INITIALLY DEFERRED, "cycles_limit" integer NOT NULL);
INSERT INTO "base_fixture" VALUES(17,'MARELLI TAYRON T1-640 STOP TURN SINGLE LH/RH','2025-04-15 12:46:50.801000',16,16,150000);
INSERT INTO "base_fixture" VALUES(18,'MARELLI SK49X BASIC T1 TURN/TAIL ECE UK LH/RH','2025-04-16 04:52:09.075000',17,17,150000);
INSERT INTO "base_fixture" VALUES(19,'MARELLI DAIMLER KIT LH/RH','2025-04-16 07:45:10.687000',18,18,150000);
INSERT INTO "base_fixture" VALUES(20,'VARROC L550HL LB/HB 1/2','2025-04-16 08:03:59.689000',19,19,150000);
INSERT INTO "base_fixture" VALUES(22,'MARELLI TAYRON T2-630 TAIL FOLIA RH/LH','2025-04-16 08:21:58.961000',21,21,150000);
INSERT INTO "base_fixture" VALUES(25,'MARELLI TAYRON T2-670 REVERSE FOG LH/RH','2025-04-16 10:54:22.590000',24,24,150000);
INSERT INTO "base_fixture" VALUES(26,'MARELLI TIGUAN VW336 HIGH T2 TURN STOP LH/RH','2025-04-16 12:48:53.797000',25,25,150000);
INSERT INTO "base_fixture" VALUES(29,'MARELLI TIGUAN VW336 HIGH T1 TURN STOP LH/RH','2025-04-18 12:47:12.015000',28,28,150000);
INSERT INTO "base_fixture" VALUES(30,'MARELLI TAYRON T2-650 LOGO CENTRAL','2025-04-18 13:49:48.283000',29,29,150000);
INSERT INTO "base_fixture" VALUES(31,'MARELLI TAYRON T1-630 TAIL LH/RH','2025-04-22 06:35:52.428000',30,30,150000);
INSERT INTO "base_fixture" VALUES(32,'NEXY-M MAIN ICT','2025-04-23 07:08:39.578000',31,31,150000);
INSERT INTO "base_fixture" VALUES(33,'MARELLI TAYRON T2-630 TAIL FOLIA LH/RH UK','2025-04-23 09:06:34.476000',32,32,150000);
INSERT INTO "base_fixture" VALUES(34,'MARELLI TONALE DRL AR965 KIT','2025-04-23 10:02:00.600000',33,33,150000);
INSERT INTO "base_fixture" VALUES(35,'MAGNA AUDI Q6 T1 TAIL SIDE RH/LH','2025-04-23 23:43:19.321000',34,34,150000);
INSERT INTO "base_fixture" VALUES(36,'Delonghi Defender Low3 V1','2025-04-24 08:46:28.834000',35,35,40000);
INSERT INTO "base_fixture" VALUES(37,'Delonghi Defender Low3 V1 SPEA61','2025-04-24 09:03:27.156000',36,36,40000);
INSERT INTO "base_fixture" VALUES(38,'MAGNA AUDI Q6 T1 STOP RH/LH','2025-04-24 09:48:21.833000',37,37,150000);
INSERT INTO "base_fixture" VALUES(39,'MAGNA AUDI Q6 T2 LOWER 01 LH/RH','2025-04-25 03:18:48.824000',38,38,150000);
INSERT INTO "base_fixture" VALUES(40,'MARELLI DAIMLER PCB1 ECU','2025-04-25 12:43:58.874000',39,39,150000);
INSERT INTO "base_fixture" VALUES(41,'MAGNA CADDY CITYVAN  TAIL B/UP RH/LH ECE','2025-04-28 13:45:27.400000',40,40,150000);
INSERT INTO "base_fixture" VALUES(42,'MARELLI SK49X T1 STOP LH/RH + T2 REV FOG UK RH','2025-04-29 11:34:06.056000',41,41,150000);
INSERT INTO "base_fixture" VALUES(43,'MAGNA CADDY CITYVAN FOG/REV LH/RH ECE','2025-05-06 21:01:59.573000',42,42,150000);
INSERT INTO "base_fixture" VALUES(44,'MAGNA CADDY CITYVAN STOP TAIL LH/RH ECE','2025-05-07 02:36:14.458000',43,43,150000);
INSERT INTO "base_fixture" VALUES(45,'MAGNA M182 T2 STOP TURN ECE/SAE LH/RH','2025-05-07 12:48:34.986000',44,44,150000);
INSERT INTO "base_fixture" VALUES(46,'MARELLI SK49X BASIC T2 REV FOG/REV ECE/UK LH/RH','2025-05-07 13:58:40.921000',45,45,150000);
INSERT INTO "base_fixture" VALUES(47,'MAGNA M182 T2 MAIN+FOG ECE/SAE LH/RH','2025-05-08 13:29:50.869000',46,46,100000);
INSERT INTO "base_fixture" VALUES(48,'MARELLI TIGUAN HIGH T2 TAIL LG REV/FOG UK LH/RH','2025-05-12 12:46:31.390000',47,47,150000);
INSERT INTO "base_fixture" VALUES(50,'DAIMLER PCB 3 to precise data','2025-05-13 07:36:02.777000',49,49,150000);
INSERT INTO "base_fixture" VALUES(51,'MARELLI CR3 T1 STOP TURN LH/RH','2025-05-13 08:42:04.227000',50,50,150000);
INSERT INTO "base_fixture" VALUES(52,'MAGNA AUDI Q6 T1 TAIL UPPER RH/LH','2025-05-13 09:04:44.858000',51,51,150000);
INSERT INTO "base_fixture" VALUES(53,'MARELLI TAYRON T2-647 TAIL+TURN LH/RH','2025-05-14 01:29:35.565000',52,52,150000);
INSERT INTO "base_fixture" VALUES(54,'MARELLI CR3 T2 TAIL ECU+LED SET','2025-05-14 10:16:19.289000',53,53,150000);
INSERT INTO "base_fixture" VALUES(55,'MAGNA AUDI Q6 T2 UPPER 01 LH/RH','2025-05-14 10:44:21.066000',54,54,150000);
INSERT INTO "base_fixture" VALUES(56,'VARROC L550HL SMALL OUTER','2025-05-15 04:17:00.254000',55,55,150000);
INSERT INTO "base_fixture" VALUES(57,'VARROC L550HL DRL_DI INNER OUTER','2025-05-15 07:28:19.272000',56,56,150000);
INSERT INTO "base_fixture" VALUES(58,'JAGUAR X391 FOG/REVERSE','2025-05-16 01:53:44.578000',57,57,50000);
INSERT INTO "base_fixture" VALUES(59,'MAGNA AUDI Q6 T2 UPPER 02 LH/RH','2025-05-16 03:09:45.140000',58,58,50000);
INSERT INTO "base_fixture" VALUES(60,'VARROC L550HL BLADE SAE','2025-05-16 04:10:25.135000',59,59,150000);
INSERT INTO "base_fixture" VALUES(61,'MAGNA AUDI Q6 T1 TAIL TURN RH/LH','2025-05-19 14:39:01.310000',60,60,150000);
INSERT INTO "base_fixture" VALUES(62,'MAGNA AUDI Q6 T2 LOWER 02 LH/RH','2025-05-20 08:25:14.819000',61,61,150000);
INSERT INTO "base_fixture" VALUES(63,'VARROC L550HL BLADE ECE','2025-05-23 04:17:41.009000',62,62,150000);
INSERT INTO "base_fixture" VALUES(64,'MAGNA M182 T1 STOP TURN SAE/ECE LH/RH','2025-05-26 06:22:05.933000',63,63,150000);
INSERT INTO "base_fixture" VALUES(65,'VARROC L550HL MIDDLE','2025-05-26 06:46:26.501000',64,64,150000);
INSERT INTO "base_fixture" VALUES(66,'VARROC L550HL SMALL INNER','2025-05-26 12:18:38.645000',65,65,150000);
INSERT INTO "base_fixture" VALUES(67,'MARELLI TONALE RL AR965 T2 STOP TAIL LH/RH','2025-05-29 08:29:32.181000',66,66,150000);
INSERT INTO "base_fixture" VALUES(68,'MARELLI TONALE RL AR965 T2 REV FOG LH/RH','2025-05-30 09:44:26.400000',67,67,150000);
INSERT INTO "base_fixture" VALUES(69,'MARELLI TONALE RL AR965 T1 STOP TAIL TURN ECE LH/RH','2025-06-03 05:14:34.932000',68,68,150000);
INSERT INTO "base_fixture" VALUES(71,'MARELLI HORNET T2 TAIL LH/RH','2025-07-03 02:18:26.439884',70,70,50000);
INSERT INTO "base_fixture" VALUES(72,'VARROC L550HL SM LH/RH','2025-07-07 10:00:38.607486',71,71,50000);
INSERT INTO "base_fixture" VALUES(73,'MARELLI HORNET T2 REVERSE LH/RH','2025-07-08 23:31:39.191044',72,72,50000);
INSERT INTO "base_fixture" VALUES(74,'MARELLI Lancia_L74_DRL_TI LH/RH','2025-07-25 12:50:28.400639',73,73,50000);
INSERT INTO "base_fixture" VALUES(75,'MARELLI_DAIMLER_T3_TAIL_REV_FOG_LH','2025-07-29 10:23:50.909037',74,74,50000);
INSERT INTO "base_fixture" VALUES(76,'MARELLI_DAILMER_T3_TAIL_REV_FOG_RH','2025-07-29 13:41:36.515696',75,75,50000);
INSERT INTO "base_fixture" VALUES(77,'DAILMER_T3_TAIL_REV_FOG_RH','2025-07-30 08:24:50.664045',76,76,50000);
INSERT INTO "base_fixture" VALUES(79,'MARELLI_DAIMLER_T3_TAIL_REV_FOG_RH','2025-07-30 08:48:30.347806',78,78,50000);
INSERT INTO "base_fixture" VALUES(80,'MARELLI Lancia_L74_CALICE_HORIZ LH/RH','2025-07-31 12:53:24.384454',79,79,50000);
CREATE TABLE "base_fullcounter" ("id" integer NOT NULL PRIMARY KEY AUTOINCREMENT, "counter" integer NOT NULL);
INSERT INTO "base_fullcounter" VALUES(1,45508);
INSERT INTO "base_fullcounter" VALUES(2,182);
INSERT INTO "base_fullcounter" VALUES(3,685);
INSERT INTO "base_fullcounter" VALUES(4,36003);
INSERT INTO "base_fullcounter" VALUES(5,20105);
INSERT INTO "base_fullcounter" VALUES(6,31);
INSERT INTO "base_fullcounter" VALUES(7,1);
INSERT INTO "base_fullcounter" VALUES(9,1012);
INSERT INTO "base_fullcounter" VALUES(10,79);
INSERT INTO "base_fullcounter" VALUES(11,3);
INSERT INTO "base_fullcounter" VALUES(12,112);
INSERT INTO "base_fullcounter" VALUES(13,1);
INSERT INTO "base_fullcounter" VALUES(14,31);
INSERT INTO "base_fullcounter" VALUES(15,1);
INSERT INTO "base_fullcounter" VALUES(16,57990);
INSERT INTO "base_fullcounter" VALUES(17,34043);
INSERT INTO "base_fullcounter" VALUES(18,1201);
INSERT INTO "base_fullcounter" VALUES(19,7689);
INSERT INTO "base_fullcounter" VALUES(20,8);
INSERT INTO "base_fullcounter" VALUES(21,50250);
INSERT INTO "base_fullcounter" VALUES(22,22);
INSERT INTO "base_fullcounter" VALUES(23,6);
INSERT INTO "base_fullcounter" VALUES(24,23311);
INSERT INTO "base_fullcounter" VALUES(25,113921);
INSERT INTO "base_fullcounter" VALUES(26,1);
INSERT INTO "base_fullcounter" VALUES(27,1);
INSERT INTO "base_fullcounter" VALUES(28,164063);
INSERT INTO "base_fullcounter" VALUES(29,15629);
INSERT INTO "base_fullcounter" VALUES(30,52847);
INSERT INTO "base_fullcounter" VALUES(31,324481);
INSERT INTO "base_fullcounter" VALUES(32,8625);
INSERT INTO "base_fullcounter" VALUES(33,47531);
INSERT INTO "base_fullcounter" VALUES(34,2752);
INSERT INTO "base_fullcounter" VALUES(35,84978);
INSERT INTO "base_fullcounter" VALUES(36,57664);
INSERT INTO "base_fullcounter" VALUES(37,7699);
INSERT INTO "base_fullcounter" VALUES(38,10154);
INSERT INTO "base_fullcounter" VALUES(39,220);
INSERT INTO "base_fullcounter" VALUES(40,12435);
INSERT INTO "base_fullcounter" VALUES(41,22013);
INSERT INTO "base_fullcounter" VALUES(42,15752);
INSERT INTO "base_fullcounter" VALUES(43,8021);
INSERT INTO "base_fullcounter" VALUES(44,36508);
INSERT INTO "base_fullcounter" VALUES(45,10423);
INSERT INTO "base_fullcounter" VALUES(46,36782);
INSERT INTO "base_fullcounter" VALUES(47,109707);
INSERT INTO "base_fullcounter" VALUES(48,1);
INSERT INTO "base_fullcounter" VALUES(49,196);
INSERT INTO "base_fullcounter" VALUES(50,6482);
INSERT INTO "base_fullcounter" VALUES(51,18716);
INSERT INTO "base_fullcounter" VALUES(52,56306);
INSERT INTO "base_fullcounter" VALUES(53,3828);
INSERT INTO "base_fullcounter" VALUES(54,21089);
INSERT INTO "base_fullcounter" VALUES(55,787);
INSERT INTO "base_fullcounter" VALUES(56,511);
INSERT INTO "base_fullcounter" VALUES(57,24895);
INSERT INTO "base_fullcounter" VALUES(58,5215);
INSERT INTO "base_fullcounter" VALUES(59,581);
INSERT INTO "base_fullcounter" VALUES(60,4447);
INSERT INTO "base_fullcounter" VALUES(61,5220);
INSERT INTO "base_fullcounter" VALUES(62,2587);
INSERT INTO "base_fullcounter" VALUES(63,967);
INSERT INTO "base_fullcounter" VALUES(64,1707);
INSERT INTO "base_fullcounter" VALUES(65,801);
INSERT INTO "base_fullcounter" VALUES(66,4933);
INSERT INTO "base_fullcounter" VALUES(67,2660);
INSERT INTO "base_fullcounter" VALUES(68,3728);
INSERT INTO "base_fullcounter" VALUES(69,3);
INSERT INTO "base_fullcounter" VALUES(70,1424);
INSERT INTO "base_fullcounter" VALUES(71,186);
INSERT INTO "base_fullcounter" VALUES(72,784);
INSERT INTO "base_fullcounter" VALUES(73,5);
INSERT INTO "base_fullcounter" VALUES(74,12);
INSERT INTO "base_fullcounter" VALUES(75,7);
INSERT INTO "base_fullcounter" VALUES(76,1);
INSERT INTO "base_fullcounter" VALUES(77,1);
INSERT INTO "base_fullcounter" VALUES(78,7);
INSERT INTO "base_fullcounter" VALUES(79,110);
CREATE TABLE "base_machine" ("id" integer NOT NULL PRIMARY KEY AUTOINCREMENT, "machine_name" varchar(255) NOT NULL, "machine_id" varchar(255) NULL);
CREATE TABLE "base_machinecondition" ("id" integer NOT NULL PRIMARY KEY AUTOINCREMENT, "last_variant" varchar(255) NULL, "machine_id" bigint NOT NULL UNIQUE REFERENCES "base_machine" ("id") DEFERRABLE INITIALLY DEFERRED);
CREATE TABLE "checkprocess_apptokill" ("id" integer NOT NULL PRIMARY KEY AUTOINCREMENT, "killing_flag" bool NOT NULL, "line_name_id" bigint NOT NULL REFERENCES "checkprocess_place" ("id") DEFERRABLE INITIALLY DEFERRED);
INSERT INTO "checkprocess_apptokill" VALUES(1,0,4);
CREATE TABLE "checkprocess_backmapprocess" ("id" integer NOT NULL PRIMARY KEY AUTOINCREMENT, "back_id" bigint NOT NULL REFERENCES "checkprocess_productprocess" ("id") DEFERRABLE INITIALLY DEFERRED, "front_id" bigint NOT NULL REFERENCES "checkprocess_productprocess" ("id") DEFERRABLE INITIALLY DEFERRED);
INSERT INTO "checkprocess_backmapprocess" VALUES(1,2,3);
CREATE TABLE "checkprocess_edge" ("id" char(32) NOT NULL PRIMARY KEY, "animated" bool NOT NULL, "edge_type" varchar(50) NOT NULL, "label" varchar(200) NULL, "source_id" char(32) NOT NULL REFERENCES "checkprocess_node" ("id") DEFERRABLE INITIALLY DEFERRED, "target_id" char(32) NOT NULL REFERENCES "checkprocess_node" ("id") DEFERRABLE INITIALLY DEFERRED);
CREATE TABLE "checkprocess_node" ("id" char(32) NOT NULL PRIMARY KEY, "label" varchar(255) NOT NULL, "type" varchar(255) NOT NULL, "pos_x" real NOT NULL, "pos_y" real NOT NULL);
CREATE TABLE "checkprocess_place" ("id" integer NOT NULL PRIMARY KEY AUTOINCREMENT, "name" varchar(255) NOT NULL, "process_id" bigint NULL REFERENCES "checkprocess_productprocess" ("id") DEFERRABLE INITIALLY DEFERRED, "only_one_product_object" bool NOT NULL);
INSERT INTO "checkprocess_place" VALUES(1,'Lodowka 1',1,0);
INSERT INTO "checkprocess_place" VALUES(2,'Lodowka 2',1,0);
INSERT INTO "checkprocess_place" VALUES(3,'Szafa 1',2,0);
INSERT INTO "checkprocess_place" VALUES(4,'Linia14',3,0);
INSERT INTO "checkprocess_place" VALUES(5,'222',NULL,0);
INSERT INTO "checkprocess_place" VALUES(6,'Linia13',NULL,0);
INSERT INTO "checkprocess_place" VALUES(7,'dsfsdf',NULL,0);
INSERT INTO "checkprocess_place" VALUES(8,'fwf',NULL,0);
INSERT INTO "checkprocess_place" VALUES(9,'wferg',NULL,0);
INSERT INTO "checkprocess_place" VALUES(10,'Lodowka 3',NULL,0);
INSERT INTO "checkprocess_place" VALUES(11,'Kosz',NULL,0);
CREATE TABLE "checkprocess_product" ("id" integer NOT NULL PRIMARY KEY AUTOINCREMENT, "name" varchar(255) NOT NULL);
INSERT INTO "checkprocess_product" VALUES(1,'Pasta Lutownicza');
INSERT INTO "checkprocess_product" VALUES(2,'Sito');
CREATE TABLE "checkprocess_productobject" ("id" integer NOT NULL PRIMARY KEY AUTOINCREMENT, "serial_number" varchar(255) NOT NULL UNIQUE, "created_at" datetime NOT NULL, "product_id" bigint NOT NULL REFERENCES "checkprocess_product" ("id") DEFERRABLE INITIALLY DEFERRED, "expire_date" date NULL, "current_place_id" bigint NULL REFERENCES "checkprocess_place" ("id") DEFERRABLE INITIALLY DEFERRED, "current_process_id" bigint NULL REFERENCES "checkprocess_productprocess" ("id") DEFERRABLE INITIALLY DEFERRED, "exp_date_in_process" date NULL, "full_sn" varchar(255) NULL UNIQUE, "production_date" date NULL, "quranteen_time" datetime NULL, "is_mother" bool NOT NULL, "ex_mother" varchar(255) NULL, "end" bool NOT NULL, "mother_object_id" bigint NULL REFERENCES "checkprocess_productobject" ("id") DEFERRABLE INITIALLY DEFERRED);
INSERT INTO "checkprocess_productobject" VALUES(23,'529163632542','2025-06-25 11:17:01.166028',1,'2025-12-14',11,4,NULL,'[)>@06@1P262298@1T52916363@3SM529163632542@Q12KGM000@6D20250617@14D20251214@@','2025-06-17',NULL,1,NULL,1,NULL);
INSERT INTO "checkprocess_productobject" VALUES(24,'529163632548','2025-06-25 11:17:14.702585',1,'2025-12-14',11,4,NULL,'[)>@06@1P262298@1T52916363@3SM529163632548@Q12KGM000@6D20250617@14D20251214@@','2025-06-17',NULL,1,NULL,1,NULL);
INSERT INTO "checkprocess_productobject" VALUES(25,'529163632550','2025-06-25 11:30:46.115772',1,'2025-12-14',11,4,NULL,'[)>@06@1P262298@1T52916363@3SM529163632550@Q12KGM000@6D20250617@14D20251214@@','2025-06-17',NULL,1,NULL,1,NULL);
INSERT INTO "checkprocess_productobject" VALUES(26,'529163632546','2025-06-25 11:31:02.830622',1,'2025-12-14',11,4,NULL,'[)>@06@1P262298@1T52916363@3SM529163632546@Q12KGM000@6D20250617@14D20251214@@','2025-06-17',NULL,1,NULL,1,NULL);
INSERT INTO "checkprocess_productobject" VALUES(27,'529163632551','2025-06-25 11:31:47.076433',1,'2025-12-14',11,4,NULL,'[)>@06@1P262298@1T52916363@3SM529163632551@Q12KGM000@6D20250617@14D20251214@@','2025-06-17',NULL,1,NULL,1,NULL);
INSERT INTO "checkprocess_productobject" VALUES(28,'529163632549','2025-06-25 11:32:13.268767',1,'2025-12-14',11,4,NULL,'[)>@06@1P262298@1T52916363@3SM529163632549@Q12KGM000@6D20250617@14D20251214@@','2025-06-17',NULL,1,NULL,1,NULL);
INSERT INTO "checkprocess_productobject" VALUES(29,'529163632554','2025-06-25 11:32:24.124969',1,'2025-12-13',3,2,'2025-07-10','[)>@06@1P262298@1T52916363@3SM529163632554@Q12KGM000@6D20250617@14D20251214@@','2025-06-17','2025-06-27 07:04:07.713053',1,NULL,0,NULL);
INSERT INTO "checkprocess_productobject" VALUES(30,'529163632538','2025-06-25 11:33:06.577927',1,'2025-12-14',11,4,NULL,'[)>@06@1P262298@1T52916363@3SM529163632538@Q12KGM000@6D20250617@14D20251214@@','2025-06-17',NULL,1,NULL,1,NULL);
INSERT INTO "checkprocess_productobject" VALUES(31,'529163632553','2025-06-25 11:33:14.881809',1,'2025-12-14',11,4,NULL,'[)>@06@1P262298@1T52916363@3SM529163632553@Q12KGM000@6D20250617@14D20251214@@','2025-06-17',NULL,1,NULL,1,NULL);
INSERT INTO "checkprocess_productobject" VALUES(32,'529163632552','2025-06-25 11:33:22.222862',1,'2025-12-14',11,4,NULL,'[)>@06@1P262298@1T52916363@3SM529163632552@Q12KGM000@6D20250617@14D20251214@@','2025-06-17',NULL,1,NULL,1,NULL);
INSERT INTO "checkprocess_productobject" VALUES(33,'529163632545','2025-06-25 11:33:32.206318',1,'2025-12-14',11,4,NULL,'[)>@06@1P262298@1T52916363@3SM529163632545@Q12KGM000@6D20250617@14D20251214@@','2025-06-17',NULL,1,NULL,1,NULL);
INSERT INTO "checkprocess_productobject" VALUES(34,'529163632540','2025-06-25 11:33:42.152418',1,'2025-12-14',11,4,NULL,'[)>@06@1P262298@1T52916363@3SM529163632540@Q12KGM000@6D20250617@14D20251214@@','2025-06-17',NULL,1,NULL,1,NULL);
INSERT INTO "checkprocess_productobject" VALUES(35,'529163632547','2025-06-25 11:34:21.114497',1,'2025-12-14',11,4,NULL,'[)>@06@1P262298@1T52916363@3SM529163632547@Q12KGM000@6D20250617@14D20251214@@','2025-06-17',NULL,1,NULL,1,NULL);
INSERT INTO "checkprocess_productobject" VALUES(36,'529163632541','2025-06-25 11:34:52.119167',1,'2025-12-14',11,4,NULL,'[)>@06@1P262298@1T52916363@3SM529163632541@Q12KGM000@6D20250617@14D20251214@@','2025-06-17',NULL,1,NULL,1,NULL);
INSERT INTO "checkprocess_productobject" VALUES(37,'529163632539','2025-06-25 11:34:59.792019',1,'2025-12-14',11,4,NULL,'[)>@06@1P262298@1T52916363@3SM529163632539@Q12KGM000@6D20250617@14D20251214@@','2025-06-17',NULL,1,NULL,1,NULL);
INSERT INTO "checkprocess_productobject" VALUES(38,'529163632544','2025-06-25 11:35:07.123357',1,'2025-12-14',11,4,NULL,'[)>@06@1P262298@1T52916363@3SM529163632544@Q12KGM000@6D20250617@14D20251214@@','2025-06-17',NULL,1,NULL,1,NULL);
INSERT INTO "checkprocess_productobject" VALUES(39,'529163632543','2025-06-25 11:35:14.401947',1,'2025-12-14',11,4,NULL,'[)>@06@1P262298@1T52916363@3SM529163632543@Q12KGM000@6D20250617@14D20251214@@','2025-06-17',NULL,1,NULL,1,NULL);
INSERT INTO "checkprocess_productobject" VALUES(40,'52916363627','2025-06-26 06:52:07.560611',1,'2025-12-14',3,2,'2025-07-10','[)>@06@1P262298@1T52916363@3SS52916363627@Q0KGM600@6D20250617@14D20251214@@','2025-06-17','2025-06-27 07:04:07.713053',0,NULL,0,29);
INSERT INTO "checkprocess_productobject" VALUES(41,'52916363629','2025-06-26 06:52:12.290692',1,'2025-12-14',3,2,'2025-07-10','[)>@06@1P262298@1T52916363@3SS52916363629@Q0KGM600@6D20250617@14D20251214@@','2025-06-17','2025-06-27 07:04:07.728674',0,NULL,0,29);
INSERT INTO "checkprocess_productobject" VALUES(42,'52916363642','2025-06-26 06:52:15.712714',1,'2025-12-14',3,2,'2025-07-10','[)>@06@1P262298@1T52916363@3SS52916363642@Q0KGM600@6D20250617@14D20251214@@','2025-06-17','2025-06-27 07:04:07.728674',0,NULL,0,29);
INSERT INTO "checkprocess_productobject" VALUES(43,'52916363636','2025-06-26 06:52:25.930423',1,'2025-12-14',3,2,'2025-07-10','[)>@06@1P262298@1T52916363@3SS52916363636@Q0KGM600@6D20250617@14D20251214@@','2025-06-17','2025-06-27 07:04:07.728674',0,NULL,0,29);
INSERT INTO "checkprocess_productobject" VALUES(44,'52916363628','2025-06-26 06:52:34.974089',1,'2025-12-14',3,2,'2025-07-10','[)>@06@1P262298@1T52916363@3SS52916363628@Q0KGM600@6D20250617@14D20251214@@','2025-06-17','2025-06-27 07:04:07.728674',0,NULL,0,29);
INSERT INTO "checkprocess_productobject" VALUES(45,'52916363630','2025-06-26 06:52:50.820820',1,'2025-12-14',3,2,'2025-07-10','[)>@06@1P262298@1T52916363@3SS52916363630@Q0KGM600@6D20250617@14D20251214@@','2025-06-17','2025-06-27 07:04:07.744284',0,NULL,0,29);
INSERT INTO "checkprocess_productobject" VALUES(46,'52916363633','2025-06-26 06:52:55.228175',1,'2025-12-14',3,2,'2025-07-10','[)>@06@1P262298@1T52916363@3SS52916363633@Q0KGM600@6D20250617@14D20251214@@','2025-06-17','2025-06-27 07:04:07.744284',0,NULL,0,29);
INSERT INTO "checkprocess_productobject" VALUES(47,'52916363637','2025-06-26 06:52:58.620977',1,'2025-12-14',3,2,'2025-07-10','[)>@06@1P262298@1T52916363@3SS52916363637@Q0KGM600@6D20250617@14D20251214@@','2025-06-17','2025-06-27 07:04:07.744284',0,NULL,0,29);
INSERT INTO "checkprocess_productobject" VALUES(48,'52916363626','2025-06-26 06:53:02.704297',1,'2025-12-14',3,2,'2025-07-10','[)>@06@1P262298@1T52916363@3SS52916363626@Q0KGM600@6D20250617@14D20251214@@','2025-06-17','2025-06-27 07:04:07.744284',0,NULL,0,29);
INSERT INTO "checkprocess_productobject" VALUES(49,'52916363645','2025-06-26 06:53:06.802421',1,'2025-12-14',3,2,'2025-07-10','[)>@06@1P262298@1T52916363@3SS52916363645@Q0KGM600@6D20250617@14D20251214@@','2025-06-17','2025-06-27 07:04:07.744284',0,NULL,0,29);
INSERT INTO "checkprocess_productobject" VALUES(50,'52916363643','2025-06-26 06:53:10.353936',1,'2025-12-14',3,2,'2025-07-10','[)>@06@1P262298@1T52916363@3SS52916363643@Q0KGM600@6D20250617@14D20251214@@','2025-06-17','2025-06-27 07:04:07.759905',0,NULL,0,29);
INSERT INTO "checkprocess_productobject" VALUES(51,'52916363635','2025-06-26 06:53:16.316185',1,'2025-12-14',3,2,'2025-07-10','[)>@06@1P262298@1T52916363@3SS52916363635@Q0KGM600@6D20250617@14D20251214@@','2025-06-17','2025-06-27 07:04:07.759905',0,NULL,0,29);
INSERT INTO "checkprocess_productobject" VALUES(52,'52916363625','2025-06-26 06:53:19.328375',1,'2025-12-14',3,2,'2025-07-10','[)>@06@1P262298@1T52916363@3SS52916363625@Q0KGM600@6D20250617@14D20251214@@','2025-06-17','2025-06-27 07:04:07.759905',0,NULL,0,29);
INSERT INTO "checkprocess_productobject" VALUES(53,'52916363631','2025-06-26 06:53:22.886383',1,'2025-12-14',3,2,'2025-07-10','[)>@06@1P262298@1T52916363@3SS52916363631@Q0KGM600@6D20250617@14D20251214@@','2025-06-17','2025-06-27 07:04:07.759905',0,NULL,0,29);
INSERT INTO "checkprocess_productobject" VALUES(54,'52916363632','2025-06-26 06:53:28.381315',1,'2025-12-14',3,2,'2025-07-10','[)>@06@1P262298@1T52916363@3SS52916363632@Q0KGM600@6D20250617@14D20251214@@','2025-06-17','2025-06-27 07:04:07.759905',0,NULL,0,29);
INSERT INTO "checkprocess_productobject" VALUES(55,'52916363638','2025-06-26 06:53:31.606999',1,'2025-12-14',3,2,'2025-07-10','[)>@06@1P262298@1T52916363@3SS52916363638@Q0KGM600@6D20250617@14D20251214@@','2025-06-17','2025-06-27 07:04:07.775529',0,NULL,0,29);
INSERT INTO "checkprocess_productobject" VALUES(56,'52916363624','2025-06-26 06:53:34.144010',1,'2025-12-14',3,2,'2025-07-10','[)>@06@1P262298@1T52916363@3SS52916363624@Q0KGM600@6D20250617@14D20251214@@','2025-06-17','2025-06-27 07:04:07.775529',0,NULL,0,29);
INSERT INTO "checkprocess_productobject" VALUES(57,'52916363657','2025-06-26 06:53:37.900874',1,'2025-12-14',3,2,'2025-07-10','[)>@06@1P262298@1T52916363@3SS52916363657@Q0KGM600@6D20250617@14D20251214@@','2025-06-17','2025-06-27 07:04:07.775529',0,NULL,0,29);
INSERT INTO "checkprocess_productobject" VALUES(58,'52916363644','2025-06-26 06:53:42.129249',1,'2025-12-14',4,3,'2025-07-10','[)>@06@1P262298@1T52916363@3SS52916363644@Q0KGM600@6D20250617@14D20251214@@','2025-06-17','2025-06-27 07:04:07.775529',0,'529163632554',0,NULL);
INSERT INTO "checkprocess_productobject" VALUES(59,'52916363634','2025-06-26 06:53:46.823842',1,'2025-12-14',3,2,'2025-07-10','[)>@06@1P262298@1T52916363@3SS52916363634@Q0KGM600@6D20250617@14D20251214@@','2025-06-17','2025-06-27 07:04:07.775529',0,NULL,0,29);
INSERT INTO "checkprocess_productobject" VALUES(60,'529163643201','2025-07-02 08:42:59.655699',1,'2025-12-23',11,4,NULL,'[)>@06@1P262298@1T52916364@3SM529163643201@Q12KGM000@6D20250626@14D20251223@@','2025-06-26',NULL,1,NULL,1,NULL);
INSERT INTO "checkprocess_productobject" VALUES(61,'529163643200','2025-07-02 08:43:15.790801',1,'2025-12-23',11,4,NULL,'[)>@06@1P262298@1T52916364@3SM529163643200@Q12KGM000@6D20250626@14D20251223@@','2025-06-26',NULL,1,NULL,1,NULL);
INSERT INTO "checkprocess_productobject" VALUES(62,'529163643202','2025-07-02 08:43:21.763114',1,'2025-12-23',11,4,NULL,'[)>@06@1P262298@1T52916364@3SM529163643202@Q12KGM000@6D20250626@14D20251223@@','2025-06-26',NULL,1,NULL,1,NULL);
INSERT INTO "checkprocess_productobject" VALUES(63,'529163643203','2025-07-02 08:43:25.382871',1,'2025-12-23',11,4,NULL,'[)>@06@1P262298@1T52916364@3SM529163643203@Q12KGM000@6D20250626@14D20251223@@','2025-06-26',NULL,1,NULL,1,NULL);
INSERT INTO "checkprocess_productobject" VALUES(64,'529163643204','2025-07-02 08:43:28.129562',1,'2025-12-23',11,4,NULL,'[)>@06@1P262298@1T52916364@3SM529163643204@Q12KGM000@6D20250626@14D20251223@@','2025-06-26',NULL,1,NULL,1,NULL);
INSERT INTO "checkprocess_productobject" VALUES(65,'529163643187','2025-07-02 08:43:35.731097',1,'2025-12-23',11,4,NULL,'[)>@06@1P262298@1T52916364@3SM529163643187@Q12KGM000@6D20250626@14D20251223@@','2025-06-26',NULL,1,NULL,1,NULL);
INSERT INTO "checkprocess_productobject" VALUES(66,'529163643190','2025-07-02 08:43:39.934259',1,'2025-12-23',11,4,NULL,'[)>@06@1P262298@1T52916364@3SM529163643190@Q12KGM000@6D20250626@14D20251223@@','2025-06-26',NULL,1,NULL,1,NULL);
INSERT INTO "checkprocess_productobject" VALUES(67,'529163643193','2025-07-02 08:43:42.485937',1,'2025-12-23',11,4,NULL,'[)>@06@1P262298@1T52916364@3SM529163643193@Q12KGM000@6D20250626@14D20251223@@','2025-06-26',NULL,1,NULL,1,NULL);
INSERT INTO "checkprocess_productobject" VALUES(68,'529163643196','2025-07-02 08:43:47.252928',1,'2025-12-23',11,4,NULL,'[)>@06@1P262298@1T52916364@3SM529163643196@Q12KGM000@6D20250626@14D20251223@@','2025-06-26',NULL,1,NULL,1,NULL);
INSERT INTO "checkprocess_productobject" VALUES(69,'529163643197','2025-07-02 08:43:54.009616',1,'2025-12-23',11,4,NULL,'[)>@06@1P262298@1T52916364@3SM529163643197@Q12KGM000@6D20250626@14D20251223@@','2025-06-26',NULL,1,NULL,1,NULL);
INSERT INTO "checkprocess_productobject" VALUES(70,'529163643192','2025-07-02 08:44:00.127184',1,'2025-12-23',11,4,NULL,'[)>@06@1P262298@1T52916364@3SM529163643192@Q12KGM000@6D20250626@14D20251223@@','2025-06-26',NULL,1,NULL,1,NULL);
INSERT INTO "checkprocess_productobject" VALUES(71,'529163643195','2025-07-02 08:44:06.801225',1,'2025-12-23',11,4,NULL,'[)>@06@1P262298@1T52916364@3SM529163643195@Q12KGM000@6D20250626@14D20251223@@','2025-06-26',NULL,1,NULL,1,NULL);
INSERT INTO "checkprocess_productobject" VALUES(72,'529163643198','2025-07-02 08:44:18.676053',1,'2025-12-23',11,4,NULL,'[)>@06@1P262298@1T52916364@3SM529163643198@Q12KGM000@6D20250626@14D20251223@@','2025-06-26',NULL,1,NULL,1,NULL);
INSERT INTO "checkprocess_productobject" VALUES(73,'529163643194','2025-07-02 08:44:23.298322',1,'2025-12-23',11,4,NULL,'[)>@06@1P262298@1T52916364@3SM529163643194@Q12KGM000@6D20250626@14D20251223@@','2025-06-26',NULL,1,NULL,1,NULL);
INSERT INTO "checkprocess_productobject" VALUES(74,'529163643199','2025-07-02 08:44:25.318182',1,'2025-12-23',11,4,NULL,'[)>@06@1P262298@1T52916364@3SM529163643199@Q12KGM000@6D20250626@14D20251223@@','2025-06-26',NULL,1,NULL,1,NULL);
INSERT INTO "checkprocess_productobject" VALUES(75,'529163643185','2025-07-02 08:49:30.714283',1,'2025-12-23',11,4,NULL,'[)>@06@1P262298@1T52916364@3SM529163643185@Q12KGM000@6D20250626@14D20251223@@','2025-06-26',NULL,1,NULL,1,NULL);
INSERT INTO "checkprocess_productobject" VALUES(76,'529163643188','2025-07-02 08:49:33.501063',1,'2025-12-23',11,4,NULL,'[)>@06@1P262298@1T52916364@3SM529163643188@Q12KGM000@6D20250626@14D20251223@@','2025-06-26',NULL,1,NULL,1,NULL);
INSERT INTO "checkprocess_productobject" VALUES(77,'529163643191','2025-07-02 08:49:36.261207',1,'2025-12-23',11,4,NULL,'[)>@06@1P262298@1T52916364@3SM529163643191@Q12KGM000@6D20250626@14D20251223@@','2025-06-26',NULL,1,NULL,1,NULL);
INSERT INTO "checkprocess_productobject" VALUES(78,'529163643186','2025-07-02 08:49:38.552615',1,'2025-12-23',11,4,NULL,'[)>@06@1P262298@1T52916364@3SM529163643186@Q12KGM000@6D20250626@14D20251223@@','2025-06-26',NULL,1,NULL,1,NULL);
INSERT INTO "checkprocess_productobject" VALUES(79,'529163643189','2025-07-02 08:49:43.217481',1,'2025-12-23',11,4,NULL,'[)>@06@1P262298@1T52916364@3SM529163643189@Q12KGM000@6D20250626@14D20251223@@','2025-06-26',NULL,1,NULL,1,NULL);
INSERT INTO "checkprocess_productobject" VALUES(80,'529163653877','2025-07-09 06:40:46.056180',1,'2025-12-29',11,4,NULL,'[)>@06@1P262298@1T52916365@3SM529163653877@Q12KGM000@6D20250702@14D20251229@@','2025-07-02',NULL,1,NULL,1,NULL);
INSERT INTO "checkprocess_productobject" VALUES(81,'529163653880','2025-07-09 06:40:54.286366',1,'2025-12-29',1,1,NULL,'[)>@06@1P262298@1T52916365@3SM529163653880@Q12KGM000@6D20250702@14D20251229@@','2025-07-02',NULL,1,NULL,0,NULL);
INSERT INTO "checkprocess_productobject" VALUES(82,'529163653882','2025-07-09 06:41:03.088943',1,'2025-12-29',11,4,NULL,'[)>@06@1P262298@1T52916365@3SM529163653882@Q12KGM000@6D20250702@14D20251229@@','2025-07-02',NULL,1,NULL,1,NULL);
INSERT INTO "checkprocess_productobject" VALUES(83,'529163653884','2025-07-09 06:41:10.622274',1,'2025-12-29',1,1,NULL,'[)>@06@1P262298@1T52916365@3SM529163653884@Q12KGM000@6D20250702@14D20251229@@','2025-07-02',NULL,1,NULL,0,NULL);
INSERT INTO "checkprocess_productobject" VALUES(84,'529163653881','2025-07-09 06:41:19.077046',1,'2025-12-29',1,1,NULL,'[)>@06@1P262298@1T52916365@3SM529163653881@Q12KGM000@6D20250702@14D20251229@@','2025-07-02',NULL,1,NULL,0,NULL);
INSERT INTO "checkprocess_productobject" VALUES(85,'529163653888','2025-07-09 06:41:26.042658',1,'2025-12-29',1,1,NULL,'[)>@06@1P262298@1T52916365@3SM529163653888@Q12KGM000@6D20250702@14D20251229@@','2025-07-02',NULL,1,NULL,0,NULL);
INSERT INTO "checkprocess_productobject" VALUES(86,'529163653886','2025-07-09 06:41:29.677912',1,'2025-12-29',1,1,NULL,'[)>@06@1P262298@1T52916365@3SM529163653886@Q12KGM000@6D20250702@14D20251229@@','2025-07-02',NULL,1,NULL,0,NULL);
INSERT INTO "checkprocess_productobject" VALUES(87,'529163653883','2025-07-09 06:41:34.399544',1,'2025-12-29',1,1,NULL,'[)>@06@1P262298@1T52916365@3SM529163653883@Q12KGM000@6D20250702@14D20251229@@','2025-07-02',NULL,1,NULL,0,NULL);
INSERT INTO "checkprocess_productobject" VALUES(88,'529163653878','2025-07-09 06:41:37.458163',1,'2025-12-29',1,1,NULL,'[)>@06@1P262298@1T52916365@3SM529163653878@Q12KGM000@6D20250702@14D20251229@@','2025-07-02',NULL,1,NULL,0,NULL);
INSERT INTO "checkprocess_productobject" VALUES(89,'529163653875','2025-07-09 06:41:42.747774',1,'2025-12-29',1,1,NULL,'[)>@06@1P262298@1T52916365@3SM529163653875@Q12KGM000@6D20250702@14D20251229@@','2025-07-02',NULL,1,NULL,0,NULL);
INSERT INTO "checkprocess_productobject" VALUES(90,'529163653876','2025-07-09 06:41:47.650943',1,'2025-12-29',1,1,NULL,'[)>@06@1P262298@1T52916365@3SM529163653876@Q12KGM000@6D20250702@14D20251229@@','2025-07-02',NULL,1,NULL,0,NULL);
INSERT INTO "checkprocess_productobject" VALUES(91,'529163653879','2025-07-09 06:41:52.187428',1,'2025-12-29',1,1,NULL,'[)>@06@1P262298@1T52916365@3SM529163653879@Q12KGM000@6D20250702@14D20251229@@','2025-07-02',NULL,1,NULL,0,NULL);
INSERT INTO "checkprocess_productobject" VALUES(92,'529163653885','2025-07-09 06:45:34.834215',1,'2025-12-29',10,1,NULL,'[)>@06@1P262298@1T52916365@3SM529163653885@Q12KGM000@6D20250702@14D20251229@@','2025-07-02',NULL,1,NULL,0,NULL);
INSERT INTO "checkprocess_productobject" VALUES(93,'529163653887','2025-07-09 06:45:37.803009',1,'2025-12-29',10,1,NULL,'[)>@06@1P262298@1T52916365@3SM529163653887@Q12KGM000@6D20250702@14D20251229@@','2025-07-02',NULL,1,NULL,0,NULL);
INSERT INTO "checkprocess_productobject" VALUES(94,'529163653889','2025-07-09 06:45:44.943036',1,'2025-12-29',10,1,NULL,'[)>@06@1P262298@1T52916365@3SM529163653889@Q12KGM000@6D20250702@14D20251229@@','2025-07-02',NULL,1,NULL,0,NULL);
INSERT INTO "checkprocess_productobject" VALUES(95,'529189194457','2025-07-16 07:01:55.160421',1,'2026-01-03',10,1,NULL,'[)>@06@1P262298@1T52918919@3SM529189194457@Q12KGM000@6D20250707@14D20260103@@','2025-07-07',NULL,1,NULL,0,NULL);
INSERT INTO "checkprocess_productobject" VALUES(96,'529189194454','2025-07-16 07:02:01.800252',1,'2026-01-03',10,1,NULL,'[)>@06@1P262298@1T52918919@3SM529189194454@Q12KGM000@6D20250707@14D20260103@@','2025-07-07',NULL,1,NULL,0,NULL);
INSERT INTO "checkprocess_productobject" VALUES(97,'529189194451','2025-07-16 07:02:08.755730',1,'2026-01-03',10,1,NULL,'[)>@06@1P262298@1T52918919@3SM529189194451@Q12KGM000@6D20250707@14D20260103@@','2025-07-07',NULL,1,NULL,0,NULL);
INSERT INTO "checkprocess_productobject" VALUES(98,'529189194448','2025-07-16 07:02:14.283850',1,'2026-01-03',10,1,NULL,'[)>@06@1P262298@1T52918919@3SM529189194448@Q12KGM000@6D20250707@14D20260103@@','2025-07-07',NULL,1,NULL,0,NULL);
INSERT INTO "checkprocess_productobject" VALUES(99,'529189194449','2025-07-16 07:02:19.486081',1,'2026-01-03',10,1,NULL,'[)>@06@1P262298@1T52918919@3SM529189194449@Q12KGM000@6D20250707@14D20260103@@','2025-07-07',NULL,1,NULL,0,NULL);
INSERT INTO "checkprocess_productobject" VALUES(100,'529189194452','2025-07-16 07:02:26.646106',1,'2026-01-03',10,1,NULL,'[)>@06@1P262298@1T52918919@3SM529189194452@Q12KGM000@6D20250707@14D20260103@@','2025-07-07',NULL,1,NULL,0,NULL);
INSERT INTO "checkprocess_productobject" VALUES(101,'529189194455','2025-07-16 07:02:32.033831',1,'2026-01-03',10,1,NULL,'[)>@06@1P262298@1T52918919@3SM529189194455@Q12KGM000@6D20250707@14D20260103@@','2025-07-07',NULL,1,NULL,0,NULL);
INSERT INTO "checkprocess_productobject" VALUES(102,'529189194458','2025-07-16 07:02:37.317903',1,'2026-01-03',10,1,NULL,'[)>@06@1P262298@1T52918919@3SM529189194458@Q12KGM000@6D20250707@14D20260103@@','2025-07-07',NULL,1,NULL,0,NULL);
INSERT INTO "checkprocess_productobject" VALUES(103,'529189194450','2025-07-16 07:02:47.001351',1,'2026-01-03',10,1,NULL,'[)>@06@1P262298@1T52918919@3SM529189194450@Q12KGM000@6D20250707@14D20260103@@','2025-07-07',NULL,1,NULL,0,NULL);
INSERT INTO "checkprocess_productobject" VALUES(104,'529189194453','2025-07-16 07:02:51.580714',1,'2026-01-03',10,1,NULL,'[)>@06@1P262298@1T52918919@3SM529189194453@Q12KGM000@6D20250707@14D20260103@@','2025-07-07',NULL,1,NULL,0,NULL);
INSERT INTO "checkprocess_productobject" VALUES(105,'529189194456','2025-07-16 07:02:56.600728',1,'2026-01-03',10,1,NULL,'[)>@06@1P262298@1T52918919@3SM529189194456@Q12KGM000@6D20250707@14D20260103@@','2025-07-07',NULL,1,NULL,0,NULL);
INSERT INTO "checkprocess_productobject" VALUES(106,'529189204829','2025-07-16 07:13:19.736518',1,'2026-01-06',10,1,NULL,'[)>@06@1P262298@1T52918920@3SM529189204829@Q12KGM000@6D20250710@14D20260106@@','2025-07-10',NULL,1,NULL,0,NULL);
INSERT INTO "checkprocess_productobject" VALUES(107,'529189204830','2025-07-16 07:13:25.218050',1,'2026-01-06',10,1,NULL,'[)>@06@1P262298@1T52918920@3SM529189204830@Q12KGM000@6D20250710@14D20260106@@','2025-07-10',NULL,1,NULL,0,NULL);
INSERT INTO "checkprocess_productobject" VALUES(108,'529189204833','2025-07-16 07:13:29.134114',1,'2026-01-06',10,1,NULL,'[)>@06@1P262298@1T52918920@3SM529189204833@Q12KGM000@6D20250710@14D20260106@@','2025-07-10',NULL,1,NULL,0,NULL);
INSERT INTO "checkprocess_productobject" VALUES(109,'529189204834','2025-07-16 07:13:37.797309',1,'2026-01-06',10,1,NULL,'[)>@06@1P262298@1T52918920@3SM529189204834@Q12KGM000@6D20250710@14D20260106@@','2025-07-10',NULL,1,NULL,0,NULL);
INSERT INTO "checkprocess_productobject" VALUES(110,'529189204826','2025-07-16 07:13:42.671485',1,'2026-01-06',10,1,NULL,'[)>@06@1P262298@1T52918920@3SM529189204826@Q12KGM000@6D20250710@14D20260106@@','2025-07-10',NULL,1,NULL,0,NULL);
INSERT INTO "checkprocess_productobject" VALUES(111,'529189204835','2025-07-16 07:13:51.117805',1,'2026-01-06',10,1,NULL,'[)>@06@1P262298@1T52918920@3SM529189204835@Q12KGM000@6D20250710@14D20260106@@','2025-07-10',NULL,1,NULL,0,NULL);
INSERT INTO "checkprocess_productobject" VALUES(112,'529189204831','2025-07-16 07:13:57.705053',1,'2026-01-06',10,1,NULL,'[)>@06@1P262298@1T52918920@3SM529189204831@Q12KGM000@6D20250710@14D20260106@@','2025-07-10',NULL,1,NULL,0,NULL);
INSERT INTO "checkprocess_productobject" VALUES(113,'529189204836','2025-07-16 07:14:04.094730',1,'2026-01-06',10,1,NULL,'[)>@06@1P262298@1T52918920@3SM529189204836@Q12KGM000@6D20250710@14D20260106@@','2025-07-10',NULL,1,NULL,0,NULL);
INSERT INTO "checkprocess_productobject" VALUES(114,'529189204832','2025-07-16 07:14:08.304077',1,'2026-01-06',10,1,NULL,'[)>@06@1P262298@1T52918920@3SM529189204832@Q12KGM000@6D20250710@14D20260106@@','2025-07-10',NULL,1,NULL,0,NULL);
INSERT INTO "checkprocess_productobject" VALUES(115,'529189204822','2025-07-23 08:43:05.101898',1,'2026-01-06',10,1,NULL,'[)>@06@1P262298@1T52918920@3SM529189204822@Q12KGM000@6D20250710@14D20260106@@','2025-07-10',NULL,1,NULL,0,NULL);
INSERT INTO "checkprocess_productobject" VALUES(116,'529189204819','2025-07-23 08:43:09.643434',1,'2026-01-06',10,1,NULL,'[)>@06@1P262298@1T52918920@3SM529189204819@Q12KGM000@6D20250710@14D20260106@@','2025-07-10',NULL,1,NULL,0,NULL);
INSERT INTO "checkprocess_productobject" VALUES(117,'529189204815','2025-07-23 08:43:14.656616',1,'2026-01-06',10,1,NULL,'[)>@06@1P262298@1T52918920@3SM529189204815@Q12KGM000@6D20250710@14D20260106@@','2025-07-10',NULL,1,NULL,0,NULL);
INSERT INTO "checkprocess_productobject" VALUES(118,'529189204820','2025-07-23 08:44:38.515387',1,'2026-01-06',1,1,NULL,'[)>@06@1P262298@1T52918920@3SM529189204820@Q12KGM000@6D20250710@14D20260106@@','2025-07-10',NULL,1,NULL,0,NULL);
INSERT INTO "checkprocess_productobject" VALUES(119,'529189204817','2025-07-23 08:44:49.374682',1,'2026-01-06',1,1,NULL,'[)>@06@1P262298@1T52918920@3SM529189204817@Q12KGM000@6D20250710@14D20260106@@','2025-07-10',NULL,1,NULL,0,NULL);
INSERT INTO "checkprocess_productobject" VALUES(120,'529189204814','2025-07-23 08:44:54.873968',1,'2026-01-06',1,1,NULL,'[)>@06@1P262298@1T52918920@3SM529189204814@Q12KGM000@6D20250710@14D20260106@@','2025-07-10',NULL,1,NULL,0,NULL);
INSERT INTO "checkprocess_productobject" VALUES(121,'529189204816','2025-07-23 08:45:00.179002',1,'2026-01-06',1,1,NULL,'[)>@06@1P262298@1T52918920@3SM529189204816@Q12KGM000@6D20250710@14D20260106@@','2025-07-10',NULL,1,NULL,0,NULL);
INSERT INTO "checkprocess_productobject" VALUES(122,'529189204818','2025-07-23 08:45:05.192781',1,'2026-01-06',1,1,NULL,'[)>@06@1P262298@1T52918920@3SM529189204818@Q12KGM000@6D20250710@14D20260106@@','2025-07-10',NULL,1,NULL,0,NULL);
INSERT INTO "checkprocess_productobject" VALUES(123,'529189204821','2025-07-23 08:45:08.024717',1,'2026-01-06',1,1,NULL,'[)>@06@1P262298@1T52918920@3SM529189204821@Q12KGM000@6D20250710@14D20260106@@','2025-07-10',NULL,1,NULL,0,NULL);
INSERT INTO "checkprocess_productobject" VALUES(124,'529189204825','2025-07-23 08:45:17.264963',1,'2026-01-06',1,1,NULL,'[)>@06@1P262298@1T52918920@3SM529189204825@Q12KGM000@6D20250710@14D20260106@@','2025-07-10',NULL,1,NULL,0,NULL);
INSERT INTO "checkprocess_productobject" VALUES(125,'529189204823','2025-07-23 08:48:47.266444',1,'2026-01-06',1,1,NULL,'[)>@06@1P262298@1T52918920@3SM529189204823@Q12KGM000@6D20250710@14D20260106@@','2025-07-10',NULL,1,NULL,0,NULL);
INSERT INTO "checkprocess_productobject" VALUES(126,'529189204824','2025-07-23 08:48:55.226789',1,'2026-01-06',1,1,NULL,'[)>@06@1P262298@1T52918920@3SM529189204824@Q12KGM000@6D20250710@14D20260106@@','2025-07-10',NULL,1,NULL,0,NULL);
INSERT INTO "checkprocess_productobject" VALUES(127,'529189204827','2025-07-23 08:49:00.668313',1,'2026-01-06',1,1,NULL,'[)>@06@1P262298@1T52918920@3SM529189204827@Q12KGM000@6D20250710@14D20260106@@','2025-07-10',NULL,1,NULL,0,NULL);
INSERT INTO "checkprocess_productobject" VALUES(128,'529189204828','2025-07-23 08:49:09.588252',1,'2026-01-06',1,1,NULL,'[)>@06@1P262298@1T52918920@3SM529189204828@Q12KGM000@6D20250710@14D20260106@@','2025-07-10',NULL,1,NULL,0,NULL);
INSERT INTO "checkprocess_productobject" VALUES(129,'529189215078','2025-07-23 08:50:13.359957',1,'2026-01-10',1,1,NULL,'[)>@06@1P262298@1T52918921@3SM529189215078@Q12KGM000@6D20250714@14D20260110@@','2025-07-14',NULL,1,NULL,0,NULL);
INSERT INTO "checkprocess_productobject" VALUES(130,'529189215077','2025-07-23 08:50:21.916272',1,'2026-01-10',1,1,NULL,'[)>@06@1P262298@1T52918921@3SM529189215077@Q12KGM000@6D20250714@14D20260110@@','2025-07-14',NULL,1,NULL,0,NULL);
INSERT INTO "checkprocess_productobject" VALUES(131,'529189215074','2025-07-23 08:50:26.912337',1,'2026-01-10',1,1,NULL,'[)>@06@1P262298@1T52918921@3SM529189215074@Q12KGM000@6D20250714@14D20260110@@','2025-07-14',NULL,1,NULL,0,NULL);
INSERT INTO "checkprocess_productobject" VALUES(132,'529189215076','2025-07-23 08:50:31.242669',1,'2026-01-10',1,1,NULL,'[)>@06@1P262298@1T52918921@3SM529189215076@Q12KGM000@6D20250714@14D20260110@@','2025-07-14',NULL,1,NULL,0,NULL);
INSERT INTO "checkprocess_productobject" VALUES(133,'529189215075','2025-07-23 08:50:39.596813',1,'2026-01-10',1,1,NULL,'[)>@06@1P262298@1T52918921@3SM529189215075@Q12KGM000@6D20250714@14D20260110@@','2025-07-14',NULL,1,NULL,0,NULL);
INSERT INTO "checkprocess_productobject" VALUES(134,'529189215073','2025-07-23 08:50:45.258426',1,'2026-01-10',1,1,NULL,'[)>@06@1P262298@1T52918921@3SM529189215073@Q12KGM000@6D20250714@14D20260110@@','2025-07-14',NULL,1,NULL,0,NULL);
INSERT INTO "checkprocess_productobject" VALUES(135,'529207695614','2025-07-30 06:34:17.540436',1,'2026-01-14',1,1,NULL,'[)>@06@1P262298@1T52920769@3SM529207695614@Q12KGM000@6D20250718@14D20260114@@','2025-07-18',NULL,1,NULL,0,NULL);
INSERT INTO "checkprocess_productobject" VALUES(136,'529207695521','2025-07-30 06:34:38.491084',1,'2026-01-14',1,1,NULL,'[)>@06@1P262298@1T52920769@3SM529207695521@Q12KGM000@6D20250718@14D20260114@@','2025-07-18',NULL,1,NULL,0,NULL);
INSERT INTO "checkprocess_productobject" VALUES(137,'529207695516','2025-07-30 06:34:43.074580',1,'2026-01-14',1,1,NULL,'[)>@06@1P262298@1T52920769@3SM529207695516@Q12KGM000@6D20250718@14D20260114@@','2025-07-18',NULL,1,NULL,0,NULL);
INSERT INTO "checkprocess_productobject" VALUES(138,'529207695514','2025-07-30 06:34:48.672043',1,'2026-01-14',1,1,NULL,'[)>@06@1P262298@1T52920769@3SM529207695514@Q12KGM000@6D20250718@14D20260114@@','2025-07-18',NULL,1,NULL,0,NULL);
INSERT INTO "checkprocess_productobject" VALUES(139,'529207695520','2025-07-30 06:34:53.032598',1,'2026-01-14',1,1,NULL,'[)>@06@1P262298@1T52920769@3SM529207695520@Q12KGM000@6D20250718@14D20260114@@','2025-07-18',NULL,1,NULL,0,NULL);
INSERT INTO "checkprocess_productobject" VALUES(140,'529207695515','2025-07-30 06:35:01.593896',1,'2026-01-14',1,1,NULL,'[)>@06@1P262298@1T52920769@3SM529207695515@Q12KGM000@6D20250718@14D20260114@@','2025-07-18',NULL,1,NULL,0,NULL);
INSERT INTO "checkprocess_productobject" VALUES(141,'529207695513','2025-07-30 06:35:04.871036',1,'2026-01-14',1,1,NULL,'[)>@06@1P262298@1T52920769@3SM529207695513@Q12KGM000@6D20250718@14D20260114@@','2025-07-18',NULL,1,NULL,0,NULL);
INSERT INTO "checkprocess_productobject" VALUES(142,'529207695518','2025-07-30 06:35:08.815820',1,'2026-01-14',1,1,NULL,'[)>@06@1P262298@1T52920769@3SM529207695518@Q12KGM000@6D20250718@14D20260114@@','2025-07-18',NULL,1,NULL,0,NULL);
INSERT INTO "checkprocess_productobject" VALUES(143,'529207695517','2025-07-30 06:35:17.988093',1,'2026-01-14',1,1,NULL,'[)>@06@1P262298@1T52920769@3SM529207695517@Q12KGM000@6D20250718@14D20260114@@','2025-07-18',NULL,1,NULL,0,NULL);
INSERT INTO "checkprocess_productobject" VALUES(144,'529207695512','2025-07-30 06:35:23.103095',1,'2026-01-14',1,1,NULL,'[)>@06@1P262298@1T52920769@3SM529207695512@Q12KGM000@6D20250718@14D20260114@@','2025-07-18',NULL,1,NULL,0,NULL);
CREATE TABLE "checkprocess_productobjectprocess" ("id" integer NOT NULL PRIMARY KEY AUTOINCREMENT, "process_id" bigint NOT NULL REFERENCES "checkprocess_productprocess" ("id") DEFERRABLE INITIALLY DEFERRED, "product_object_id" bigint NOT NULL REFERENCES "checkprocess_productobject" ("id") DEFERRABLE INITIALLY DEFERRED);
INSERT INTO "checkprocess_productobjectprocess" VALUES(145,1,23);
INSERT INTO "checkprocess_productobjectprocess" VALUES(146,2,23);
INSERT INTO "checkprocess_productobjectprocess" VALUES(147,3,23);
INSERT INTO "checkprocess_productobjectprocess" VALUES(148,4,23);
INSERT INTO "checkprocess_productobjectprocess" VALUES(149,1,24);
INSERT INTO "checkprocess_productobjectprocess" VALUES(150,2,24);
INSERT INTO "checkprocess_productobjectprocess" VALUES(151,3,24);
INSERT INTO "checkprocess_productobjectprocess" VALUES(152,4,24);
INSERT INTO "checkprocess_productobjectprocess" VALUES(153,1,25);
INSERT INTO "checkprocess_productobjectprocess" VALUES(154,2,25);
INSERT INTO "checkprocess_productobjectprocess" VALUES(155,3,25);
INSERT INTO "checkprocess_productobjectprocess" VALUES(156,4,25);
INSERT INTO "checkprocess_productobjectprocess" VALUES(157,1,26);
INSERT INTO "checkprocess_productobjectprocess" VALUES(158,2,26);
INSERT INTO "checkprocess_productobjectprocess" VALUES(159,3,26);
INSERT INTO "checkprocess_productobjectprocess" VALUES(160,4,26);
INSERT INTO "checkprocess_productobjectprocess" VALUES(161,1,27);
INSERT INTO "checkprocess_productobjectprocess" VALUES(162,2,27);
INSERT INTO "checkprocess_productobjectprocess" VALUES(163,3,27);
INSERT INTO "checkprocess_productobjectprocess" VALUES(164,4,27);
INSERT INTO "checkprocess_productobjectprocess" VALUES(165,1,28);
INSERT INTO "checkprocess_productobjectprocess" VALUES(166,2,28);
INSERT INTO "checkprocess_productobjectprocess" VALUES(167,3,28);
INSERT INTO "checkprocess_productobjectprocess" VALUES(168,4,28);
INSERT INTO "checkprocess_productobjectprocess" VALUES(169,1,29);
INSERT INTO "checkprocess_productobjectprocess" VALUES(170,2,29);
INSERT INTO "checkprocess_productobjectprocess" VALUES(171,3,29);
INSERT INTO "checkprocess_productobjectprocess" VALUES(172,4,29);
INSERT INTO "checkprocess_productobjectprocess" VALUES(173,1,30);
INSERT INTO "checkprocess_productobjectprocess" VALUES(174,2,30);
INSERT INTO "checkprocess_productobjectprocess" VALUES(175,3,30);
INSERT INTO "checkprocess_productobjectprocess" VALUES(176,4,30);
INSERT INTO "checkprocess_productobjectprocess" VALUES(177,1,31);
INSERT INTO "checkprocess_productobjectprocess" VALUES(178,2,31);
INSERT INTO "checkprocess_productobjectprocess" VALUES(179,3,31);
INSERT INTO "checkprocess_productobjectprocess" VALUES(180,4,31);
INSERT INTO "checkprocess_productobjectprocess" VALUES(181,1,32);
INSERT INTO "checkprocess_productobjectprocess" VALUES(182,2,32);
INSERT INTO "checkprocess_productobjectprocess" VALUES(183,3,32);
INSERT INTO "checkprocess_productobjectprocess" VALUES(184,4,32);
INSERT INTO "checkprocess_productobjectprocess" VALUES(185,1,33);
INSERT INTO "checkprocess_productobjectprocess" VALUES(186,2,33);
INSERT INTO "checkprocess_productobjectprocess" VALUES(187,3,33);
INSERT INTO "checkprocess_productobjectprocess" VALUES(188,4,33);
INSERT INTO "checkprocess_productobjectprocess" VALUES(189,1,34);
INSERT INTO "checkprocess_productobjectprocess" VALUES(190,2,34);
INSERT INTO "checkprocess_productobjectprocess" VALUES(191,3,34);
INSERT INTO "checkprocess_productobjectprocess" VALUES(192,4,34);
INSERT INTO "checkprocess_productobjectprocess" VALUES(193,1,35);
INSERT INTO "checkprocess_productobjectprocess" VALUES(194,2,35);
INSERT INTO "checkprocess_productobjectprocess" VALUES(195,3,35);
INSERT INTO "checkprocess_productobjectprocess" VALUES(196,4,35);
INSERT INTO "checkprocess_productobjectprocess" VALUES(197,1,36);
INSERT INTO "checkprocess_productobjectprocess" VALUES(198,2,36);
INSERT INTO "checkprocess_productobjectprocess" VALUES(199,3,36);
INSERT INTO "checkprocess_productobjectprocess" VALUES(200,4,36);
INSERT INTO "checkprocess_productobjectprocess" VALUES(201,1,37);
INSERT INTO "checkprocess_productobjectprocess" VALUES(202,2,37);
INSERT INTO "checkprocess_productobjectprocess" VALUES(203,3,37);
INSERT INTO "checkprocess_productobjectprocess" VALUES(204,4,37);
INSERT INTO "checkprocess_productobjectprocess" VALUES(205,1,38);
INSERT INTO "checkprocess_productobjectprocess" VALUES(206,2,38);
INSERT INTO "checkprocess_productobjectprocess" VALUES(207,3,38);
INSERT INTO "checkprocess_productobjectprocess" VALUES(208,4,38);
INSERT INTO "checkprocess_productobjectprocess" VALUES(209,1,39);
INSERT INTO "checkprocess_productobjectprocess" VALUES(210,2,39);
INSERT INTO "checkprocess_productobjectprocess" VALUES(211,3,39);
INSERT INTO "checkprocess_productobjectprocess" VALUES(212,4,39);
INSERT INTO "checkprocess_productobjectprocess" VALUES(213,1,40);
INSERT INTO "checkprocess_productobjectprocess" VALUES(214,2,40);
INSERT INTO "checkprocess_productobjectprocess" VALUES(215,3,40);
INSERT INTO "checkprocess_productobjectprocess" VALUES(216,4,40);
INSERT INTO "checkprocess_productobjectprocess" VALUES(217,1,41);
INSERT INTO "checkprocess_productobjectprocess" VALUES(218,2,41);
INSERT INTO "checkprocess_productobjectprocess" VALUES(219,3,41);
INSERT INTO "checkprocess_productobjectprocess" VALUES(220,4,41);
INSERT INTO "checkprocess_productobjectprocess" VALUES(221,1,42);
INSERT INTO "checkprocess_productobjectprocess" VALUES(222,2,42);
INSERT INTO "checkprocess_productobjectprocess" VALUES(223,3,42);
INSERT INTO "checkprocess_productobjectprocess" VALUES(224,4,42);
INSERT INTO "checkprocess_productobjectprocess" VALUES(225,1,43);
INSERT INTO "checkprocess_productobjectprocess" VALUES(226,2,43);
INSERT INTO "checkprocess_productobjectprocess" VALUES(227,3,43);
INSERT INTO "checkprocess_productobjectprocess" VALUES(228,4,43);
INSERT INTO "checkprocess_productobjectprocess" VALUES(229,1,44);
INSERT INTO "checkprocess_productobjectprocess" VALUES(230,2,44);
INSERT INTO "checkprocess_productobjectprocess" VALUES(231,3,44);
INSERT INTO "checkprocess_productobjectprocess" VALUES(232,4,44);
INSERT INTO "checkprocess_productobjectprocess" VALUES(233,1,45);
INSERT INTO "checkprocess_productobjectprocess" VALUES(234,2,45);
INSERT INTO "checkprocess_productobjectprocess" VALUES(235,3,45);
INSERT INTO "checkprocess_productobjectprocess" VALUES(236,4,45);
INSERT INTO "checkprocess_productobjectprocess" VALUES(237,1,46);
INSERT INTO "checkprocess_productobjectprocess" VALUES(238,2,46);
INSERT INTO "checkprocess_productobjectprocess" VALUES(239,3,46);
INSERT INTO "checkprocess_productobjectprocess" VALUES(240,4,46);
INSERT INTO "checkprocess_productobjectprocess" VALUES(241,1,47);
INSERT INTO "checkprocess_productobjectprocess" VALUES(242,2,47);
INSERT INTO "checkprocess_productobjectprocess" VALUES(243,3,47);
INSERT INTO "checkprocess_productobjectprocess" VALUES(244,4,47);
INSERT INTO "checkprocess_productobjectprocess" VALUES(245,1,48);
INSERT INTO "checkprocess_productobjectprocess" VALUES(246,2,48);
INSERT INTO "checkprocess_productobjectprocess" VALUES(247,3,48);
INSERT INTO "checkprocess_productobjectprocess" VALUES(248,4,48);
INSERT INTO "checkprocess_productobjectprocess" VALUES(249,1,49);
INSERT INTO "checkprocess_productobjectprocess" VALUES(250,2,49);
INSERT INTO "checkprocess_productobjectprocess" VALUES(251,3,49);
INSERT INTO "checkprocess_productobjectprocess" VALUES(252,4,49);
INSERT INTO "checkprocess_productobjectprocess" VALUES(253,1,50);
INSERT INTO "checkprocess_productobjectprocess" VALUES(254,2,50);
INSERT INTO "checkprocess_productobjectprocess" VALUES(255,3,50);
INSERT INTO "checkprocess_productobjectprocess" VALUES(256,4,50);
INSERT INTO "checkprocess_productobjectprocess" VALUES(257,1,51);
INSERT INTO "checkprocess_productobjectprocess" VALUES(258,2,51);
INSERT INTO "checkprocess_productobjectprocess" VALUES(259,3,51);
INSERT INTO "checkprocess_productobjectprocess" VALUES(260,4,51);
INSERT INTO "checkprocess_productobjectprocess" VALUES(261,1,52);
INSERT INTO "checkprocess_productobjectprocess" VALUES(262,2,52);
INSERT INTO "checkprocess_productobjectprocess" VALUES(263,3,52);
INSERT INTO "checkprocess_productobjectprocess" VALUES(264,4,52);
INSERT INTO "checkprocess_productobjectprocess" VALUES(265,1,53);
INSERT INTO "checkprocess_productobjectprocess" VALUES(266,2,53);
INSERT INTO "checkprocess_productobjectprocess" VALUES(267,3,53);
INSERT INTO "checkprocess_productobjectprocess" VALUES(268,4,53);
INSERT INTO "checkprocess_productobjectprocess" VALUES(269,1,54);
INSERT INTO "checkprocess_productobjectprocess" VALUES(270,2,54);
INSERT INTO "checkprocess_productobjectprocess" VALUES(271,3,54);
INSERT INTO "checkprocess_productobjectprocess" VALUES(272,4,54);
INSERT INTO "checkprocess_productobjectprocess" VALUES(273,1,55);
INSERT INTO "checkprocess_productobjectprocess" VALUES(274,2,55);
INSERT INTO "checkprocess_productobjectprocess" VALUES(275,3,55);
INSERT INTO "checkprocess_productobjectprocess" VALUES(276,4,55);
INSERT INTO "checkprocess_productobjectprocess" VALUES(277,1,56);
INSERT INTO "checkprocess_productobjectprocess" VALUES(278,2,56);
INSERT INTO "checkprocess_productobjectprocess" VALUES(279,3,56);
INSERT INTO "checkprocess_productobjectprocess" VALUES(280,4,56);
INSERT INTO "checkprocess_productobjectprocess" VALUES(281,1,57);
INSERT INTO "checkprocess_productobjectprocess" VALUES(282,2,57);
INSERT INTO "checkprocess_productobjectprocess" VALUES(283,3,57);
INSERT INTO "checkprocess_productobjectprocess" VALUES(284,4,57);
INSERT INTO "checkprocess_productobjectprocess" VALUES(285,1,58);
INSERT INTO "checkprocess_productobjectprocess" VALUES(286,2,58);
INSERT INTO "checkprocess_productobjectprocess" VALUES(287,3,58);
INSERT INTO "checkprocess_productobjectprocess" VALUES(288,4,58);
INSERT INTO "checkprocess_productobjectprocess" VALUES(289,1,59);
INSERT INTO "checkprocess_productobjectprocess" VALUES(290,2,59);
INSERT INTO "checkprocess_productobjectprocess" VALUES(291,3,59);
INSERT INTO "checkprocess_productobjectprocess" VALUES(292,4,59);
INSERT INTO "checkprocess_productobjectprocess" VALUES(293,1,60);
INSERT INTO "checkprocess_productobjectprocess" VALUES(294,2,60);
INSERT INTO "checkprocess_productobjectprocess" VALUES(295,3,60);
INSERT INTO "checkprocess_productobjectprocess" VALUES(296,4,60);
INSERT INTO "checkprocess_productobjectprocess" VALUES(297,1,61);
INSERT INTO "checkprocess_productobjectprocess" VALUES(298,2,61);
INSERT INTO "checkprocess_productobjectprocess" VALUES(299,3,61);
INSERT INTO "checkprocess_productobjectprocess" VALUES(300,4,61);
INSERT INTO "checkprocess_productobjectprocess" VALUES(301,1,62);
INSERT INTO "checkprocess_productobjectprocess" VALUES(302,2,62);
INSERT INTO "checkprocess_productobjectprocess" VALUES(303,3,62);
INSERT INTO "checkprocess_productobjectprocess" VALUES(304,4,62);
INSERT INTO "checkprocess_productobjectprocess" VALUES(305,1,63);
INSERT INTO "checkprocess_productobjectprocess" VALUES(306,2,63);
INSERT INTO "checkprocess_productobjectprocess" VALUES(307,3,63);
INSERT INTO "checkprocess_productobjectprocess" VALUES(308,4,63);
INSERT INTO "checkprocess_productobjectprocess" VALUES(309,1,64);
INSERT INTO "checkprocess_productobjectprocess" VALUES(310,2,64);
INSERT INTO "checkprocess_productobjectprocess" VALUES(311,3,64);
INSERT INTO "checkprocess_productobjectprocess" VALUES(312,4,64);
INSERT INTO "checkprocess_productobjectprocess" VALUES(313,1,65);
INSERT INTO "checkprocess_productobjectprocess" VALUES(314,2,65);
INSERT INTO "checkprocess_productobjectprocess" VALUES(315,3,65);
INSERT INTO "checkprocess_productobjectprocess" VALUES(316,4,65);
INSERT INTO "checkprocess_productobjectprocess" VALUES(317,1,66);
INSERT INTO "checkprocess_productobjectprocess" VALUES(318,2,66);
INSERT INTO "checkprocess_productobjectprocess" VALUES(319,3,66);
INSERT INTO "checkprocess_productobjectprocess" VALUES(320,4,66);
INSERT INTO "checkprocess_productobjectprocess" VALUES(321,1,67);
INSERT INTO "checkprocess_productobjectprocess" VALUES(322,2,67);
INSERT INTO "checkprocess_productobjectprocess" VALUES(323,3,67);
INSERT INTO "checkprocess_productobjectprocess" VALUES(324,4,67);
INSERT INTO "checkprocess_productobjectprocess" VALUES(325,1,68);
INSERT INTO "checkprocess_productobjectprocess" VALUES(326,2,68);
INSERT INTO "checkprocess_productobjectprocess" VALUES(327,3,68);
INSERT INTO "checkprocess_productobjectprocess" VALUES(328,4,68);
INSERT INTO "checkprocess_productobjectprocess" VALUES(329,1,69);
INSERT INTO "checkprocess_productobjectprocess" VALUES(330,2,69);
INSERT INTO "checkprocess_productobjectprocess" VALUES(331,3,69);
INSERT INTO "checkprocess_productobjectprocess" VALUES(332,4,69);
INSERT INTO "checkprocess_productobjectprocess" VALUES(333,1,70);
INSERT INTO "checkprocess_productobjectprocess" VALUES(334,2,70);
INSERT INTO "checkprocess_productobjectprocess" VALUES(335,3,70);
INSERT INTO "checkprocess_productobjectprocess" VALUES(336,4,70);
INSERT INTO "checkprocess_productobjectprocess" VALUES(337,1,71);
INSERT INTO "checkprocess_productobjectprocess" VALUES(338,2,71);
INSERT INTO "checkprocess_productobjectprocess" VALUES(339,3,71);
INSERT INTO "checkprocess_productobjectprocess" VALUES(340,4,71);
INSERT INTO "checkprocess_productobjectprocess" VALUES(341,1,72);
INSERT INTO "checkprocess_productobjectprocess" VALUES(342,2,72);
INSERT INTO "checkprocess_productobjectprocess" VALUES(343,3,72);
INSERT INTO "checkprocess_productobjectprocess" VALUES(344,4,72);
INSERT INTO "checkprocess_productobjectprocess" VALUES(345,1,73);
INSERT INTO "checkprocess_productobjectprocess" VALUES(346,2,73);
INSERT INTO "checkprocess_productobjectprocess" VALUES(347,3,73);
INSERT INTO "checkprocess_productobjectprocess" VALUES(348,4,73);
INSERT INTO "checkprocess_productobjectprocess" VALUES(349,1,74);
INSERT INTO "checkprocess_productobjectprocess" VALUES(350,2,74);
INSERT INTO "checkprocess_productobjectprocess" VALUES(351,3,74);
INSERT INTO "checkprocess_productobjectprocess" VALUES(352,4,74);
INSERT INTO "checkprocess_productobjectprocess" VALUES(353,1,75);
INSERT INTO "checkprocess_productobjectprocess" VALUES(354,2,75);
INSERT INTO "checkprocess_productobjectprocess" VALUES(355,3,75);
INSERT INTO "checkprocess_productobjectprocess" VALUES(356,4,75);
INSERT INTO "checkprocess_productobjectprocess" VALUES(357,1,76);
INSERT INTO "checkprocess_productobjectprocess" VALUES(358,2,76);
INSERT INTO "checkprocess_productobjectprocess" VALUES(359,3,76);
INSERT INTO "checkprocess_productobjectprocess" VALUES(360,4,76);
INSERT INTO "checkprocess_productobjectprocess" VALUES(361,1,77);
INSERT INTO "checkprocess_productobjectprocess" VALUES(362,2,77);
INSERT INTO "checkprocess_productobjectprocess" VALUES(363,3,77);
INSERT INTO "checkprocess_productobjectprocess" VALUES(364,4,77);
INSERT INTO "checkprocess_productobjectprocess" VALUES(365,1,78);
INSERT INTO "checkprocess_productobjectprocess" VALUES(366,2,78);
INSERT INTO "checkprocess_productobjectprocess" VALUES(367,3,78);
INSERT INTO "checkprocess_productobjectprocess" VALUES(368,4,78);
INSERT INTO "checkprocess_productobjectprocess" VALUES(369,1,79);
INSERT INTO "checkprocess_productobjectprocess" VALUES(370,2,79);
INSERT INTO "checkprocess_productobjectprocess" VALUES(371,3,79);
INSERT INTO "checkprocess_productobjectprocess" VALUES(372,4,79);
INSERT INTO "checkprocess_productobjectprocess" VALUES(373,1,80);
INSERT INTO "checkprocess_productobjectprocess" VALUES(374,2,80);
INSERT INTO "checkprocess_productobjectprocess" VALUES(375,3,80);
INSERT INTO "checkprocess_productobjectprocess" VALUES(376,4,80);
INSERT INTO "checkprocess_productobjectprocess" VALUES(377,1,81);
INSERT INTO "checkprocess_productobjectprocess" VALUES(378,2,81);
INSERT INTO "checkprocess_productobjectprocess" VALUES(379,3,81);
INSERT INTO "checkprocess_productobjectprocess" VALUES(380,4,81);
INSERT INTO "checkprocess_productobjectprocess" VALUES(381,1,82);
INSERT INTO "checkprocess_productobjectprocess" VALUES(382,2,82);
INSERT INTO "checkprocess_productobjectprocess" VALUES(383,3,82);
INSERT INTO "checkprocess_productobjectprocess" VALUES(384,4,82);
INSERT INTO "checkprocess_productobjectprocess" VALUES(385,1,83);
INSERT INTO "checkprocess_productobjectprocess" VALUES(386,2,83);
INSERT INTO "checkprocess_productobjectprocess" VALUES(387,3,83);
INSERT INTO "checkprocess_productobjectprocess" VALUES(388,4,83);
INSERT INTO "checkprocess_productobjectprocess" VALUES(389,1,84);
INSERT INTO "checkprocess_productobjectprocess" VALUES(390,2,84);
INSERT INTO "checkprocess_productobjectprocess" VALUES(391,3,84);
INSERT INTO "checkprocess_productobjectprocess" VALUES(392,4,84);
INSERT INTO "checkprocess_productobjectprocess" VALUES(393,1,85);
INSERT INTO "checkprocess_productobjectprocess" VALUES(394,2,85);
INSERT INTO "checkprocess_productobjectprocess" VALUES(395,3,85);
INSERT INTO "checkprocess_productobjectprocess" VALUES(396,4,85);
INSERT INTO "checkprocess_productobjectprocess" VALUES(397,1,86);
INSERT INTO "checkprocess_productobjectprocess" VALUES(398,2,86);
INSERT INTO "checkprocess_productobjectprocess" VALUES(399,3,86);
INSERT INTO "checkprocess_productobjectprocess" VALUES(400,4,86);
INSERT INTO "checkprocess_productobjectprocess" VALUES(401,1,87);
INSERT INTO "checkprocess_productobjectprocess" VALUES(402,2,87);
INSERT INTO "checkprocess_productobjectprocess" VALUES(403,3,87);
INSERT INTO "checkprocess_productobjectprocess" VALUES(404,4,87);
INSERT INTO "checkprocess_productobjectprocess" VALUES(405,1,88);
INSERT INTO "checkprocess_productobjectprocess" VALUES(406,2,88);
INSERT INTO "checkprocess_productobjectprocess" VALUES(407,3,88);
INSERT INTO "checkprocess_productobjectprocess" VALUES(408,4,88);
INSERT INTO "checkprocess_productobjectprocess" VALUES(409,1,89);
INSERT INTO "checkprocess_productobjectprocess" VALUES(410,2,89);
INSERT INTO "checkprocess_productobjectprocess" VALUES(411,3,89);
INSERT INTO "checkprocess_productobjectprocess" VALUES(412,4,89);
INSERT INTO "checkprocess_productobjectprocess" VALUES(413,1,90);
INSERT INTO "checkprocess_productobjectprocess" VALUES(414,2,90);
INSERT INTO "checkprocess_productobjectprocess" VALUES(415,3,90);
INSERT INTO "checkprocess_productobjectprocess" VALUES(416,4,90);
INSERT INTO "checkprocess_productobjectprocess" VALUES(417,1,91);
INSERT INTO "checkprocess_productobjectprocess" VALUES(418,2,91);
INSERT INTO "checkprocess_productobjectprocess" VALUES(419,3,91);
INSERT INTO "checkprocess_productobjectprocess" VALUES(420,4,91);
INSERT INTO "checkprocess_productobjectprocess" VALUES(421,1,92);
INSERT INTO "checkprocess_productobjectprocess" VALUES(422,2,92);
INSERT INTO "checkprocess_productobjectprocess" VALUES(423,3,92);
INSERT INTO "checkprocess_productobjectprocess" VALUES(424,4,92);
INSERT INTO "checkprocess_productobjectprocess" VALUES(425,1,93);
INSERT INTO "checkprocess_productobjectprocess" VALUES(426,2,93);
INSERT INTO "checkprocess_productobjectprocess" VALUES(427,3,93);
INSERT INTO "checkprocess_productobjectprocess" VALUES(428,4,93);
INSERT INTO "checkprocess_productobjectprocess" VALUES(429,1,94);
INSERT INTO "checkprocess_productobjectprocess" VALUES(430,2,94);
INSERT INTO "checkprocess_productobjectprocess" VALUES(431,3,94);
INSERT INTO "checkprocess_productobjectprocess" VALUES(432,4,94);
INSERT INTO "checkprocess_productobjectprocess" VALUES(433,1,95);
INSERT INTO "checkprocess_productobjectprocess" VALUES(434,2,95);
INSERT INTO "checkprocess_productobjectprocess" VALUES(435,3,95);
INSERT INTO "checkprocess_productobjectprocess" VALUES(436,4,95);
INSERT INTO "checkprocess_productobjectprocess" VALUES(437,1,96);
INSERT INTO "checkprocess_productobjectprocess" VALUES(438,2,96);
INSERT INTO "checkprocess_productobjectprocess" VALUES(439,3,96);
INSERT INTO "checkprocess_productobjectprocess" VALUES(440,4,96);
INSERT INTO "checkprocess_productobjectprocess" VALUES(441,1,97);
INSERT INTO "checkprocess_productobjectprocess" VALUES(442,2,97);
INSERT INTO "checkprocess_productobjectprocess" VALUES(443,3,97);
INSERT INTO "checkprocess_productobjectprocess" VALUES(444,4,97);
INSERT INTO "checkprocess_productobjectprocess" VALUES(445,1,98);
INSERT INTO "checkprocess_productobjectprocess" VALUES(446,2,98);
INSERT INTO "checkprocess_productobjectprocess" VALUES(447,3,98);
INSERT INTO "checkprocess_productobjectprocess" VALUES(448,4,98);
INSERT INTO "checkprocess_productobjectprocess" VALUES(449,1,99);
INSERT INTO "checkprocess_productobjectprocess" VALUES(450,2,99);
INSERT INTO "checkprocess_productobjectprocess" VALUES(451,3,99);
INSERT INTO "checkprocess_productobjectprocess" VALUES(452,4,99);
INSERT INTO "checkprocess_productobjectprocess" VALUES(453,1,100);
INSERT INTO "checkprocess_productobjectprocess" VALUES(454,2,100);
INSERT INTO "checkprocess_productobjectprocess" VALUES(455,3,100);
INSERT INTO "checkprocess_productobjectprocess" VALUES(456,4,100);
INSERT INTO "checkprocess_productobjectprocess" VALUES(457,1,101);
INSERT INTO "checkprocess_productobjectprocess" VALUES(458,2,101);
INSERT INTO "checkprocess_productobjectprocess" VALUES(459,3,101);
INSERT INTO "checkprocess_productobjectprocess" VALUES(460,4,101);
INSERT INTO "checkprocess_productobjectprocess" VALUES(461,1,102);
INSERT INTO "checkprocess_productobjectprocess" VALUES(462,2,102);
INSERT INTO "checkprocess_productobjectprocess" VALUES(463,3,102);
INSERT INTO "checkprocess_productobjectprocess" VALUES(464,4,102);
INSERT INTO "checkprocess_productobjectprocess" VALUES(465,1,103);
INSERT INTO "checkprocess_productobjectprocess" VALUES(466,2,103);
INSERT INTO "checkprocess_productobjectprocess" VALUES(467,3,103);
INSERT INTO "checkprocess_productobjectprocess" VALUES(468,4,103);
INSERT INTO "checkprocess_productobjectprocess" VALUES(469,1,104);
INSERT INTO "checkprocess_productobjectprocess" VALUES(470,2,104);
INSERT INTO "checkprocess_productobjectprocess" VALUES(471,3,104);
INSERT INTO "checkprocess_productobjectprocess" VALUES(472,4,104);
INSERT INTO "checkprocess_productobjectprocess" VALUES(473,1,105);
INSERT INTO "checkprocess_productobjectprocess" VALUES(474,2,105);
INSERT INTO "checkprocess_productobjectprocess" VALUES(475,3,105);
INSERT INTO "checkprocess_productobjectprocess" VALUES(476,4,105);
INSERT INTO "checkprocess_productobjectprocess" VALUES(477,1,106);
INSERT INTO "checkprocess_productobjectprocess" VALUES(478,2,106);
INSERT INTO "checkprocess_productobjectprocess" VALUES(479,3,106);
INSERT INTO "checkprocess_productobjectprocess" VALUES(480,4,106);
INSERT INTO "checkprocess_productobjectprocess" VALUES(481,1,107);
INSERT INTO "checkprocess_productobjectprocess" VALUES(482,2,107);
INSERT INTO "checkprocess_productobjectprocess" VALUES(483,3,107);
INSERT INTO "checkprocess_productobjectprocess" VALUES(484,4,107);
INSERT INTO "checkprocess_productobjectprocess" VALUES(485,1,108);
INSERT INTO "checkprocess_productobjectprocess" VALUES(486,2,108);
INSERT INTO "checkprocess_productobjectprocess" VALUES(487,3,108);
INSERT INTO "checkprocess_productobjectprocess" VALUES(488,4,108);
INSERT INTO "checkprocess_productobjectprocess" VALUES(489,1,109);
INSERT INTO "checkprocess_productobjectprocess" VALUES(490,2,109);
INSERT INTO "checkprocess_productobjectprocess" VALUES(491,3,109);
INSERT INTO "checkprocess_productobjectprocess" VALUES(492,4,109);
INSERT INTO "checkprocess_productobjectprocess" VALUES(493,1,110);
INSERT INTO "checkprocess_productobjectprocess" VALUES(494,2,110);
INSERT INTO "checkprocess_productobjectprocess" VALUES(495,3,110);
INSERT INTO "checkprocess_productobjectprocess" VALUES(496,4,110);
INSERT INTO "checkprocess_productobjectprocess" VALUES(497,1,111);
INSERT INTO "checkprocess_productobjectprocess" VALUES(498,2,111);
INSERT INTO "checkprocess_productobjectprocess" VALUES(499,3,111);
INSERT INTO "checkprocess_productobjectprocess" VALUES(500,4,111);
INSERT INTO "checkprocess_productobjectprocess" VALUES(501,1,112);
INSERT INTO "checkprocess_productobjectprocess" VALUES(502,2,112);
INSERT INTO "checkprocess_productobjectprocess" VALUES(503,3,112);
INSERT INTO "checkprocess_productobjectprocess" VALUES(504,4,112);
INSERT INTO "checkprocess_productobjectprocess" VALUES(505,1,113);
INSERT INTO "checkprocess_productobjectprocess" VALUES(506,2,113);
INSERT INTO "checkprocess_productobjectprocess" VALUES(507,3,113);
INSERT INTO "checkprocess_productobjectprocess" VALUES(508,4,113);
INSERT INTO "checkprocess_productobjectprocess" VALUES(509,1,114);
INSERT INTO "checkprocess_productobjectprocess" VALUES(510,2,114);
INSERT INTO "checkprocess_productobjectprocess" VALUES(511,3,114);
INSERT INTO "checkprocess_productobjectprocess" VALUES(512,4,114);
INSERT INTO "checkprocess_productobjectprocess" VALUES(513,1,115);
INSERT INTO "checkprocess_productobjectprocess" VALUES(514,2,115);
INSERT INTO "checkprocess_productobjectprocess" VALUES(515,3,115);
INSERT INTO "checkprocess_productobjectprocess" VALUES(516,4,115);
INSERT INTO "checkprocess_productobjectprocess" VALUES(517,1,116);
INSERT INTO "checkprocess_productobjectprocess" VALUES(518,2,116);
INSERT INTO "checkprocess_productobjectprocess" VALUES(519,3,116);
INSERT INTO "checkprocess_productobjectprocess" VALUES(520,4,116);
INSERT INTO "checkprocess_productobjectprocess" VALUES(521,1,117);
INSERT INTO "checkprocess_productobjectprocess" VALUES(522,2,117);
INSERT INTO "checkprocess_productobjectprocess" VALUES(523,3,117);
INSERT INTO "checkprocess_productobjectprocess" VALUES(524,4,117);
INSERT INTO "checkprocess_productobjectprocess" VALUES(525,1,118);
INSERT INTO "checkprocess_productobjectprocess" VALUES(526,2,118);
INSERT INTO "checkprocess_productobjectprocess" VALUES(527,3,118);
INSERT INTO "checkprocess_productobjectprocess" VALUES(528,4,118);
INSERT INTO "checkprocess_productobjectprocess" VALUES(529,1,119);
INSERT INTO "checkprocess_productobjectprocess" VALUES(530,2,119);
INSERT INTO "checkprocess_productobjectprocess" VALUES(531,3,119);
INSERT INTO "checkprocess_productobjectprocess" VALUES(532,4,119);
INSERT INTO "checkprocess_productobjectprocess" VALUES(533,1,120);
INSERT INTO "checkprocess_productobjectprocess" VALUES(534,2,120);
INSERT INTO "checkprocess_productobjectprocess" VALUES(535,3,120);
INSERT INTO "checkprocess_productobjectprocess" VALUES(536,4,120);
INSERT INTO "checkprocess_productobjectprocess" VALUES(537,1,121);
INSERT INTO "checkprocess_productobjectprocess" VALUES(538,2,121);
INSERT INTO "checkprocess_productobjectprocess" VALUES(539,3,121);
INSERT INTO "checkprocess_productobjectprocess" VALUES(540,4,121);
INSERT INTO "checkprocess_productobjectprocess" VALUES(541,1,122);
INSERT INTO "checkprocess_productobjectprocess" VALUES(542,2,122);
INSERT INTO "checkprocess_productobjectprocess" VALUES(543,3,122);
INSERT INTO "checkprocess_productobjectprocess" VALUES(544,4,122);
INSERT INTO "checkprocess_productobjectprocess" VALUES(545,1,123);
INSERT INTO "checkprocess_productobjectprocess" VALUES(546,2,123);
INSERT INTO "checkprocess_productobjectprocess" VALUES(547,3,123);
INSERT INTO "checkprocess_productobjectprocess" VALUES(548,4,123);
INSERT INTO "checkprocess_productobjectprocess" VALUES(549,1,124);
INSERT INTO "checkprocess_productobjectprocess" VALUES(550,2,124);
INSERT INTO "checkprocess_productobjectprocess" VALUES(551,3,124);
INSERT INTO "checkprocess_productobjectprocess" VALUES(552,4,124);
INSERT INTO "checkprocess_productobjectprocess" VALUES(553,1,125);
INSERT INTO "checkprocess_productobjectprocess" VALUES(554,2,125);
INSERT INTO "checkprocess_productobjectprocess" VALUES(555,3,125);
INSERT INTO "checkprocess_productobjectprocess" VALUES(556,4,125);
INSERT INTO "checkprocess_productobjectprocess" VALUES(557,1,126);
INSERT INTO "checkprocess_productobjectprocess" VALUES(558,2,126);
INSERT INTO "checkprocess_productobjectprocess" VALUES(559,3,126);
INSERT INTO "checkprocess_productobjectprocess" VALUES(560,4,126);
INSERT INTO "checkprocess_productobjectprocess" VALUES(561,1,127);
INSERT INTO "checkprocess_productobjectprocess" VALUES(562,2,127);
INSERT INTO "checkprocess_productobjectprocess" VALUES(563,3,127);
INSERT INTO "checkprocess_productobjectprocess" VALUES(564,4,127);
INSERT INTO "checkprocess_productobjectprocess" VALUES(565,1,128);
INSERT INTO "checkprocess_productobjectprocess" VALUES(566,2,128);
INSERT INTO "checkprocess_productobjectprocess" VALUES(567,3,128);
INSERT INTO "checkprocess_productobjectprocess" VALUES(568,4,128);
INSERT INTO "checkprocess_productobjectprocess" VALUES(569,1,129);
INSERT INTO "checkprocess_productobjectprocess" VALUES(570,2,129);
INSERT INTO "checkprocess_productobjectprocess" VALUES(571,3,129);
INSERT INTO "checkprocess_productobjectprocess" VALUES(572,4,129);
INSERT INTO "checkprocess_productobjectprocess" VALUES(573,1,130);
INSERT INTO "checkprocess_productobjectprocess" VALUES(574,2,130);
INSERT INTO "checkprocess_productobjectprocess" VALUES(575,3,130);
INSERT INTO "checkprocess_productobjectprocess" VALUES(576,4,130);
INSERT INTO "checkprocess_productobjectprocess" VALUES(577,1,131);
INSERT INTO "checkprocess_productobjectprocess" VALUES(578,2,131);
INSERT INTO "checkprocess_productobjectprocess" VALUES(579,3,131);
INSERT INTO "checkprocess_productobjectprocess" VALUES(580,4,131);
INSERT INTO "checkprocess_productobjectprocess" VALUES(581,1,132);
INSERT INTO "checkprocess_productobjectprocess" VALUES(582,2,132);
INSERT INTO "checkprocess_productobjectprocess" VALUES(583,3,132);
INSERT INTO "checkprocess_productobjectprocess" VALUES(584,4,132);
INSERT INTO "checkprocess_productobjectprocess" VALUES(585,1,133);
INSERT INTO "checkprocess_productobjectprocess" VALUES(586,2,133);
INSERT INTO "checkprocess_productobjectprocess" VALUES(587,3,133);
INSERT INTO "checkprocess_productobjectprocess" VALUES(588,4,133);
INSERT INTO "checkprocess_productobjectprocess" VALUES(589,1,134);
INSERT INTO "checkprocess_productobjectprocess" VALUES(590,2,134);
INSERT INTO "checkprocess_productobjectprocess" VALUES(591,3,134);
INSERT INTO "checkprocess_productobjectprocess" VALUES(592,4,134);
INSERT INTO "checkprocess_productobjectprocess" VALUES(593,1,135);
INSERT INTO "checkprocess_productobjectprocess" VALUES(594,2,135);
INSERT INTO "checkprocess_productobjectprocess" VALUES(595,3,135);
INSERT INTO "checkprocess_productobjectprocess" VALUES(596,4,135);
INSERT INTO "checkprocess_productobjectprocess" VALUES(597,1,136);
INSERT INTO "checkprocess_productobjectprocess" VALUES(598,2,136);
INSERT INTO "checkprocess_productobjectprocess" VALUES(599,3,136);
INSERT INTO "checkprocess_productobjectprocess" VALUES(600,4,136);
INSERT INTO "checkprocess_productobjectprocess" VALUES(601,1,137);
INSERT INTO "checkprocess_productobjectprocess" VALUES(602,2,137);
INSERT INTO "checkprocess_productobjectprocess" VALUES(603,3,137);
INSERT INTO "checkprocess_productobjectprocess" VALUES(604,4,137);
INSERT INTO "checkprocess_productobjectprocess" VALUES(605,1,138);
INSERT INTO "checkprocess_productobjectprocess" VALUES(606,2,138);
INSERT INTO "checkprocess_productobjectprocess" VALUES(607,3,138);
INSERT INTO "checkprocess_productobjectprocess" VALUES(608,4,138);
INSERT INTO "checkprocess_productobjectprocess" VALUES(609,1,139);
INSERT INTO "checkprocess_productobjectprocess" VALUES(610,2,139);
INSERT INTO "checkprocess_productobjectprocess" VALUES(611,3,139);
INSERT INTO "checkprocess_productobjectprocess" VALUES(612,4,139);
INSERT INTO "checkprocess_productobjectprocess" VALUES(613,1,140);
INSERT INTO "checkprocess_productobjectprocess" VALUES(614,2,140);
INSERT INTO "checkprocess_productobjectprocess" VALUES(615,3,140);
INSERT INTO "checkprocess_productobjectprocess" VALUES(616,4,140);
INSERT INTO "checkprocess_productobjectprocess" VALUES(617,1,141);
INSERT INTO "checkprocess_productobjectprocess" VALUES(618,2,141);
INSERT INTO "checkprocess_productobjectprocess" VALUES(619,3,141);
INSERT INTO "checkprocess_productobjectprocess" VALUES(620,4,141);
INSERT INTO "checkprocess_productobjectprocess" VALUES(621,1,142);
INSERT INTO "checkprocess_productobjectprocess" VALUES(622,2,142);
INSERT INTO "checkprocess_productobjectprocess" VALUES(623,3,142);
INSERT INTO "checkprocess_productobjectprocess" VALUES(624,4,142);
INSERT INTO "checkprocess_productobjectprocess" VALUES(625,1,143);
INSERT INTO "checkprocess_productobjectprocess" VALUES(626,2,143);
INSERT INTO "checkprocess_productobjectprocess" VALUES(627,3,143);
INSERT INTO "checkprocess_productobjectprocess" VALUES(628,4,143);
INSERT INTO "checkprocess_productobjectprocess" VALUES(629,1,144);
INSERT INTO "checkprocess_productobjectprocess" VALUES(630,2,144);
INSERT INTO "checkprocess_productobjectprocess" VALUES(631,3,144);
INSERT INTO "checkprocess_productobjectprocess" VALUES(632,4,144);
CREATE TABLE "checkprocess_productobjectprocesslog" ("id" integer NOT NULL PRIMARY KEY AUTOINCREMENT, "entry_time" datetime NOT NULL, "who_entry" varchar(255) NULL, "exit_time" datetime NULL, "who_exit" varchar(255) NULL, "product_object_process_id" bigint NOT NULL REFERENCES "checkprocess_productobjectprocess" ("id") DEFERRABLE INITIALLY DEFERRED, "place_id" bigint NULL REFERENCES "checkprocess_place" ("id") DEFERRABLE INITIALLY DEFERRED);
INSERT INTO "checkprocess_productobjectprocesslog" VALUES(64,'2025-06-25 11:17:01.166028','06224',NULL,NULL,145,1);
INSERT INTO "checkprocess_productobjectprocesslog" VALUES(65,'2025-06-25 11:17:14.702585','06224',NULL,NULL,149,1);
INSERT INTO "checkprocess_productobjectprocesslog" VALUES(66,'2025-06-25 11:30:46.131397','06224',NULL,NULL,153,1);
INSERT INTO "checkprocess_productobjectprocesslog" VALUES(67,'2025-06-25 11:31:02.830622','06224',NULL,NULL,157,1);
INSERT INTO "checkprocess_productobjectprocesslog" VALUES(68,'2025-06-25 11:31:47.092011','06224',NULL,NULL,161,1);
INSERT INTO "checkprocess_productobjectprocesslog" VALUES(69,'2025-06-25 11:32:13.268767','06224',NULL,NULL,165,1);
INSERT INTO "checkprocess_productobjectprocesslog" VALUES(70,'2025-06-25 11:32:24.140609','06224','2025-06-26 07:04:07.697440','1231',169,1);
INSERT INTO "checkprocess_productobjectprocesslog" VALUES(71,'2025-06-25 11:33:06.582923','06224',NULL,NULL,173,1);
INSERT INTO "checkprocess_productobjectprocesslog" VALUES(72,'2025-06-25 11:33:14.897389','06224',NULL,NULL,177,1);
INSERT INTO "checkprocess_productobjectprocesslog" VALUES(73,'2025-06-25 11:33:22.238480','06224',NULL,NULL,181,1);
INSERT INTO "checkprocess_productobjectprocesslog" VALUES(74,'2025-06-25 11:33:32.221966','06224',NULL,NULL,185,1);
INSERT INTO "checkprocess_productobjectprocesslog" VALUES(75,'2025-06-25 11:33:42.168016','06224',NULL,NULL,189,1);
INSERT INTO "checkprocess_productobjectprocesslog" VALUES(76,'2025-06-25 11:34:21.130104','06224',NULL,NULL,193,1);
INSERT INTO "checkprocess_productobjectprocesslog" VALUES(77,'2025-06-25 11:34:52.134730','06224',NULL,NULL,197,1);
INSERT INTO "checkprocess_productobjectprocesslog" VALUES(78,'2025-06-25 11:34:59.792019','06224',NULL,NULL,201,1);
INSERT INTO "checkprocess_productobjectprocesslog" VALUES(79,'2025-06-25 11:35:07.138907','06224',NULL,NULL,205,1);
INSERT INTO "checkprocess_productobjectprocesslog" VALUES(80,'2025-06-25 11:35:14.429198','06224',NULL,NULL,209,1);
INSERT INTO "checkprocess_productobjectprocesslog" VALUES(81,'2025-06-26 06:52:07.560611','06225','2025-06-26 07:04:07.713053','1231',213,1);
INSERT INTO "checkprocess_productobjectprocesslog" VALUES(82,'2025-06-26 06:52:12.306305','06225','2025-06-26 07:04:07.713053','1231',217,1);
INSERT INTO "checkprocess_productobjectprocesslog" VALUES(83,'2025-06-26 06:52:15.728343','06225','2025-06-26 07:04:07.728674','1231',221,1);
INSERT INTO "checkprocess_productobjectprocesslog" VALUES(84,'2025-06-26 06:52:25.930423','06225','2025-06-26 07:04:07.728674','1231',225,1);
INSERT INTO "checkprocess_productobjectprocesslog" VALUES(85,'2025-06-26 06:52:34.989775','06225','2025-06-26 07:04:07.728674','1231',229,1);
INSERT INTO "checkprocess_productobjectprocesslog" VALUES(86,'2025-06-26 06:52:50.836398','06225','2025-06-26 07:04:07.728674','1231',233,1);
INSERT INTO "checkprocess_productobjectprocesslog" VALUES(87,'2025-06-26 06:52:55.228175','06225','2025-06-26 07:04:07.744284','1231',237,1);
INSERT INTO "checkprocess_productobjectprocesslog" VALUES(88,'2025-06-26 06:52:58.636607','06225','2025-06-26 07:04:07.744284','1231',241,1);
INSERT INTO "checkprocess_productobjectprocesslog" VALUES(89,'2025-06-26 06:53:02.719935','06225','2025-06-26 07:04:07.744284','1231',245,1);
INSERT INTO "checkprocess_productobjectprocesslog" VALUES(90,'2025-06-26 06:53:06.818031','06225','2025-06-26 07:04:07.744284','1231',249,1);
INSERT INTO "checkprocess_productobjectprocesslog" VALUES(91,'2025-06-26 06:53:10.353936','06225','2025-06-26 07:04:07.759905','1231',253,1);
INSERT INTO "checkprocess_productobjectprocesslog" VALUES(92,'2025-06-26 06:53:16.316185','06225','2025-06-26 07:04:07.759905','1231',257,1);
INSERT INTO "checkprocess_productobjectprocesslog" VALUES(93,'2025-06-26 06:53:19.328375','06225','2025-06-26 07:04:07.759905','1231',261,1);
INSERT INTO "checkprocess_productobjectprocesslog" VALUES(94,'2025-06-26 06:53:22.886383','06225','2025-06-26 07:04:07.759905','1231',265,1);
INSERT INTO "checkprocess_productobjectprocesslog" VALUES(95,'2025-06-26 06:53:28.381315','06225','2025-06-26 07:04:07.759905','1231',269,1);
INSERT INTO "checkprocess_productobjectprocesslog" VALUES(96,'2025-06-26 06:53:31.606999','06225','2025-06-26 07:04:07.775529','1231',273,1);
INSERT INTO "checkprocess_productobjectprocesslog" VALUES(97,'2025-06-26 06:53:34.144010','06225','2025-06-26 07:04:07.775529','1231',277,1);
INSERT INTO "checkprocess_productobjectprocesslog" VALUES(98,'2025-06-26 06:53:37.916498','06225','2025-06-26 07:04:07.775529','1231',281,1);
INSERT INTO "checkprocess_productobjectprocesslog" VALUES(99,'2025-06-26 06:53:42.144836','06225','2025-06-26 07:04:07.775529','1231',285,1);
INSERT INTO "checkprocess_productobjectprocesslog" VALUES(100,'2025-06-26 06:53:46.823842','06225','2025-06-26 07:04:07.775529','1231',289,1);
INSERT INTO "checkprocess_productobjectprocesslog" VALUES(101,'2025-06-26 07:05:06.022787','40751',NULL,NULL,170,3);
INSERT INTO "checkprocess_productobjectprocesslog" VALUES(102,'2025-06-26 07:05:06.038427','40751',NULL,NULL,214,3);
INSERT INTO "checkprocess_productobjectprocesslog" VALUES(103,'2025-06-26 07:05:06.038427','40751',NULL,NULL,218,3);
INSERT INTO "checkprocess_productobjectprocesslog" VALUES(104,'2025-06-26 07:05:06.038427','40751',NULL,NULL,222,3);
INSERT INTO "checkprocess_productobjectprocesslog" VALUES(105,'2025-06-26 07:05:06.054045','40751',NULL,NULL,226,3);
INSERT INTO "checkprocess_productobjectprocesslog" VALUES(106,'2025-06-26 07:05:06.054045','40751',NULL,NULL,230,3);
INSERT INTO "checkprocess_productobjectprocesslog" VALUES(107,'2025-06-26 07:05:06.054045','40751',NULL,NULL,234,3);
INSERT INTO "checkprocess_productobjectprocesslog" VALUES(108,'2025-06-26 07:05:06.069669','40751',NULL,NULL,238,3);
INSERT INTO "checkprocess_productobjectprocesslog" VALUES(109,'2025-06-26 07:05:06.069669','40751',NULL,NULL,242,3);
INSERT INTO "checkprocess_productobjectprocesslog" VALUES(110,'2025-06-26 07:05:06.069669','40751',NULL,NULL,246,3);
INSERT INTO "checkprocess_productobjectprocesslog" VALUES(111,'2025-06-26 07:05:06.069669','40751',NULL,NULL,250,3);
INSERT INTO "checkprocess_productobjectprocesslog" VALUES(112,'2025-06-26 07:05:06.085287','40751',NULL,NULL,254,3);
INSERT INTO "checkprocess_productobjectprocesslog" VALUES(113,'2025-06-26 07:05:06.085287','40751',NULL,NULL,258,3);
INSERT INTO "checkprocess_productobjectprocesslog" VALUES(114,'2025-06-26 07:05:06.085287','40751',NULL,NULL,262,3);
INSERT INTO "checkprocess_productobjectprocesslog" VALUES(115,'2025-06-26 07:05:06.100983','40751',NULL,NULL,266,3);
INSERT INTO "checkprocess_productobjectprocesslog" VALUES(116,'2025-06-26 07:05:06.100983','40751',NULL,NULL,270,3);
INSERT INTO "checkprocess_productobjectprocesslog" VALUES(117,'2025-06-26 07:05:06.100983','40751',NULL,NULL,274,3);
INSERT INTO "checkprocess_productobjectprocesslog" VALUES(118,'2025-06-26 07:05:06.116537','40751',NULL,NULL,278,3);
INSERT INTO "checkprocess_productobjectprocesslog" VALUES(119,'2025-06-26 07:05:06.116537','40751',NULL,NULL,282,3);
INSERT INTO "checkprocess_productobjectprocesslog" VALUES(120,'2025-06-26 07:05:06.116537','40751','2025-06-27 08:48:50.548372','45247',286,3);
INSERT INTO "checkprocess_productobjectprocesslog" VALUES(121,'2025-06-26 07:05:06.116537','40751',NULL,NULL,290,3);
INSERT INTO "checkprocess_productobjectprocesslog" VALUES(122,'2025-06-27 08:55:38.054830','45247',NULL,NULL,287,4);
INSERT INTO "checkprocess_productobjectprocesslog" VALUES(123,'2025-07-02 08:42:59.671355','06224',NULL,NULL,293,1);
INSERT INTO "checkprocess_productobjectprocesslog" VALUES(124,'2025-07-02 08:43:15.806424','06224',NULL,NULL,297,1);
INSERT INTO "checkprocess_productobjectprocesslog" VALUES(125,'2025-07-02 08:43:21.778799','06224',NULL,NULL,301,1);
INSERT INTO "checkprocess_productobjectprocesslog" VALUES(126,'2025-07-02 08:43:25.398553','06224',NULL,NULL,305,1);
INSERT INTO "checkprocess_productobjectprocesslog" VALUES(127,'2025-07-02 08:43:28.145199','06224',NULL,NULL,309,1);
INSERT INTO "checkprocess_productobjectprocesslog" VALUES(128,'2025-07-02 08:43:35.746758','06224',NULL,NULL,313,1);
INSERT INTO "checkprocess_productobjectprocesslog" VALUES(129,'2025-07-02 08:43:39.949892','06224',NULL,NULL,317,1);
INSERT INTO "checkprocess_productobjectprocesslog" VALUES(130,'2025-07-02 08:43:42.502412','06224',NULL,NULL,321,1);
INSERT INTO "checkprocess_productobjectprocesslog" VALUES(131,'2025-07-02 08:43:47.268543','06224',NULL,NULL,325,1);
INSERT INTO "checkprocess_productobjectprocesslog" VALUES(132,'2025-07-02 08:43:54.009616','06224',NULL,NULL,329,1);
INSERT INTO "checkprocess_productobjectprocesslog" VALUES(133,'2025-07-02 08:44:00.127184','06224',NULL,NULL,333,1);
INSERT INTO "checkprocess_productobjectprocesslog" VALUES(134,'2025-07-02 08:44:06.801225','06224',NULL,NULL,337,1);
INSERT INTO "checkprocess_productobjectprocesslog" VALUES(135,'2025-07-02 08:44:18.691701','06224',NULL,NULL,341,1);
INSERT INTO "checkprocess_productobjectprocesslog" VALUES(136,'2025-07-02 08:44:23.313950','06224',NULL,NULL,345,1);
INSERT INTO "checkprocess_productobjectprocesslog" VALUES(137,'2025-07-02 08:44:25.318182','06224',NULL,NULL,349,1);
INSERT INTO "checkprocess_productobjectprocesslog" VALUES(138,'2025-07-02 08:49:30.729916','06224',NULL,NULL,353,1);
INSERT INTO "checkprocess_productobjectprocesslog" VALUES(139,'2025-07-02 08:49:33.517895','06224',NULL,NULL,357,1);
INSERT INTO "checkprocess_productobjectprocesslog" VALUES(140,'2025-07-02 08:49:36.261207','06224',NULL,NULL,361,1);
INSERT INTO "checkprocess_productobjectprocesslog" VALUES(141,'2025-07-02 08:49:38.568328','06224',NULL,NULL,365,1);
INSERT INTO "checkprocess_productobjectprocesslog" VALUES(142,'2025-07-02 08:49:43.217481','06224',NULL,NULL,369,1);
INSERT INTO "checkprocess_productobjectprocesslog" VALUES(143,'2025-07-09 06:40:46.071798','06225',NULL,NULL,373,1);
INSERT INTO "checkprocess_productobjectprocesslog" VALUES(144,'2025-07-09 06:40:54.301940','06225',NULL,NULL,377,1);
INSERT INTO "checkprocess_productobjectprocesslog" VALUES(145,'2025-07-09 06:41:03.104556','06225',NULL,NULL,381,1);
INSERT INTO "checkprocess_productobjectprocesslog" VALUES(146,'2025-07-09 06:41:10.637943','06225',NULL,NULL,385,1);
INSERT INTO "checkprocess_productobjectprocesslog" VALUES(147,'2025-07-09 06:41:19.077046','06225',NULL,NULL,389,1);
INSERT INTO "checkprocess_productobjectprocesslog" VALUES(148,'2025-07-09 06:41:26.042658','06225',NULL,NULL,393,1);
INSERT INTO "checkprocess_productobjectprocesslog" VALUES(149,'2025-07-09 06:41:29.693563','06225',NULL,NULL,397,1);
INSERT INTO "checkprocess_productobjectprocesslog" VALUES(150,'2025-07-09 06:41:34.399544','06225',NULL,NULL,401,1);
INSERT INTO "checkprocess_productobjectprocesslog" VALUES(151,'2025-07-09 06:41:37.473788','06225',NULL,NULL,405,1);
INSERT INTO "checkprocess_productobjectprocesslog" VALUES(152,'2025-07-09 06:41:42.763370','06225',NULL,NULL,409,1);
INSERT INTO "checkprocess_productobjectprocesslog" VALUES(153,'2025-07-09 06:41:47.650943','06225',NULL,NULL,413,1);
INSERT INTO "checkprocess_productobjectprocesslog" VALUES(154,'2025-07-09 06:41:52.203065','06225',NULL,NULL,417,1);
INSERT INTO "checkprocess_productobjectprocesslog" VALUES(155,'2025-07-09 06:45:34.834215','06225',NULL,NULL,421,10);
INSERT INTO "checkprocess_productobjectprocesslog" VALUES(156,'2025-07-09 06:45:37.818705','06225',NULL,NULL,425,10);
INSERT INTO "checkprocess_productobjectprocesslog" VALUES(157,'2025-07-09 06:45:44.958718','06225',NULL,NULL,429,10);
INSERT INTO "checkprocess_productobjectprocesslog" VALUES(158,'2025-07-16 07:01:55.176046','06224',NULL,NULL,433,10);
INSERT INTO "checkprocess_productobjectprocesslog" VALUES(159,'2025-07-16 07:02:01.800252','06224',NULL,NULL,437,10);
INSERT INTO "checkprocess_productobjectprocesslog" VALUES(160,'2025-07-16 07:02:08.771340','06224',NULL,NULL,441,10);
INSERT INTO "checkprocess_productobjectprocesslog" VALUES(161,'2025-07-16 07:02:14.299473','06224',NULL,NULL,445,10);
INSERT INTO "checkprocess_productobjectprocesslog" VALUES(162,'2025-07-16 07:02:19.486081','06224',NULL,NULL,449,10);
INSERT INTO "checkprocess_productobjectprocesslog" VALUES(163,'2025-07-16 07:02:26.646106','06224',NULL,NULL,453,10);
INSERT INTO "checkprocess_productobjectprocesslog" VALUES(164,'2025-07-16 07:02:32.033831','06224',NULL,NULL,457,10);
INSERT INTO "checkprocess_productobjectprocesslog" VALUES(165,'2025-07-16 07:02:37.334693','06224',NULL,NULL,461,10);
INSERT INTO "checkprocess_productobjectprocesslog" VALUES(166,'2025-07-16 07:02:47.001351','06224',NULL,NULL,465,10);
INSERT INTO "checkprocess_productobjectprocesslog" VALUES(167,'2025-07-16 07:02:51.596332','06224',NULL,NULL,469,10);
INSERT INTO "checkprocess_productobjectprocesslog" VALUES(168,'2025-07-16 07:02:56.616353','06224',NULL,NULL,473,10);
INSERT INTO "checkprocess_productobjectprocesslog" VALUES(169,'2025-07-16 07:13:19.752182','06224',NULL,NULL,477,10);
INSERT INTO "checkprocess_productobjectprocesslog" VALUES(170,'2025-07-16 07:13:25.218050','06224',NULL,NULL,481,10);
INSERT INTO "checkprocess_productobjectprocesslog" VALUES(171,'2025-07-16 07:13:29.149749','06224',NULL,NULL,485,10);
INSERT INTO "checkprocess_productobjectprocesslog" VALUES(172,'2025-07-16 07:13:37.797309','06224',NULL,NULL,489,10);
INSERT INTO "checkprocess_productobjectprocesslog" VALUES(173,'2025-07-16 07:13:42.687115','06224',NULL,NULL,493,10);
INSERT INTO "checkprocess_productobjectprocesslog" VALUES(174,'2025-07-16 07:13:51.117805','06224',NULL,NULL,497,10);
INSERT INTO "checkprocess_productobjectprocesslog" VALUES(175,'2025-07-16 07:13:57.720664','06224',NULL,NULL,501,10);
INSERT INTO "checkprocess_productobjectprocesslog" VALUES(176,'2025-07-16 07:14:04.110323','06224',NULL,NULL,505,10);
INSERT INTO "checkprocess_productobjectprocesslog" VALUES(177,'2025-07-16 07:14:08.320613','06224',NULL,NULL,509,10);
INSERT INTO "checkprocess_productobjectprocesslog" VALUES(178,'2025-07-17 04:15:37.180781','06225',NULL,NULL,148,11);
INSERT INTO "checkprocess_productobjectprocesslog" VALUES(179,'2025-07-17 04:15:52.338980','06225',NULL,NULL,196,11);
INSERT INTO "checkprocess_productobjectprocesslog" VALUES(180,'2025-07-18 04:02:12.741989','06225',NULL,NULL,156,11);
INSERT INTO "checkprocess_productobjectprocesslog" VALUES(181,'2025-07-18 04:02:18.325398','06225',NULL,NULL,152,11);
INSERT INTO "checkprocess_productobjectprocesslog" VALUES(182,'2025-07-21 04:20:59.058657','06224',NULL,NULL,184,11);
INSERT INTO "checkprocess_productobjectprocesslog" VALUES(183,'2025-07-21 04:21:02.724586','06224',NULL,NULL,164,11);
INSERT INTO "checkprocess_productobjectprocesslog" VALUES(184,'2025-07-21 04:21:06.753749','06224',NULL,NULL,160,11);
INSERT INTO "checkprocess_productobjectprocesslog" VALUES(185,'2025-07-22 05:46:22.029649','40807',NULL,NULL,208,11);
INSERT INTO "checkprocess_productobjectprocesslog" VALUES(186,'2025-07-22 05:46:26.709418','40807',NULL,NULL,204,11);
INSERT INTO "checkprocess_productobjectprocesslog" VALUES(187,'2025-07-22 05:46:31.254038','40807',NULL,NULL,168,11);
INSERT INTO "checkprocess_productobjectprocesslog" VALUES(188,'2025-07-23 04:34:17.123515','06224',NULL,NULL,212,11);
INSERT INTO "checkprocess_productobjectprocesslog" VALUES(189,'2025-07-23 04:34:24.570365','06224',NULL,NULL,180,11);
INSERT INTO "checkprocess_productobjectprocesslog" VALUES(190,'2025-07-23 04:34:28.765154','06224',NULL,NULL,176,11);
INSERT INTO "checkprocess_productobjectprocesslog" VALUES(191,'2025-07-23 08:43:05.117561','06224',NULL,NULL,513,10);
INSERT INTO "checkprocess_productobjectprocesslog" VALUES(192,'2025-07-23 08:43:09.643434','06224',NULL,NULL,517,10);
INSERT INTO "checkprocess_productobjectprocesslog" VALUES(193,'2025-07-23 08:43:14.672260','06224',NULL,NULL,521,10);
INSERT INTO "checkprocess_productobjectprocesslog" VALUES(194,'2025-07-23 08:44:38.515387','06224',NULL,NULL,525,1);
INSERT INTO "checkprocess_productobjectprocesslog" VALUES(195,'2025-07-23 08:44:49.390311','06224',NULL,NULL,529,1);
INSERT INTO "checkprocess_productobjectprocesslog" VALUES(196,'2025-07-23 08:44:54.889598','06224',NULL,NULL,533,1);
INSERT INTO "checkprocess_productobjectprocesslog" VALUES(197,'2025-07-23 08:45:00.179002','06224',NULL,NULL,537,1);
INSERT INTO "checkprocess_productobjectprocesslog" VALUES(198,'2025-07-23 08:45:05.192781','06224',NULL,NULL,541,1);
INSERT INTO "checkprocess_productobjectprocesslog" VALUES(199,'2025-07-23 08:45:08.040312','06224',NULL,NULL,545,1);
INSERT INTO "checkprocess_productobjectprocesslog" VALUES(200,'2025-07-23 08:45:17.264963','06224',NULL,NULL,549,1);
INSERT INTO "checkprocess_productobjectprocesslog" VALUES(201,'2025-07-23 08:48:47.282068','06224',NULL,NULL,553,1);
INSERT INTO "checkprocess_productobjectprocesslog" VALUES(202,'2025-07-23 08:48:55.242455','06224',NULL,NULL,557,1);
INSERT INTO "checkprocess_productobjectprocesslog" VALUES(203,'2025-07-23 08:49:00.668313','06224',NULL,NULL,561,1);
INSERT INTO "checkprocess_productobjectprocesslog" VALUES(204,'2025-07-23 08:49:09.603887','06224',NULL,NULL,565,1);
INSERT INTO "checkprocess_productobjectprocesslog" VALUES(205,'2025-07-23 08:50:13.359957','06224',NULL,NULL,569,1);
INSERT INTO "checkprocess_productobjectprocesslog" VALUES(206,'2025-07-23 08:50:21.916272','06224',NULL,NULL,573,1);
INSERT INTO "checkprocess_productobjectprocesslog" VALUES(207,'2025-07-23 08:50:26.928025','06224',NULL,NULL,577,1);
INSERT INTO "checkprocess_productobjectprocesslog" VALUES(208,'2025-07-23 08:50:31.258220','06224',NULL,NULL,581,1);
INSERT INTO "checkprocess_productobjectprocesslog" VALUES(209,'2025-07-23 08:50:39.612441','06224',NULL,NULL,585,1);
INSERT INTO "checkprocess_productobjectprocesslog" VALUES(210,'2025-07-23 08:50:45.274051','06224',NULL,NULL,589,1);
INSERT INTO "checkprocess_productobjectprocesslog" VALUES(211,'2025-07-24 04:30:47.462781','06224',NULL,NULL,188,11);
INSERT INTO "checkprocess_productobjectprocesslog" VALUES(212,'2025-07-25 04:24:05.415733','40807',NULL,NULL,296,11);
INSERT INTO "checkprocess_productobjectprocesslog" VALUES(213,'2025-07-25 04:24:15.045223','40807',NULL,NULL,300,11);
INSERT INTO "checkprocess_productobjectprocesslog" VALUES(214,'2025-07-25 04:24:25.769028','40807',NULL,NULL,200,11);
INSERT INTO "checkprocess_productobjectprocesslog" VALUES(215,'2025-07-25 04:24:33.183119','40807',NULL,NULL,192,11);
INSERT INTO "checkprocess_productobjectprocesslog" VALUES(216,'2025-07-28 04:23:29.024671','40807',NULL,NULL,324,11);
INSERT INTO "checkprocess_productobjectprocesslog" VALUES(217,'2025-07-28 04:23:34.850814','40807',NULL,NULL,320,11);
INSERT INTO "checkprocess_productobjectprocesslog" VALUES(218,'2025-07-28 04:23:39.206308','40807',NULL,NULL,316,11);
INSERT INTO "checkprocess_productobjectprocesslog" VALUES(219,'2025-07-28 04:23:44.204834','40807',NULL,NULL,304,11);
INSERT INTO "checkprocess_productobjectprocesslog" VALUES(220,'2025-07-29 05:42:27.671048','06225',NULL,NULL,312,11);
INSERT INTO "checkprocess_productobjectprocesslog" VALUES(221,'2025-07-29 05:42:36.640656','06225',NULL,NULL,308,11);
INSERT INTO "checkprocess_productobjectprocesslog" VALUES(222,'2025-07-30 04:27:32.161419','06224',NULL,NULL,352,11);
INSERT INTO "checkprocess_productobjectprocesslog" VALUES(223,'2025-07-30 04:27:37.003356','06224',NULL,NULL,332,11);
INSERT INTO "checkprocess_productobjectprocesslog" VALUES(224,'2025-07-30 06:34:17.540436','06225',NULL,NULL,593,1);
INSERT INTO "checkprocess_productobjectprocesslog" VALUES(225,'2025-07-30 06:34:38.506759','06225',NULL,NULL,597,1);
INSERT INTO "checkprocess_productobjectprocesslog" VALUES(226,'2025-07-30 06:34:43.090238','06225',NULL,NULL,601,1);
INSERT INTO "checkprocess_productobjectprocesslog" VALUES(227,'2025-07-30 06:34:48.687763','06225',NULL,NULL,605,1);
INSERT INTO "checkprocess_productobjectprocesslog" VALUES(228,'2025-07-30 06:34:53.048231','06225',NULL,NULL,609,1);
INSERT INTO "checkprocess_productobjectprocesslog" VALUES(229,'2025-07-30 06:35:01.609525','06225',NULL,NULL,613,1);
INSERT INTO "checkprocess_productobjectprocesslog" VALUES(230,'2025-07-30 06:35:04.886658','06225',NULL,NULL,617,1);
INSERT INTO "checkprocess_productobjectprocesslog" VALUES(231,'2025-07-30 06:35:08.815820','06225',NULL,NULL,621,1);
INSERT INTO "checkprocess_productobjectprocesslog" VALUES(232,'2025-07-30 06:35:17.988093','06225',NULL,NULL,625,1);
INSERT INTO "checkprocess_productobjectprocesslog" VALUES(233,'2025-07-30 06:35:23.118749','06225',NULL,NULL,629,1);
INSERT INTO "checkprocess_productobjectprocesslog" VALUES(234,'2025-07-31 04:05:11.569629','06225',NULL,NULL,348,11);
INSERT INTO "checkprocess_productobjectprocesslog" VALUES(235,'2025-07-31 04:05:18.194253','06225',NULL,NULL,368,11);
INSERT INTO "checkprocess_productobjectprocesslog" VALUES(236,'2025-07-31 04:05:24.576674','06225',NULL,NULL,328,11);
INSERT INTO "checkprocess_productobjectprocesslog" VALUES(237,'2025-08-01 04:17:59.358288','40807',NULL,NULL,336,11);
INSERT INTO "checkprocess_productobjectprocesslog" VALUES(238,'2025-08-01 04:18:06.494076','40807',NULL,NULL,340,11);
INSERT INTO "checkprocess_productobjectprocesslog" VALUES(239,'2025-08-01 04:18:10.979085','40807',NULL,NULL,344,11);
INSERT INTO "checkprocess_productobjectprocesslog" VALUES(240,'2025-08-01 04:18:15.292976','40807',NULL,NULL,356,11);
INSERT INTO "checkprocess_productobjectprocesslog" VALUES(241,'2025-08-04 04:20:52.652104','06224',NULL,NULL,360,11);
INSERT INTO "checkprocess_productobjectprocesslog" VALUES(242,'2025-08-04 04:20:56.847400','06224',NULL,NULL,372,11);
INSERT INTO "checkprocess_productobjectprocesslog" VALUES(243,'2025-08-04 04:20:59.588853','06224',NULL,NULL,364,11);
INSERT INTO "checkprocess_productobjectprocesslog" VALUES(244,'2025-08-04 04:21:05.203391','06224',NULL,NULL,376,11);
INSERT INTO "checkprocess_productobjectprocesslog" VALUES(245,'2025-08-05 06:14:14.942347','40807',NULL,NULL,384,11);
CREATE TABLE "checkprocess_productprocess" ("id" integer NOT NULL PRIMARY KEY AUTOINCREMENT, "name" varchar(255) NOT NULL, "is_required" bool NOT NULL, "order" integer unsigned NOT NULL CHECK ("order" >= 0), "product_id" bigint NOT NULL REFERENCES "checkprocess_product" ("id") DEFERRABLE INITIALLY DEFERRED, "changing_exp_date" bool NOT NULL, "how_much_days_exp_date" integer NULL, "quranteen_time" integer NULL, "respect_quranteen_time" bool NOT NULL, "expecting_child" bool NOT NULL, "killing_app" bool NOT NULL, "ending_process" bool NOT NULL);
INSERT INTO "checkprocess_productprocess" VALUES(1,'Lodwka',1,1,1,1,14,24,0,1,0,0);
INSERT INTO "checkprocess_productprocess" VALUES(2,'Szafa Produkcyjna',1,2,1,0,NULL,NULL,1,0,0,0);
INSERT INTO "checkprocess_productprocess" VALUES(3,'Linia',1,3,1,0,NULL,NULL,0,0,1,0);
INSERT INTO "checkprocess_productprocess" VALUES(4,'Kosz na mieci',1,4,1,0,NULL,NULL,0,0,0,1);
INSERT INTO "checkprocess_productprocess" VALUES(5,'Szafa',1,1,2,0,NULL,NULL,0,0,0,0);
INSERT INTO "checkprocess_productprocess" VALUES(6,'Myjka',1,3,2,0,NULL,NULL,0,0,0,0);
INSERT INTO "checkprocess_productprocess" VALUES(7,'Linia',1,2,2,0,NULL,NULL,0,0,0,0);
CREATE TABLE "checkprocess_subproduct" ("id" integer NOT NULL PRIMARY KEY AUTOINCREMENT, "child_limit" integer NULL, "parser_type" varchar(64) NOT NULL, "product_id" bigint NOT NULL REFERENCES "checkprocess_product" ("id") DEFERRABLE INITIALLY DEFERRED, "name" varchar(255) NOT NULL);
CREATE TABLE "django_admin_log" ("id" integer NOT NULL PRIMARY KEY AUTOINCREMENT, "object_id" text NULL, "object_repr" varchar(200) NOT NULL, "action_flag" smallint unsigned NOT NULL CHECK ("action_flag" >= 0), "change_message" text NOT NULL, "content_type_id" integer NULL REFERENCES "django_content_type" ("id") DEFERRABLE INITIALLY DEFERRED, "user_id" integer NOT NULL REFERENCES "auth_user" ("id") DEFERRABLE INITIALLY DEFERRED, "action_time" datetime NOT NULL);
INSERT INTO "django_admin_log" VALUES(1,'5','CounterSumFromLastMaint object (5)',2,'[{"changed": {"fields": ["Counter"]}}]',7,1,'2025-03-11 11:51:45.825000');
INSERT INTO "django_admin_log" VALUES(2,'4','Fixture object (4)',2,'[{"changed": {"fields": ["Name"]}}]',8,2,'2025-04-01 11:11:04.222000');
INSERT INTO "django_admin_log" VALUES(3,'5','CounterSumFromLastMaint object (5)',2,'[{"changed": {"fields": ["Counter"]}}]',7,2,'2025-04-01 11:11:12.622000');
INSERT INTO "django_admin_log" VALUES(4,'3','Fixture object (3)',2,'[{"changed": {"fields": ["Name"]}}]',8,2,'2025-04-01 11:11:39.339000');
INSERT INTO "django_admin_log" VALUES(5,'4','CounterSumFromLastMaint object (4)',2,'[{"changed": {"fields": ["Counter"]}}]',7,2,'2025-04-01 11:11:50.547000');
INSERT INTO "django_admin_log" VALUES(6,'2','Fixture object (2)',2,'[{"changed": {"fields": ["Name"]}}]',8,2,'2025-04-01 11:12:13.345000');
INSERT INTO "django_admin_log" VALUES(7,'1','Fixture object (1)',2,'[{"changed": {"fields": ["Name"]}}]',8,2,'2025-04-01 11:14:17.229000');
INSERT INTO "django_admin_log" VALUES(8,'1','CounterSumFromLastMaint object (1)',2,'[{"changed": {"fields": ["Counter"]}}]',7,2,'2025-04-01 11:14:43.648000');
INSERT INTO "django_admin_log" VALUES(9,'7','Fixture object (7)',3,'',8,3,'2025-04-03 06:13:27.238000');
INSERT INTO "django_admin_log" VALUES(10,'8','FullCounter object (8)',1,'[{"added": {}}]',10,3,'2025-04-03 06:52:45.617000');
INSERT INTO "django_admin_log" VALUES(11,'8','CounterSumFromLastMaint object (8)',1,'[{"added": {}}]',7,3,'2025-04-03 06:52:58.748000');
INSERT INTO "django_admin_log" VALUES(12,'8','pone',1,'[{"added": {}}]',8,3,'2025-04-03 06:53:11.815000');
INSERT INTO "django_admin_log" VALUES(13,'8','pone',3,'',8,3,'2025-04-03 06:53:18.800000');
INSERT INTO "django_admin_log" VALUES(14,'8','CounterSumFromLastMaint object (8)',3,'',7,3,'2025-04-03 06:53:24.851000');
INSERT INTO "django_admin_log" VALUES(15,'8','FullCounter object (8)',3,'',10,3,'2025-04-03 06:53:32.522000');
INSERT INTO "django_admin_log" VALUES(16,'1','FullCounter object (1)',2,'[{"changed": {"fields": ["Counter"]}}]',10,3,'2025-04-04 07:51:05.866000');
INSERT INTO "django_admin_log" VALUES(17,'4','FullCounter object (4)',2,'[{"changed": {"fields": ["Counter"]}}]',10,3,'2025-04-04 07:51:41.427000');
INSERT INTO "django_admin_log" VALUES(18,'5','FullCounter object (5)',2,'[{"changed": {"fields": ["Counter"]}}]',10,3,'2025-04-04 07:52:02.961000');
INSERT INTO "django_admin_log" VALUES(19,'15','asjidjiasdasdhiihasdasdhiasjidjiasdasdhiihasdasdhiasjidjiasdasdhiihasdasdhiasjidjiasdasdhiihasdasdhi',1,'[{"added": {}}]',8,3,'2025-04-10 09:14:39.980000');
INSERT INTO "django_admin_log" VALUES(20,'15','asjidjiasdasdhiihasdasdhiasjidjiasdasdhiihasdasdhiasjidjiasdasdhiihasdasdhiasjidjiasdasdhiihasdasdhi',3,'',8,3,'2025-04-10 09:15:22.008000');
INSERT INTO "django_admin_log" VALUES(21,'16','test',3,'',8,3,'2025-04-16 07:11:33.074000');
INSERT INTO "django_admin_log" VALUES(22,'14','SKODA SK49 T1 STOP + T2 REV UK RH',3,'',8,3,'2025-04-16 07:11:33.074000');
INSERT INTO "django_admin_log" VALUES(23,'13','SKODA SK49 T1 STOP + T2 REV',3,'',8,3,'2025-04-16 07:11:33.074000');
INSERT INTO "django_admin_log" VALUES(24,'12','M182 T2 STOP TURN LH',3,'',8,3,'2025-04-16 07:11:33.074000');
INSERT INTO "django_admin_log" VALUES(25,'11','SKODA_SK49_T1_STOP_+_T2_REV',3,'',8,3,'2025-04-16 07:11:33.074000');
INSERT INTO "django_admin_log" VALUES(26,'10','A34_TOUCH',3,'',8,3,'2025-04-16 07:11:33.074000');
INSERT INTO "django_admin_log" VALUES(27,'9','A34',3,'',8,3,'2025-04-16 07:11:33.074000');
INSERT INTO "django_admin_log" VALUES(28,'6','M182_T2_STOP_TURN_LH',3,'',8,3,'2025-04-16 07:11:33.074000');
INSERT INTO "django_admin_log" VALUES(29,'5','M182_T1_TAIL_LH',3,'',8,3,'2025-04-16 07:11:33.074000');
INSERT INTO "django_admin_log" VALUES(30,'4','P2-BO-InLine',3,'',8,3,'2025-04-16 07:11:33.074000');
INSERT INTO "django_admin_log" VALUES(31,'3','Tonale_T1_STOP_TailTurn_ECE_LH',3,'',8,3,'2025-04-16 07:11:33.074000');
INSERT INTO "django_admin_log" VALUES(32,'2','PROJECT_ONE_S6 InLine_OBP',3,'',8,3,'2025-04-16 07:11:33.074000');
INSERT INTO "django_admin_log" VALUES(33,'1','Hornet_T1_StopTurn_LH',3,'',8,3,'2025-04-16 07:11:33.074000');
INSERT INTO "django_admin_log" VALUES(34,'17','FullCounter object (17)',2,'[{"changed": {"fields": ["Counter"]}}]',10,3,'2025-04-16 07:13:31.616000');
INSERT INTO "django_admin_log" VALUES(35,'17','CounterSumFromLastMaint object (17)',2,'[{"changed": {"fields": ["Counter"]}}]',7,3,'2025-04-16 07:14:30.375000');
INSERT INTO "django_admin_log" VALUES(36,'21','M182 T2 STOP TURN LH',3,'',8,3,'2025-04-16 08:23:09.075000');
INSERT INTO "django_admin_log" VALUES(37,'23','M182 T2 STOP TURN LH',3,'',8,3,'2025-04-16 08:43:24.605000');
INSERT INTO "django_admin_log" VALUES(38,'24','M182 T2 STOP TURN LH',3,'',8,3,'2025-04-16 08:48:36.287000');
INSERT INTO "django_admin_log" VALUES(39,'16','FullCounter object (16)',2,'[{"changed": {"fields": ["Counter"]}}]',10,3,'2025-04-16 09:03:48.857000');
INSERT INTO "django_admin_log" VALUES(40,'21','FullCounter object (21)',2,'[{"changed": {"fields": ["Counter"]}}]',10,3,'2025-04-16 09:04:34.155000');
INSERT INTO "django_admin_log" VALUES(41,'16','CounterSumFromLastMaint object (16)',2,'[{"changed": {"fields": ["Counter"]}}]',7,3,'2025-04-16 09:10:50.564000');
INSERT INTO "django_admin_log" VALUES(42,'19','CounterSumFromLastMaint object (19)',2,'[{"changed": {"fields": ["Counter"]}}]',7,3,'2025-04-16 09:19:49.405000');
INSERT INTO "django_admin_log" VALUES(43,'19','FullCounter object (19)',2,'[{"changed": {"fields": ["Counter"]}}]',10,3,'2025-04-16 09:20:01.195000');
INSERT INTO "django_admin_log" VALUES(44,'17','FullCounter object (17)',2,'[{"changed": {"fields": ["Counter"]}}]',10,3,'2025-04-16 09:24:37.701000');
INSERT INTO "django_admin_log" VALUES(45,'17','CounterSumFromLastMaint object (17)',2,'[{"changed": {"fields": ["Counter"]}}]',7,3,'2025-04-16 09:25:00.250000');
INSERT INTO "django_admin_log" VALUES(46,'17','CounterSumFromLastMaint object (17)',2,'[{"changed": {"fields": ["Counter"]}}]',7,3,'2025-04-16 09:25:52.526000');
INSERT INTO "django_admin_log" VALUES(47,'18','FullCounter object (18)',2,'[{"changed": {"fields": ["Counter"]}}]',10,3,'2025-04-16 09:29:16.580000');
INSERT INTO "django_admin_log" VALUES(48,'18','CounterSumFromLastMaint object (18)',2,'[{"changed": {"fields": ["Counter"]}}]',7,3,'2025-04-16 09:29:23.337000');
INSERT INTO "django_admin_log" VALUES(49,'21','CounterSumFromLastMaint object (21)',2,'[{"changed": {"fields": ["Counter"]}}]',7,3,'2025-04-16 09:30:20.317000');
INSERT INTO "django_admin_log" VALUES(50,'24','FullCounter object (24)',2,'[{"changed": {"fields": ["Counter"]}}]',10,3,'2025-04-16 11:15:04.063000');
INSERT INTO "django_admin_log" VALUES(51,'24','CounterSumFromLastMaint object (24)',2,'[{"changed": {"fields": ["Counter"]}}]',7,3,'2025-04-16 11:15:11.614000');
INSERT INTO "django_admin_log" VALUES(52,'25','FullCounter object (25)',2,'[{"changed": {"fields": ["Counter"]}}]',10,3,'2025-04-16 13:41:39.896000');
INSERT INTO "django_admin_log" VALUES(53,'25','CounterSumFromLastMaint object (25)',2,'[{"changed": {"fields": ["Counter"]}}]',7,3,'2025-04-16 13:48:39.291000');
INSERT INTO "django_admin_log" VALUES(54,'20','MARELLI TIGUAN VW336 HIGH T2 TURN STOP LH/RH',2,'[{"changed": {"fields": ["Date"]}}]',11,3,'2025-04-17 05:12:23.809000');
INSERT INTO "django_admin_log" VALUES(55,'27','test',3,'',8,3,'2025-04-17 05:26:29.665000');
INSERT INTO "django_admin_log" VALUES(56,'20','MARELLI TIGUAN VW336 HIGH T2 TURN STOP LH/RH',2,'[{"changed": {"fields": ["Date"]}}]',11,3,'2025-04-17 05:46:30.463000');
INSERT INTO "django_admin_log" VALUES(57,'28','test',3,'',8,3,'2025-04-17 05:52:16.236000');
INSERT INTO "django_admin_log" VALUES(58,'29','MARELLI TIGUAN VW336 HIGH T1 TURN STOP LH/RH',2,'[{"changed": {"fields": ["Name"]}}]',8,3,'2025-04-18 13:38:55.267000');
INSERT INTO "django_admin_log" VALUES(59,'28','FullCounter object (28)',2,'[{"changed": {"fields": ["Counter"]}}]',10,3,'2025-04-22 06:02:39.439000');
INSERT INTO "django_admin_log" VALUES(60,'28','CounterSumFromLastMaint object (28)',2,'[{"changed": {"fields": ["Counter"]}}]',7,3,'2025-04-22 06:20:14.457000');
INSERT INTO "django_admin_log" VALUES(61,'22','MARELLI TIGUAN VW336 HIGH T1 TURN STOP LH/RH',2,'[{"changed": {"fields": ["Date"]}}]',11,3,'2025-04-22 06:20:38.756000');
INSERT INTO "django_admin_log" VALUES(62,'32','FullCounter object (32)',2,'[{"changed": {"fields": ["Counter"]}}]',10,3,'2025-04-23 10:32:23.794000');
INSERT INTO "django_admin_log" VALUES(63,'30','FullCounter object (30)',2,'[{"changed": {"fields": ["Counter"]}}]',10,3,'2025-04-23 10:33:43.032000');
INSERT INTO "django_admin_log" VALUES(64,'32','FullCounter object (32)',2,'[{"changed": {"fields": ["Counter"]}}]',10,3,'2025-04-23 10:36:28.775000');
INSERT INTO "django_admin_log" VALUES(65,'32','CounterSumFromLastMaint object (32)',2,'[{"changed": {"fields": ["Counter"]}}]',7,3,'2025-04-23 10:38:44.786000');
INSERT INTO "django_admin_log" VALUES(66,'32','CounterSumFromLastMaint object (32)',2,'[{"changed": {"fields": ["Counter"]}}]',7,3,'2025-04-23 10:38:55.743000');
INSERT INTO "django_admin_log" VALUES(67,'30','CounterSumFromLastMaint object (30)',2,'[{"changed": {"fields": ["Counter"]}}]',7,3,'2025-04-23 10:39:38.681000');
INSERT INTO "django_admin_log" VALUES(68,'31','FullCounter object (31)',2,'[{"changed": {"fields": ["Counter"]}}]',10,3,'2025-04-23 11:02:48.786000');
INSERT INTO "django_admin_log" VALUES(69,'31','CounterSumFromLastMaint object (31)',2,'[{"changed": {"fields": ["Counter"]}}]',7,3,'2025-04-23 11:02:57.091000');
INSERT INTO "django_admin_log" VALUES(70,'31','CounterSumFromLastMaint object (31)',2,'[{"changed": {"fields": ["Counter"]}}]',7,3,'2025-04-23 11:18:46.941000');
INSERT INTO "django_admin_log" VALUES(71,'23','NEXY-M MAIN ICT',2,'[{"changed": {"fields": ["Date"]}}]',11,3,'2025-04-23 11:19:19.180000');
INSERT INTO "django_admin_log" VALUES(72,'33','CounterSumFromLastMaint object (33)',2,'[{"changed": {"fields": ["Counter"]}}]',7,3,'2025-04-23 11:46:49.789000');
INSERT INTO "django_admin_log" VALUES(73,'33','FullCounter object (33)',2,'[{"changed": {"fields": ["Counter"]}}]',10,3,'2025-04-23 11:47:01.817000');
INSERT INTO "django_admin_log" VALUES(74,'29','FullCounter object (29)',2,'[{"changed": {"fields": ["Counter"]}}]',10,3,'2025-04-23 11:57:54.867000');
INSERT INTO "django_admin_log" VALUES(75,'29','CounterSumFromLastMaint object (29)',2,'[{"changed": {"fields": ["Counter"]}}]',7,3,'2025-04-23 11:58:02.088000');
INSERT INTO "django_admin_log" VALUES(76,'35','MAGNA AUDI Q6 T1 TAIL SIDE RH/LH',2,'[{"changed": {"fields": ["Cycles limit"]}}]',8,3,'2025-04-24 08:04:08.656000');
INSERT INTO "django_admin_log" VALUES(77,'35','MAGNA AUDI Q6 T1 TAIL SIDE RH/LH',2,'[]',8,3,'2025-04-24 08:04:14.660000');
INSERT INTO "django_admin_log" VALUES(78,'34','MARELLI TONALE DRL AR965 KIT',2,'[{"changed": {"fields": ["Cycles limit"]}}]',8,3,'2025-04-24 08:04:22.792000');
INSERT INTO "django_admin_log" VALUES(79,'33','MARELLI TAYRON T2-630 TAIL FOLIA LH/RH UK',2,'[{"changed": {"fields": ["Cycles limit"]}}]',8,3,'2025-04-24 08:04:27.861000');
INSERT INTO "django_admin_log" VALUES(80,'33','MARELLI TAYRON T2-630 TAIL FOLIA LH/RH UK',2,'[]',8,3,'2025-04-24 08:04:30.466000');
INSERT INTO "django_admin_log" VALUES(81,'32','NEXY-M MAIN ICT',2,'[{"changed": {"fields": ["Cycles limit"]}}]',8,3,'2025-04-24 08:04:35.438000');
INSERT INTO "django_admin_log" VALUES(82,'31','MARELLI TAYRON T1-630 TAIL LH/RH',2,'[{"changed": {"fields": ["Cycles limit"]}}]',8,3,'2025-04-24 08:04:40.811000');
INSERT INTO "django_admin_log" VALUES(83,'30','MARELLI TAYRON T2-650 LOGO CENTRAL',2,'[{"changed": {"fields": ["Cycles limit"]}}]',8,3,'2025-04-24 08:04:45.728000');
INSERT INTO "django_admin_log" VALUES(84,'29','MARELLI TIGUAN VW336 HIGH T1 TURN STOP LH/RH',2,'[{"changed": {"fields": ["Cycles limit"]}}]',8,3,'2025-04-24 08:04:50.767000');
INSERT INTO "django_admin_log" VALUES(85,'26','MARELLI TIGUAN VW336 HIGH T2 TURN STOP LH/RH',2,'[{"changed": {"fields": ["Cycles limit"]}}]',8,3,'2025-04-24 08:04:56.895000');
INSERT INTO "django_admin_log" VALUES(86,'29','MARELLI TIGUAN VW336 HIGH T1 TURN STOP LH/RH',2,'[]',8,3,'2025-04-24 08:04:59.592000');
INSERT INTO "django_admin_log" VALUES(87,'26','MARELLI TIGUAN VW336 HIGH T2 TURN STOP LH/RH',2,'[]',8,3,'2025-04-24 08:05:01.502000');
INSERT INTO "django_admin_log" VALUES(88,'25','MARELLI TAYRON T2-670 REVERSE FOG LH/RH',2,'[{"changed": {"fields": ["Cycles limit"]}}]',8,3,'2025-04-24 08:05:08.230000');
INSERT INTO "django_admin_log" VALUES(89,'22','MARELLI TAYRON T2-630 TAIL FOLIA RH/LH',2,'[{"changed": {"fields": ["Cycles limit"]}}]',8,3,'2025-04-24 08:05:14.464000');
INSERT INTO "django_admin_log" VALUES(90,'20','VARROC L550HL LH/HB 1/2',2,'[{"changed": {"fields": ["Cycles limit"]}}]',8,3,'2025-04-24 08:05:23.710000');
INSERT INTO "django_admin_log" VALUES(91,'19','MARELLI DAIMLER KIT LH/RH',2,'[{"changed": {"fields": ["Cycles limit"]}}]',8,3,'2025-04-24 08:05:29.443000');
INSERT INTO "django_admin_log" VALUES(92,'18','MARELLI SK49X BASIC T1 TURN/TAIL ECE UK LH/RH',2,'[{"changed": {"fields": ["Cycles limit"]}}]',8,3,'2025-04-24 08:05:34.419000');
INSERT INTO "django_admin_log" VALUES(93,'17','MARELLI TAYRON T1-640 STOP TURN SINGLE LH/RH',2,'[{"changed": {"fields": ["Cycles limit"]}}]',8,3,'2025-04-24 08:05:39.035000');
INSERT INTO "django_admin_log" VALUES(94,'24','Delonghi Defender Low3 V1',2,'[{"changed": {"fields": ["Date"]}}]',11,3,'2025-04-24 09:17:57.697000');
INSERT INTO "django_admin_log" VALUES(95,'25','Delonghi Defender Low3 V1 SPEA61',2,'[{"changed": {"fields": ["Date"]}}]',11,3,'2025-04-24 09:18:03.625000');
INSERT INTO "django_admin_log" VALUES(96,'36','CounterSumFromLastMaint object (36)',2,'[{"changed": {"fields": ["Counter"]}}]',7,3,'2025-04-24 09:18:20.962000');
INSERT INTO "django_admin_log" VALUES(97,'36','FullCounter object (36)',2,'[{"changed": {"fields": ["Counter"]}}]',10,3,'2025-04-24 09:18:28.573000');
INSERT INTO "django_admin_log" VALUES(98,'36','Delonghi Defender Low3 V1',2,'[{"changed": {"fields": ["Cycles limit"]}}]',8,3,'2025-04-24 09:25:44.371000');
INSERT INTO "django_admin_log" VALUES(99,'36','Delonghi Defender Low3 V1',2,'[]',8,3,'2025-04-24 09:25:46.726000');
INSERT INTO "django_admin_log" VALUES(100,'37','Delonghi Defender Low3 V1 SPEA61',2,'[{"changed": {"fields": ["Cycles limit"]}}]',8,3,'2025-04-24 09:25:50.870000');
INSERT INTO "django_admin_log" VALUES(101,'39','MAGNA AUDI Q6 T2 LOWER 01 LH/RH',2,'[{"changed": {"fields": ["Cycles limit"]}}]',8,3,'2025-05-12 13:11:12.737000');
INSERT INTO "django_admin_log" VALUES(102,'38','FullCounter object (38)',2,'[{"changed": {"fields": ["Counter"]}}]',10,3,'2025-05-12 13:11:28.560000');
INSERT INTO "django_admin_log" VALUES(103,'38','CounterSumFromLastMaint object (38)',2,'[{"changed": {"fields": ["Counter"]}}]',7,3,'2025-05-12 13:11:37.223000');
INSERT INTO "django_admin_log" VALUES(104,'38','MAGNA AUDI Q6 T1 STOP RH/LH',2,'[{"changed": {"fields": ["Cycles limit"]}}]',8,3,'2025-05-12 13:15:30.538000');
INSERT INTO "django_admin_log" VALUES(105,'37','FullCounter object (37)',2,'[{"changed": {"fields": ["Counter"]}}]',10,3,'2025-05-12 13:15:37.401000');
INSERT INTO "django_admin_log" VALUES(106,'37','CounterSumFromLastMaint object (37)',2,'[{"changed": {"fields": ["Counter"]}}]',7,3,'2025-05-12 13:15:44.496000');
INSERT INTO "django_admin_log" VALUES(107,'41','MAGNA CADDY CITYVAN  TAIL B/UP RH/LH ECE',2,'[{"changed": {"fields": ["Cycles limit"]}}]',8,3,'2025-05-12 13:26:05.869000');
INSERT INTO "django_admin_log" VALUES(108,'40','FullCounter object (40)',2,'[{"changed": {"fields": ["Counter"]}}]',10,3,'2025-05-12 13:26:14.101000');
INSERT INTO "django_admin_log" VALUES(109,'40','CounterSumFromLastMaint object (40)',2,'[{"changed": {"fields": ["Counter"]}}]',7,3,'2025-05-12 13:26:22.678000');
INSERT INTO "django_admin_log" VALUES(110,'49','test',3,'',8,3,'2025-05-13 06:01:56.300000');
INSERT INTO "django_admin_log" VALUES(111,'5','12344678901221422645 (good)',2,'[{"changed": {"fields": ["Type golden"]}}]',18,3,'2025-05-13 06:07:39.816000');
INSERT INTO "django_admin_log" VALUES(112,'4','12344678901221422645 (good)',2,'[{"changed": {"fields": ["Type golden"]}}]',18,3,'2025-05-13 06:07:43.890000');
INSERT INTO "django_admin_log" VALUES(113,'3','12244678901221422645 (good)',2,'[{"changed": {"fields": ["Type golden"]}}]',18,3,'2025-05-13 06:07:48.299000');
INSERT INTO "django_admin_log" VALUES(114,'10','12344678901221422645 (calib)',2,'[{"changed": {"fields": ["Type golden"]}}]',18,3,'2025-05-13 06:07:53.399000');
INSERT INTO "django_admin_log" VALUES(115,'9','12344678901221422645 (calib)',2,'[{"changed": {"fields": ["Type golden"]}}]',18,3,'2025-05-13 06:07:58.381000');
INSERT INTO "django_admin_log" VALUES(116,'10','12344678901221422645 (calib)',3,'',18,3,'2025-05-13 06:10:40.623000');
INSERT INTO "django_admin_log" VALUES(117,'9','12344678901221422645 (calib)',3,'',18,3,'2025-05-13 06:10:40.623000');
INSERT INTO "django_admin_log" VALUES(118,'8','12344678901221422645 (bad)',3,'',18,3,'2025-05-13 06:10:40.623000');
INSERT INTO "django_admin_log" VALUES(119,'7','12344678901221422645 (bad)',3,'',18,3,'2025-05-13 06:10:40.623000');
INSERT INTO "django_admin_log" VALUES(120,'6','12344678901221422645 (bad)',3,'',18,3,'2025-05-13 06:10:40.623000');
INSERT INTO "django_admin_log" VALUES(121,'5','12344678901221422645 (good)',3,'',18,3,'2025-05-13 06:10:40.623000');
INSERT INTO "django_admin_log" VALUES(122,'4','12344678901221422645 (good)',3,'',18,3,'2025-05-13 06:10:40.623000');
INSERT INTO "django_admin_log" VALUES(123,'3','12244678901221422645 (good)',3,'',18,3,'2025-05-13 06:10:40.623000');
INSERT INTO "django_admin_log" VALUES(124,'2','12344678901221422645 (bad)',3,'',18,3,'2025-05-13 06:10:40.623000');
INSERT INTO "django_admin_log" VALUES(125,'1','12345678901221422645 (bad)',3,'',18,3,'2025-05-13 06:10:40.623000');
INSERT INTO "django_admin_log" VALUES(126,'11','10625000326F21422645 (good)',1,'[{"added": {}}]',18,3,'2025-05-13 06:10:57.509000');
INSERT INTO "django_admin_log" VALUES(127,'12','20625000326F21422645 (bad)',1,'[{"added": {}}]',18,3,'2025-05-13 06:11:36.594000');
INSERT INTO "django_admin_log" VALUES(128,'13','30625000326F21422645 (calib)',1,'[{"added": {}}]',18,3,'2025-05-13 06:11:49.412000');
INSERT INTO "django_admin_log" VALUES(129,'40','MARELLI DAIMLER PCB1 ECU',2,'[{"changed": {"fields": ["Cycles limit"]}}]',8,3,'2025-05-13 07:47:15.636000');
INSERT INTO "django_admin_log" VALUES(130,'14','11325003503821414239 (calib)',2,'[{"changed": {"fields": ["Type golden"]}}]',18,3,'2025-05-13 08:33:29.215000');
INSERT INTO "django_admin_log" VALUES(131,'14','11325003503821414239 (good)',2,'[{"changed": {"fields": ["Type golden"]}}]',18,3,'2025-05-13 08:39:17.542000');
INSERT INTO "django_admin_log" VALUES(132,'39','FullCounter object (39)',2,'[{"changed": {"fields": ["Counter"]}}]',10,3,'2025-05-13 09:41:09.432000');
INSERT INTO "django_admin_log" VALUES(133,'39','CounterSumFromLastMaint object (39)',2,'[{"changed": {"fields": ["Counter"]}}]',7,3,'2025-05-13 09:41:18.890000');
INSERT INTO "django_admin_log" VALUES(134,'39','CounterSumFromLastMaint object (39)',2,'[{"changed": {"fields": ["Counter"]}}]',7,3,'2025-05-13 09:41:51.758000');
INSERT INTO "django_admin_log" VALUES(135,'42','MARELLI SK49X T1 STOP LH/RH + T2 REV FOG UK RH',2,'[{"changed": {"fields": ["Cycles limit"]}}]',8,3,'2025-05-13 09:46:42.554000');
INSERT INTO "django_admin_log" VALUES(136,'41','FullCounter object (41)',2,'[{"changed": {"fields": ["Counter"]}}]',10,3,'2025-05-13 09:47:42.486000');
INSERT INTO "django_admin_log" VALUES(137,'41','CounterSumFromLastMaint object (41)',2,'[{"changed": {"fields": ["Counter"]}}]',7,3,'2025-05-13 09:47:50.479000');
INSERT INTO "django_admin_log" VALUES(138,'15','123312312',3,'',16,3,'2025-05-13 09:56:48.964000');
INSERT INTO "django_admin_log" VALUES(139,'14','123312312',3,'',16,3,'2025-05-13 09:56:48.964000');
INSERT INTO "django_admin_log" VALUES(140,'13','123312312',3,'',16,3,'2025-05-13 09:56:48.964000');
INSERT INTO "django_admin_log" VALUES(141,'12','123312312',3,'',16,3,'2025-05-13 09:56:48.964000');
INSERT INTO "django_admin_log" VALUES(142,'11','123312312',3,'',16,3,'2025-05-13 09:56:48.964000');
INSERT INTO "django_admin_log" VALUES(143,'10','123312312',3,'',16,3,'2025-05-13 09:56:48.964000');
INSERT INTO "django_admin_log" VALUES(144,'16','1234561',3,'',16,3,'2025-05-13 09:59:08.292000');
INSERT INTO "django_admin_log" VALUES(145,'9','30415860',3,'',16,3,'2025-05-13 09:59:08.292000');
INSERT INTO "django_admin_log" VALUES(146,'8','30417444',3,'',16,3,'2025-05-13 09:59:08.292000');
INSERT INTO "django_admin_log" VALUES(147,'7','30417516',3,'',16,3,'2025-05-13 09:59:08.292000');
INSERT INTO "django_admin_log" VALUES(148,'6','30417533',3,'',16,3,'2025-05-13 09:59:08.292000');
INSERT INTO "django_admin_log" VALUES(149,'5','30417522',3,'',16,3,'2025-05-13 09:59:08.292000');
INSERT INTO "django_admin_log" VALUES(150,'4','30417510',3,'',16,3,'2025-05-13 09:59:08.292000');
INSERT INTO "django_admin_log" VALUES(151,'3','30417502',3,'',16,3,'2025-05-13 09:59:08.292000');
INSERT INTO "django_admin_log" VALUES(152,'2','30417503',3,'',16,3,'2025-05-13 09:59:08.292000');
INSERT INTO "django_admin_log" VALUES(153,'1','30417504',3,'',16,3,'2025-05-13 09:59:08.292000');
INSERT INTO "django_admin_log" VALUES(154,'2','21414239',3,'',17,3,'2025-05-13 09:59:16.263000');
INSERT INTO "django_admin_log" VALUES(155,'1','21422645',3,'',17,3,'2025-05-13 09:59:16.263000');
INSERT INTO "django_admin_log" VALUES(156,'42','FullCounter object (42)',2,'[{"changed": {"fields": ["Counter"]}}]',10,3,'2025-05-14 09:58:51.186000');
INSERT INTO "django_admin_log" VALUES(157,'42','CounterSumFromLastMaint object (42)',2,'[{"changed": {"fields": ["Counter"]}}]',7,3,'2025-05-14 09:59:30.755000');
INSERT INTO "django_admin_log" VALUES(158,'43','CounterSumFromLastMaint object (43)',2,'[{"changed": {"fields": ["Counter"]}}]',7,3,'2025-05-14 10:01:01.027000');
INSERT INTO "django_admin_log" VALUES(159,'43','FullCounter object (43)',2,'[{"changed": {"fields": ["Counter"]}}]',10,3,'2025-05-14 10:01:10.591000');
INSERT INTO "django_admin_log" VALUES(160,'44','FullCounter object (44)',2,'[{"changed": {"fields": ["Counter"]}}]',10,3,'2025-05-14 10:05:42.109000');
INSERT INTO "django_admin_log" VALUES(161,'44','CounterSumFromLastMaint object (44)',2,'[{"changed": {"fields": ["Counter"]}}]',7,3,'2025-05-14 10:07:01.174000');
INSERT INTO "django_admin_log" VALUES(162,'45','MAGNA M182 T2 STOP TURN ECE/SAE LH/RH',2,'[{"changed": {"fields": ["Cycles limit"]}}]',8,3,'2025-05-14 10:07:23.136000');
INSERT INTO "django_admin_log" VALUES(163,'41','FullCounter object (41)',2,'[{"changed": {"fields": ["Counter"]}}]',10,3,'2025-05-14 10:12:58.843000');
INSERT INTO "django_admin_log" VALUES(164,'41','CounterSumFromLastMaint object (41)',2,'[{"changed": {"fields": ["Counter"]}}]',7,3,'2025-05-14 10:13:05.392000');
INSERT INTO "django_admin_log" VALUES(165,'45','CounterSumFromLastMaint object (45)',2,'[{"changed": {"fields": ["Counter"]}}]',7,3,'2025-05-14 10:13:47.408000');
INSERT INTO "django_admin_log" VALUES(166,'45','FullCounter object (45)',2,'[{"changed": {"fields": ["Counter"]}}]',10,3,'2025-05-14 10:16:49.613000');
INSERT INTO "django_admin_log" VALUES(167,'17','MARELLI TAYRON T1-640 STOP TURN SINGLE LH/RH',2,'[{"changed": {"fields": ["Cycles limit"]}}]',8,3,'2025-05-14 10:18:27.913000');
INSERT INTO "django_admin_log" VALUES(168,'18','MARELLI SK49X BASIC T1 TURN/TAIL ECE UK LH/RH',2,'[{"changed": {"fields": ["Cycles limit"]}}]',8,3,'2025-05-14 10:18:40.358000');
INSERT INTO "django_admin_log" VALUES(169,'19','MARELLI DAIMLER KIT LH/RH',2,'[{"changed": {"fields": ["Cycles limit"]}}]',8,3,'2025-05-14 10:18:44.933000');
INSERT INTO "django_admin_log" VALUES(170,'20','VARROC L550HL LH/HB 1/2',2,'[{"changed": {"fields": ["Cycles limit"]}}]',8,3,'2025-05-14 10:18:49.939000');
INSERT INTO "django_admin_log" VALUES(171,'22','MARELLI TAYRON T2-630 TAIL FOLIA RH/LH',2,'[{"changed": {"fields": ["Cycles limit"]}}]',8,3,'2025-05-14 10:18:54.410000');
INSERT INTO "django_admin_log" VALUES(172,'25','MARELLI TAYRON T2-670 REVERSE FOG LH/RH',2,'[{"changed": {"fields": ["Cycles limit"]}}]',8,3,'2025-05-14 10:19:00.284000');
INSERT INTO "django_admin_log" VALUES(173,'26','MARELLI TIGUAN VW336 HIGH T2 TURN STOP LH/RH',2,'[{"changed": {"fields": ["Cycles limit"]}}]',8,3,'2025-05-14 10:19:11.256000');
INSERT INTO "django_admin_log" VALUES(174,'29','MARELLI TIGUAN VW336 HIGH T1 TURN STOP LH/RH',2,'[{"changed": {"fields": ["Cycles limit"]}}]',8,3,'2025-05-14 10:19:18.011000');
INSERT INTO "django_admin_log" VALUES(175,'31','MARELLI TAYRON T1-630 TAIL LH/RH',2,'[{"changed": {"fields": ["Cycles limit"]}}]',8,3,'2025-05-14 10:19:29.722000');
INSERT INTO "django_admin_log" VALUES(176,'33','MARELLI TAYRON T2-630 TAIL FOLIA LH/RH UK',2,'[{"changed": {"fields": ["Cycles limit"]}}]',8,3,'2025-05-14 10:19:35.331000');
INSERT INTO "django_admin_log" VALUES(177,'32','NEXY-M MAIN ICT',2,'[{"changed": {"fields": ["Cycles limit"]}}]',8,3,'2025-05-14 10:19:39.752000');
INSERT INTO "django_admin_log" VALUES(178,'35','MAGNA AUDI Q6 T1 TAIL SIDE RH/LH',2,'[{"changed": {"fields": ["Cycles limit"]}}]',8,3,'2025-05-14 10:19:48.133000');
INSERT INTO "django_admin_log" VALUES(179,'30','MARELLI TAYRON T2-650 LOGO CENTRAL',2,'[{"changed": {"fields": ["Cycles limit"]}}]',8,3,'2025-05-14 10:22:53.975000');
INSERT INTO "django_admin_log" VALUES(180,'34','MARELLI TONALE DRL AR965 KIT',2,'[{"changed": {"fields": ["Cycles limit"]}}]',8,3,'2025-05-14 10:23:12.123000');
INSERT INTO "django_admin_log" VALUES(181,'38','MAGNA AUDI Q6 T1 STOP RH/LH',2,'[{"changed": {"fields": ["Cycles limit"]}}]',8,3,'2025-05-14 10:23:35.534000');
INSERT INTO "django_admin_log" VALUES(182,'39','MAGNA AUDI Q6 T2 LOWER 01 LH/RH',2,'[{"changed": {"fields": ["Cycles limit"]}}]',8,3,'2025-05-14 10:23:41.629000');
INSERT INTO "django_admin_log" VALUES(183,'40','MARELLI DAIMLER PCB1 ECU',2,'[{"changed": {"fields": ["Cycles limit"]}}]',8,3,'2025-05-14 10:23:47.830000');
INSERT INTO "django_admin_log" VALUES(184,'41','MAGNA CADDY CITYVAN  TAIL B/UP RH/LH ECE',2,'[{"changed": {"fields": ["Cycles limit"]}}]',8,3,'2025-05-14 10:23:54.383000');
INSERT INTO "django_admin_log" VALUES(185,'43','MAGNA CADDY CITYVAN FOG/REV LH/RH ECE',2,'[{"changed": {"fields": ["Cycles limit"]}}]',8,3,'2025-05-14 10:24:10.109000');
INSERT INTO "django_admin_log" VALUES(186,'44','MAGNA CADDY CITYVAN STOP TAIL LH/RH ECE',2,'[{"changed": {"fields": ["Cycles limit"]}}]',8,3,'2025-05-14 10:24:25.631000');
INSERT INTO "django_admin_log" VALUES(187,'46','MARELLI SK49X BASIC T2 REV FOG/REV ECE/UK LH/RH',2,'[{"changed": {"fields": ["Cycles limit"]}}]',8,3,'2025-05-14 10:24:37.102000');
INSERT INTO "django_admin_log" VALUES(188,'47','MAGNA M182 T2 MAIN+FOG ECE/SAE LH/RH',2,'[{"changed": {"fields": ["Cycles limit"]}}]',8,3,'2025-05-14 10:24:42.002000');
INSERT INTO "django_admin_log" VALUES(189,'48','MARELLI TIGUAN HIGH T2 TAIL LG REV/FOG UK LH/RH',2,'[{"changed": {"fields": ["Cycles limit"]}}]',8,3,'2025-05-14 10:24:47.452000');
INSERT INTO "django_admin_log" VALUES(190,'50','DAIMLER PCB 3 to precise data',2,'[{"changed": {"fields": ["Cycles limit"]}}]',8,3,'2025-05-14 10:24:52.106000');
INSERT INTO "django_admin_log" VALUES(191,'51','MARELLI CR3 T1 STOP TURN LH/RH',2,'[{"changed": {"fields": ["Cycles limit"]}}]',8,3,'2025-05-14 10:24:55.557000');
INSERT INTO "django_admin_log" VALUES(192,'52','MAGNA AUDI Q6 T1 TAIL UPPER RH/LH',2,'[{"changed": {"fields": ["Cycles limit"]}}]',8,3,'2025-05-14 10:24:58.302000');
INSERT INTO "django_admin_log" VALUES(193,'53','MARELLI TAYRON T2-647 TAIL+TURN LH/RH',2,'[{"changed": {"fields": ["Cycles limit"]}}]',8,3,'2025-05-14 10:25:01.314000');
INSERT INTO "django_admin_log" VALUES(194,'54','MARELLI CR3 T2 TAIL ECU+LED SET',2,'[{"changed": {"fields": ["Cycles limit"]}}]',8,3,'2025-05-14 10:25:04.574000');
INSERT INTO "django_admin_log" VALUES(195,'46','FullCounter object (46)',2,'[{"changed": {"fields": ["Counter"]}}]',10,3,'2025-05-14 10:27:44.107000');
INSERT INTO "django_admin_log" VALUES(196,'46','CounterSumFromLastMaint object (46)',2,'[{"changed": {"fields": ["Counter"]}}]',7,3,'2025-05-14 10:27:49.862000');
INSERT INTO "django_admin_log" VALUES(197,'44','FullCounter object (44)',2,'[{"changed": {"fields": ["Counter"]}}]',10,3,'2025-05-14 10:33:41.848000');
INSERT INTO "django_admin_log" VALUES(198,'44','CounterSumFromLastMaint object (44)',2,'[{"changed": {"fields": ["Counter"]}}]',7,3,'2025-05-14 10:33:49.743000');
INSERT INTO "django_admin_log" VALUES(199,'47','CounterSumFromLastMaint object (47)',2,'[{"changed": {"fields": ["Counter"]}}]',7,3,'2025-05-14 10:46:25.699000');
INSERT INTO "django_admin_log" VALUES(200,'47','FullCounter object (47)',2,'[{"changed": {"fields": ["Counter"]}}]',10,3,'2025-05-14 10:46:33.227000');
INSERT INTO "django_admin_log" VALUES(201,'50','FullCounter object (50)',2,'[{"changed": {"fields": ["Counter"]}}]',10,3,'2025-05-14 10:48:47.838000');
INSERT INTO "django_admin_log" VALUES(202,'50','CounterSumFromLastMaint object (50)',2,'[{"changed": {"fields": ["Counter"]}}]',7,3,'2025-05-14 10:48:55.574000');
INSERT INTO "django_admin_log" VALUES(203,'53','CounterSumFromLastMaint object (53)',2,'[{"changed": {"fields": ["Counter"]}}]',7,3,'2025-05-14 10:50:20.095000');
INSERT INTO "django_admin_log" VALUES(204,'53','FullCounter object (53)',2,'[{"changed": {"fields": ["Counter"]}}]',10,3,'2025-05-14 10:50:26.794000');
INSERT INTO "django_admin_log" VALUES(205,'51','FullCounter object (51)',2,'[{"changed": {"fields": ["Counter"]}}]',10,3,'2025-05-14 10:54:32.946000');
INSERT INTO "django_admin_log" VALUES(206,'51','CounterSumFromLastMaint object (51)',2,'[{"changed": {"fields": ["Counter"]}}]',7,3,'2025-05-14 10:54:42.788000');
INSERT INTO "django_admin_log" VALUES(207,'52','FullCounter object (52)',2,'[{"changed": {"fields": ["Counter"]}}]',10,3,'2025-05-14 11:04:27.905000');
INSERT INTO "django_admin_log" VALUES(208,'52','CounterSumFromLastMaint object (52)',2,'[{"changed": {"fields": ["Counter"]}}]',7,3,'2025-05-14 11:04:35.208000');
INSERT INTO "django_admin_log" VALUES(209,'54','CounterSumFromLastMaint object (54)',2,'[{"changed": {"fields": ["Counter"]}}]',7,3,'2025-05-14 11:05:43.822000');
INSERT INTO "django_admin_log" VALUES(210,'54','FullCounter object (54)',2,'[{"changed": {"fields": ["Counter"]}}]',10,3,'2025-05-14 11:05:51.452000');
INSERT INTO "django_admin_log" VALUES(211,'57','VARROC L550HL LED ARRAY DRL_DI LH/RH',2,'[{"changed": {"fields": ["Name", "Cycles limit"]}}]',8,3,'2025-05-15 09:01:16.218000');
INSERT INTO "django_admin_log" VALUES(212,'20','11225004404J21419326',3,'',16,3,'2025-05-16 05:59:29.962000');
INSERT INTO "django_admin_log" VALUES(213,'19','delete this',3,'',16,3,'2025-05-16 05:59:29.962000');
INSERT INTO "django_admin_log" VALUES(214,'22','30101070',3,'',16,3,'2025-05-16 05:59:53.680000');
INSERT INTO "django_admin_log" VALUES(215,'21','30101071',3,'',16,3,'2025-05-16 05:59:53.680000');
INSERT INTO "django_admin_log" VALUES(216,'5','21416536',3,'',17,3,'2025-05-16 06:00:29.310000');
INSERT INTO "django_admin_log" VALUES(217,'4','21419326',3,'',17,3,'2025-05-16 06:00:29.310000');
INSERT INTO "django_admin_log" VALUES(218,'20','VARROC L550HL LB/HB 1/2',2,'[{"changed": {"fields": ["Name"]}}]',8,3,'2025-05-16 13:06:24.584000');
INSERT INTO "django_admin_log" VALUES(219,'60','VARROC L550HL BLADE SAE',2,'[{"changed": {"fields": ["Name"]}}]',8,3,'2025-05-19 13:17:00.994000');
INSERT INTO "django_admin_log" VALUES(220,'60','VARROC L550HL BLADE SAE',2,'[{"changed": {"fields": ["Cycles limit"]}}]',8,3,'2025-05-19 13:17:09.062000');
INSERT INTO "django_admin_log" VALUES(221,'56','VARROC L550HL SMALL OUTER',2,'[{"changed": {"fields": ["Name"]}}]',8,3,'2025-05-21 11:06:43.152000');
INSERT INTO "django_admin_log" VALUES(222,'57','VARROC L550HL DRL_DI INNER OUTER',2,'[{"changed": {"fields": ["Name"]}}]',8,3,'2025-05-21 11:23:49.831000');
INSERT INTO "django_admin_log" VALUES(223,'8','78901234',3,'',17,3,'2025-05-26 07:14:59.757000');
INSERT INTO "django_admin_log" VALUES(224,'7','21419236',3,'',17,3,'2025-05-26 07:14:59.757000');
INSERT INTO "django_admin_log" VALUES(225,'6','21422645',3,'',17,3,'2025-05-26 07:14:59.757000');
INSERT INTO "django_admin_log" VALUES(226,'3','21416523',3,'',17,3,'2025-05-26 07:14:59.757000');
INSERT INTO "django_admin_log" VALUES(227,'49','1231244534231321123 (good)',2,'[]',18,3,'2025-05-26 08:02:20.838000');
INSERT INTO "django_admin_log" VALUES(228,'11','21416859',3,'',17,3,'2025-05-26 08:30:42.938000');
INSERT INTO "django_admin_log" VALUES(229,'13','7424783264',3,'',17,3,'2025-05-26 10:06:44.741000');
INSERT INTO "django_admin_log" VALUES(230,'10','1321143',3,'',17,3,'2025-05-26 10:07:19.212000');
INSERT INTO "django_admin_log" VALUES(231,'9','1321123',3,'',17,3,'2025-05-26 10:07:19.212000');
INSERT INTO "django_admin_log" VALUES(232,'16','21419326',2,'[{"changed": {"fields": ["Last time tested"]}}]',17,3,'2025-06-02 10:04:58.806000');
INSERT INTO "django_admin_log" VALUES(233,'16','21419326',2,'[{"changed": {"fields": ["Last time tested"]}}]',17,3,'2025-06-02 10:09:39.085000');
INSERT INTO "django_admin_log" VALUES(234,'16','21419326',2,'[{"changed": {"fields": ["Last time tested"]}}]',17,3,'2025-06-02 10:16:11.069000');
INSERT INTO "django_admin_log" VALUES(235,'48','MARELLI TIGUAN HIGH T2 TAIL LG REV/FOG UK LH/RH',2,'[{"changed": {"fields": ["Cycles limit"]}}]',8,3,'2025-06-02 13:35:17.853000');
INSERT INTO "django_admin_log" VALUES(236,'69','MARELLI TONALE RL AR965 T1 STOP TAIL TURN ECE LH/RH',2,'[{"changed": {"fields": ["Cycles limit"]}}]',8,3,'2025-06-03 06:00:58.892000');
INSERT INTO "django_admin_log" VALUES(237,'68','MARELLI TONALE RL AR965 T2 REV FOG LH/RH',2,'[{"changed": {"fields": ["Cycles limit"]}}]',8,3,'2025-06-03 06:01:05.630000');
INSERT INTO "django_admin_log" VALUES(238,'67','MARELLI TONALE RL AR965 T2 STOP TAIL LH/RH',2,'[{"changed": {"fields": ["Cycles limit"]}}]',8,3,'2025-06-03 06:01:11.452000');
INSERT INTO "django_admin_log" VALUES(239,'66','VARROC L550HL SMALL INNER',2,'[{"changed": {"fields": ["Cycles limit"]}}]',8,3,'2025-06-03 06:01:15.947000');
INSERT INTO "django_admin_log" VALUES(240,'65','VARROC L550HL MIDDLE',2,'[{"changed": {"fields": ["Cycles limit"]}}]',8,3,'2025-06-03 06:01:20.386000');
INSERT INTO "django_admin_log" VALUES(241,'64','MAGNA M182 T1 STOP TURN SAE/ECE LH/RH',2,'[{"changed": {"fields": ["Cycles limit"]}}]',8,3,'2025-06-03 06:01:24.400000');
INSERT INTO "django_admin_log" VALUES(242,'64','MAGNA M182 T1 STOP TURN SAE/ECE LH/RH',2,'[]',8,3,'2025-06-03 06:01:28.080000');
INSERT INTO "django_admin_log" VALUES(243,'63','VARROC L550HL BLADE ECE',2,'[{"changed": {"fields": ["Cycles limit"]}}]',8,3,'2025-06-03 06:01:32.549000');
INSERT INTO "django_admin_log" VALUES(244,'62','MAGNA AUDI Q6 T2 LOWER 02 LH/RH',2,'[{"changed": {"fields": ["Cycles limit"]}}]',8,3,'2025-06-03 06:01:37.743000');
INSERT INTO "django_admin_log" VALUES(245,'62','MAGNA AUDI Q6 T2 LOWER 02 LH/RH',2,'[]',8,3,'2025-06-03 06:01:42.114000');
INSERT INTO "django_admin_log" VALUES(246,'61','MAGNA AUDI Q6 T1 TAIL TURN RH/LH',2,'[{"changed": {"fields": ["Cycles limit"]}}]',8,3,'2025-06-03 06:01:47.063000');
INSERT INTO "django_admin_log" VALUES(247,'62','MAGNA AUDI Q6 T2 LOWER 02 LH/RH',2,'[]',8,3,'2025-06-03 06:01:50.832000');
INSERT INTO "django_admin_log" VALUES(248,'60','VARROC L550HL BLADE SAE',2,'[{"changed": {"fields": ["Cycles limit"]}}]',8,3,'2025-06-03 06:01:57.911000');
INSERT INTO "django_admin_log" VALUES(249,'57','VARROC L550HL DRL_DI INNER OUTER',2,'[{"changed": {"fields": ["Cycles limit"]}}]',8,3,'2025-06-03 06:02:15.738000');
INSERT INTO "django_admin_log" VALUES(250,'56','VARROC L550HL SMALL OUTER',2,'[{"changed": {"fields": ["Cycles limit"]}}]',8,3,'2025-06-03 06:02:21.267000');
INSERT INTO "django_admin_log" VALUES(251,'55','MAGNA AUDI Q6 T2 UPPER 01 LH/RH',2,'[{"changed": {"fields": ["Cycles limit"]}}]',8,3,'2025-06-03 06:02:25.606000');
INSERT INTO "django_admin_log" VALUES(252,'54','MARELLI CR3 T2 TAIL ECU+LED SET',2,'[{"changed": {"fields": ["Cycles limit"]}}]',8,3,'2025-06-03 06:02:31.167000');
INSERT INTO "django_admin_log" VALUES(253,'53','MARELLI TAYRON T2-647 TAIL+TURN LH/RH',2,'[{"changed": {"fields": ["Cycles limit"]}}]',8,3,'2025-06-03 06:02:36.257000');
INSERT INTO "django_admin_log" VALUES(254,'52','MAGNA AUDI Q6 T1 TAIL UPPER RH/LH',2,'[{"changed": {"fields": ["Cycles limit"]}}]',8,3,'2025-06-03 06:02:41.947000');
INSERT INTO "django_admin_log" VALUES(255,'51','MARELLI CR3 T1 STOP TURN LH/RH',2,'[{"changed": {"fields": ["Cycles limit"]}}]',8,3,'2025-06-03 06:02:47.494000');
INSERT INTO "django_admin_log" VALUES(256,'50','DAIMLER PCB 3 to precise data',2,'[{"changed": {"fields": ["Cycles limit"]}}]',8,3,'2025-06-03 06:02:56.458000');
INSERT INTO "django_admin_log" VALUES(257,'46','MARELLI SK49X BASIC T2 REV FOG/REV ECE/UK LH/RH',2,'[{"changed": {"fields": ["Cycles limit"]}}]',8,3,'2025-06-03 06:03:07.806000');
INSERT INTO "django_admin_log" VALUES(258,'45','MAGNA M182 T2 STOP TURN ECE/SAE LH/RH',2,'[{"changed": {"fields": ["Cycles limit"]}}]',8,3,'2025-06-03 06:03:12.737000');
INSERT INTO "django_admin_log" VALUES(259,'44','MAGNA CADDY CITYVAN STOP TAIL LH/RH ECE',2,'[{"changed": {"fields": ["Cycles limit"]}}]',8,3,'2025-06-03 06:03:17.859000');
INSERT INTO "django_admin_log" VALUES(260,'43','MAGNA CADDY CITYVAN FOG/REV LH/RH ECE',2,'[{"changed": {"fields": ["Cycles limit"]}}]',8,3,'2025-06-03 06:03:23.883000');
INSERT INTO "django_admin_log" VALUES(261,'42','MARELLI SK49X T1 STOP LH/RH + T2 REV FOG UK RH',2,'[{"changed": {"fields": ["Cycles limit"]}}]',8,3,'2025-06-03 06:03:29.249000');
INSERT INTO "django_admin_log" VALUES(262,'41','MAGNA CADDY CITYVAN  TAIL B/UP RH/LH ECE',2,'[{"changed": {"fields": ["Cycles limit"]}}]',8,3,'2025-06-03 06:03:34.958000');
INSERT INTO "django_admin_log" VALUES(263,'40','MARELLI DAIMLER PCB1 ECU',2,'[{"changed": {"fields": ["Cycles limit"]}}]',8,3,'2025-06-03 06:03:39.411000');
INSERT INTO "django_admin_log" VALUES(264,'39','MAGNA AUDI Q6 T2 LOWER 01 LH/RH',2,'[{"changed": {"fields": ["Cycles limit"]}}]',8,3,'2025-06-03 06:03:44.305000');
INSERT INTO "django_admin_log" VALUES(265,'38','MAGNA AUDI Q6 T1 STOP RH/LH',2,'[{"changed": {"fields": ["Cycles limit"]}}]',8,3,'2025-06-03 06:03:49.010000');
INSERT INTO "django_admin_log" VALUES(266,'35','MAGNA AUDI Q6 T1 TAIL SIDE RH/LH',2,'[{"changed": {"fields": ["Cycles limit"]}}]',8,3,'2025-06-03 06:04:00.942000');
INSERT INTO "django_admin_log" VALUES(267,'34','MARELLI TONALE DRL AR965 KIT',2,'[{"changed": {"fields": ["Cycles limit"]}}]',8,3,'2025-06-03 06:04:06.488000');
INSERT INTO "django_admin_log" VALUES(268,'33','MARELLI TAYRON T2-630 TAIL FOLIA LH/RH UK',2,'[{"changed": {"fields": ["Cycles limit"]}}]',8,3,'2025-06-03 06:04:11.620000');
INSERT INTO "django_admin_log" VALUES(269,'32','NEXY-M MAIN ICT',2,'[{"changed": {"fields": ["Cycles limit"]}}]',8,3,'2025-06-03 06:04:17.245000');
INSERT INTO "django_admin_log" VALUES(270,'31','MARELLI TAYRON T1-630 TAIL LH/RH',2,'[{"changed": {"fields": ["Cycles limit"]}}]',8,3,'2025-06-03 06:04:22.074000');
INSERT INTO "django_admin_log" VALUES(271,'30','MARELLI TAYRON T2-650 LOGO CENTRAL',2,'[{"changed": {"fields": ["Cycles limit"]}}]',8,3,'2025-06-03 06:04:26.496000');
INSERT INTO "django_admin_log" VALUES(272,'29','MARELLI TIGUAN VW336 HIGH T1 TURN STOP LH/RH',2,'[{"changed": {"fields": ["Cycles limit"]}}]',8,3,'2025-06-03 06:04:30.962000');
INSERT INTO "django_admin_log" VALUES(273,'26','MARELLI TIGUAN VW336 HIGH T2 TURN STOP LH/RH',2,'[{"changed": {"fields": ["Cycles limit"]}}]',8,3,'2025-06-03 06:04:35.576000');
INSERT INTO "django_admin_log" VALUES(274,'25','MARELLI TAYRON T2-670 REVERSE FOG LH/RH',2,'[{"changed": {"fields": ["Cycles limit"]}}]',8,3,'2025-06-03 06:04:40.557000');
INSERT INTO "django_admin_log" VALUES(275,'22','MARELLI TAYRON T2-630 TAIL FOLIA RH/LH',2,'[{"changed": {"fields": ["Cycles limit"]}}]',8,3,'2025-06-03 06:04:46.331000');
INSERT INTO "django_admin_log" VALUES(276,'20','VARROC L550HL LB/HB 1/2',2,'[{"changed": {"fields": ["Cycles limit"]}}]',8,3,'2025-06-03 06:04:51.875000');
INSERT INTO "django_admin_log" VALUES(277,'19','MARELLI DAIMLER KIT LH/RH',2,'[{"changed": {"fields": ["Cycles limit"]}}]',8,3,'2025-06-03 06:04:58.127000');
INSERT INTO "django_admin_log" VALUES(278,'18','MARELLI SK49X BASIC T1 TURN/TAIL ECE UK LH/RH',2,'[{"changed": {"fields": ["Cycles limit"]}}]',8,3,'2025-06-03 06:05:03.227000');
INSERT INTO "django_admin_log" VALUES(279,'17','MARELLI TAYRON T1-640 STOP TURN SINGLE LH/RH',2,'[{"changed": {"fields": ["Cycles limit"]}}]',8,3,'2025-06-03 06:05:08.030000');
INSERT INTO "django_admin_log" VALUES(280,'17','21419239',2,'[{"changed": {"fields": ["Last time tested"]}}]',17,3,'2025-06-03 09:26:41.560000');
INSERT INTO "django_admin_log" VALUES(281,'17','21419239',2,'[{"changed": {"fields": ["Last time tested"]}}]',17,3,'2025-06-03 09:29:10.153000');
INSERT INTO "django_admin_log" VALUES(282,'17','21419239',2,'[{"changed": {"fields": ["Last time tested"]}}]',17,3,'2025-06-03 09:42:35.304000');
INSERT INTO "django_admin_log" VALUES(283,'17','21419239',2,'[{"changed": {"fields": ["Last time tested"]}}]',17,3,'2025-06-03 09:45:46.812000');
INSERT INTO "django_admin_log" VALUES(284,'17','21419239',2,'[{"changed": {"fields": ["Last time tested"]}}]',17,3,'2025-06-03 09:55:11.590000');
INSERT INTO "django_admin_log" VALUES(285,'17','21419239',2,'[{"changed": {"fields": ["Last time tested"]}}]',17,3,'2025-06-03 09:57:12.747000');
INSERT INTO "django_admin_log" VALUES(286,'70','test',3,'',8,3,'2025-06-03 10:07:09.254000');
INSERT INTO "django_admin_log" VALUES(287,'17','21419239',3,'',17,2,'2025-06-06 11:19:12.410000');
INSERT INTO "django_admin_log" VALUES(288,'16','21419326',3,'',17,2,'2025-06-06 11:19:12.410000');
INSERT INTO "django_admin_log" VALUES(289,'15','21416536',3,'',17,2,'2025-06-06 11:19:12.410000');
INSERT INTO "django_admin_log" VALUES(290,'14','21422689',3,'',17,2,'2025-06-06 11:19:12.410000');
INSERT INTO "django_admin_log" VALUES(291,'12','21416859',3,'',17,2,'2025-06-06 11:19:12.410000');
INSERT INTO "django_admin_log" VALUES(292,'110','325352325235532532325532',3,'',16,3,'2025-06-10 11:27:31.985413');
INSERT INTO "django_admin_log" VALUES(293,'18','21419234',2,'[{"changed": {"fields": ["Last time tested"]}}]',17,3,'2025-06-10 12:25:13.055135');
INSERT INTO "django_admin_log" VALUES(294,'18','21419234',2,'[{"changed": {"fields": ["Last time tested"]}}]',17,3,'2025-06-10 12:25:45.533339');
INSERT INTO "django_admin_log" VALUES(295,'18','21419234',2,'[{"changed": {"fields": ["Last time tested"]}}]',17,2,'2025-06-10 13:06:39.112260');
INSERT INTO "django_admin_log" VALUES(296,'18','21419234',2,'[{"changed": {"fields": ["Last time tested"]}}]',17,2,'2025-06-10 13:07:21.229382');
INSERT INTO "django_admin_log" VALUES(297,'18','21419234',2,'[{"changed": {"fields": ["Last time tested"]}}]',17,2,'2025-06-10 13:08:23.995071');
INSERT INTO "django_admin_log" VALUES(298,'25','21419319',2,'[{"changed": {"fields": ["Last time tested"]}}]',17,3,'2025-06-11 10:45:44.813539');
INSERT INTO "django_admin_log" VALUES(299,'34','21419321',2,'[{"changed": {"fields": ["Last time tested"]}}]',17,2,'2025-06-12 10:35:44.238722');
INSERT INTO "django_admin_log" VALUES(300,'34','21419321',2,'[{"changed": {"fields": ["Last time tested"]}}]',17,2,'2025-06-12 11:06:48.368030');
INSERT INTO "django_admin_log" VALUES(301,'34','21419321',2,'[{"changed": {"fields": ["Last time tested"]}}]',17,2,'2025-06-12 11:07:24.013767');
INSERT INTO "django_admin_log" VALUES(302,'1','Pasta Lutownicza  Lodwka (order: 1)',2,'[{"changed": {"fields": ["Changing exp date", "How much days exp date"]}}]',23,2,'2025-06-17 11:05:56.266657');
INSERT INTO "django_admin_log" VALUES(303,'4','111111111112 (Pasta Lutownicza)',3,'',24,2,'2025-06-17 12:55:20.569460');
INSERT INTO "django_admin_log" VALUES(304,'3','411111111111 (Pasta Lutownicza)',3,'',24,2,'2025-06-17 12:55:20.569460');
INSERT INTO "django_admin_log" VALUES(305,'2','211111111111 (Pasta Lutownicza)',3,'',24,2,'2025-06-17 12:55:20.569460');
INSERT INTO "django_admin_log" VALUES(306,'1','111111111111 (Pasta Lutownicza)',3,'',24,2,'2025-06-17 12:55:20.569460');
INSERT INTO "django_admin_log" VALUES(307,'1','Pasta Lutownicza  Lodwka (order: 1)',2,'[{"changed": {"fields": ["Quranteen time"]}}]',23,2,'2025-06-17 12:55:57.076654');
INSERT INTO "django_admin_log" VALUES(308,'3','Pasta Lutownicza  Linia (order: 3)',2,'[{"changed": {"fields": ["Respect quranteen time"]}}]',23,2,'2025-06-17 12:56:17.871105');
INSERT INTO "django_admin_log" VALUES(309,'5','529106535018 (Pasta Lutownicza)',3,'',24,2,'2025-06-18 09:50:38.478161');
INSERT INTO "django_admin_log" VALUES(310,'1','AppToKill object (1)',1,'[{"added": {}}]',28,2,'2025-06-24 12:34:17.184433');
INSERT INTO "django_admin_log" VALUES(311,'4','Linia14',2,'[{"changed": {"fields": ["Name"]}}]',27,2,'2025-06-24 12:34:30.109336');
INSERT INTO "django_admin_log" VALUES(312,'1','Pasta Lutownicza  Lodwka (order: 1)',2,'[{"changed": {"fields": ["Expecting child"]}}]',23,2,'2025-06-24 12:35:34.278790');
INSERT INTO "django_admin_log" VALUES(313,'2','Pasta Lutownicza  Szafa Produkcyjna (order: 2)',2,'[{"changed": {"fields": ["Respect quranteen time"]}}]',23,2,'2025-06-24 12:35:50.935596');
INSERT INTO "django_admin_log" VALUES(314,'3','Pasta Lutownicza  Linia (order: 3)',2,'[{"changed": {"fields": ["Can multi", "Respect quranteen time", "Killing app"]}}]',23,2,'2025-06-24 12:36:23.654279');
INSERT INTO "django_admin_log" VALUES(315,'1','AppToKill object (1)',2,'[{"changed": {"fields": ["Killing flag"]}}]',28,2,'2025-06-24 13:13:32.521433');
INSERT INTO "django_admin_log" VALUES(316,'1','AppToKill object (1)',2,'[{"changed": {"fields": ["Killing flag"]}}]',28,2,'2025-06-24 13:23:30.842603');
INSERT INTO "django_admin_log" VALUES(317,'2','529106535186 (Pasta Lutownicza)',3,'',24,2,'2025-06-24 13:29:31.990772');
INSERT INTO "django_admin_log" VALUES(318,'1','529124250652 (Pasta Lutownicza)',3,'',24,2,'2025-06-24 13:29:31.990772');
INSERT INTO "django_admin_log" VALUES(319,'1','AppToKill object (1)',2,'[]',28,2,'2025-06-24 13:30:39.519470');
INSERT INTO "django_admin_log" VALUES(320,'3','529106535186 (Pasta Lutownicza)',2,'[{"changed": {"fields": ["Exp date in process", "Quranteen time"]}}]',24,2,'2025-06-24 13:34:03.478313');
INSERT INTO "django_admin_log" VALUES(321,'3','529106535186 (Pasta Lutownicza)',2,'[{"changed": {"fields": ["Current process", "Current place"]}}]',24,2,'2025-06-24 13:34:19.387331');
INSERT INTO "django_admin_log" VALUES(322,'29','529106535186 - Lodwka []',2,'[{"changed": {"fields": ["Is completed"]}}]',25,2,'2025-06-24 13:34:51.888633');
INSERT INTO "django_admin_log" VALUES(323,'30','529106535186 - Szafa Produkcyjna []',2,'[{"changed": {"fields": ["Is completed"]}}]',25,2,'2025-06-24 13:35:16.646210');
INSERT INTO "django_admin_log" VALUES(324,'881','07522898607D21416532 (good)',1,'[{"added": {}}]',18,3,'2025-06-25 07:38:19.883390');
INSERT INTO "django_admin_log" VALUES(325,'882','27121891101D21416532 (bad)',1,'[{"added": {}}]',18,3,'2025-06-25 07:39:00.532740');
INSERT INTO "django_admin_log" VALUES(326,'883','07522898605D21416532 (calib)',1,'[{"added": {}}]',18,3,'2025-06-25 07:40:04.947633');
INSERT INTO "django_admin_log" VALUES(327,'884','24224005002I21416532 (calib)',1,'[{"added": {}}]',18,3,'2025-06-25 07:42:53.744061');
INSERT INTO "django_admin_log" VALUES(328,'885','07522898606D21416532 (good)',1,'[{"added": {}}]',18,3,'2025-06-25 07:43:20.577320');
INSERT INTO "django_admin_log" VALUES(329,'886','27121892512D21416532 (bad)',1,'[{"added": {}}]',18,3,'2025-06-25 07:43:44.479280');
INSERT INTO "django_admin_log" VALUES(330,'9','52916363751 (Pasta Lutownicza)',3,'',24,2,'2025-06-25 08:58:35.592502');
INSERT INTO "django_admin_log" VALUES(331,'8','52916363757 (Pasta Lutownicza)',3,'',24,2,'2025-06-25 08:58:35.592502');
INSERT INTO "django_admin_log" VALUES(332,'7','52916363755 (Pasta Lutownicza)',3,'',24,2,'2025-06-25 08:58:35.592502');
INSERT INTO "django_admin_log" VALUES(333,'6','529163632554 (Pasta Lutownicza)',3,'',24,2,'2025-06-25 08:58:35.592502');
INSERT INTO "django_admin_log" VALUES(334,'5','529163632542 (Pasta Lutownicza)',3,'',24,2,'2025-06-25 08:58:35.592502');
INSERT INTO "django_admin_log" VALUES(335,'4','529163632548 (Pasta Lutownicza)',3,'',24,2,'2025-06-25 08:58:35.592502');
INSERT INTO "django_admin_log" VALUES(336,'3','529106535186 (Pasta Lutownicza)',3,'',24,2,'2025-06-25 08:58:35.592502');
INSERT INTO "django_admin_log" VALUES(337,'2','52916363752 (Pasta Lutownicza)',2,'[{"changed": {"fields": ["Exp date in process"]}}]',24,2,'2025-06-25 10:38:36.820226');
INSERT INTO "django_admin_log" VALUES(338,'2','52916363752 (Pasta Lutownicza)',2,'[{"changed": {"fields": ["Expire date"]}}]',24,2,'2025-06-25 10:39:19.267353');
INSERT INTO "django_admin_log" VALUES(339,'15','52916363748 (Pasta Lutownicza)',2,'[{"changed": {"fields": ["Exp date in process", "Quranteen time"]}}]',24,2,'2025-06-25 10:40:42.625378');
INSERT INTO "django_admin_log" VALUES(340,'15','52916363748 (Pasta Lutownicza)',2,'[{"changed": {"fields": ["Quranteen time"]}}]',24,2,'2025-06-25 10:41:08.404006');
INSERT INTO "django_admin_log" VALUES(341,'15','52916363748 (Pasta Lutownicza)',2,'[{"changed": {"fields": ["Quranteen time"]}}]',24,2,'2025-06-25 10:41:21.067523');
INSERT INTO "django_admin_log" VALUES(342,'15','52916363748 (Pasta Lutownicza)',3,'',24,2,'2025-06-25 10:50:47.231937');
INSERT INTO "django_admin_log" VALUES(343,'22','529163632549 (Pasta Lutownicza)',3,'',24,2,'2025-06-25 11:07:56.912525');
INSERT INTO "django_admin_log" VALUES(344,'21','52916363759 (Pasta Lutownicza)',3,'',24,2,'2025-06-25 11:07:56.912525');
INSERT INTO "django_admin_log" VALUES(345,'20','52916363746 (Pasta Lutownicza)',3,'',24,2,'2025-06-25 11:07:56.912525');
INSERT INTO "django_admin_log" VALUES(346,'19','52916363749 (Pasta Lutownicza)',3,'',24,2,'2025-06-25 11:07:56.912525');
INSERT INTO "django_admin_log" VALUES(347,'18','52916363754 (Pasta Lutownicza)',3,'',24,2,'2025-06-25 11:07:56.912525');
INSERT INTO "django_admin_log" VALUES(348,'17','52916363742 (Pasta Lutownicza)',3,'',24,2,'2025-06-25 11:07:56.912525');
INSERT INTO "django_admin_log" VALUES(349,'16','52916363745 (Pasta Lutownicza)',3,'',24,2,'2025-06-25 11:07:56.912525');
INSERT INTO "django_admin_log" VALUES(350,'14','52916363760 (Pasta Lutownicza)',3,'',24,2,'2025-06-25 11:07:56.912525');
INSERT INTO "django_admin_log" VALUES(351,'13','52916363758 (Pasta Lutownicza)',3,'',24,2,'2025-06-25 11:07:56.912525');
INSERT INTO "django_admin_log" VALUES(352,'12','52916363747 (Pasta Lutownicza)',3,'',24,2,'2025-06-25 11:07:56.912525');
INSERT INTO "django_admin_log" VALUES(353,'11','52916363750 (Pasta Lutownicza)',3,'',24,2,'2025-06-25 11:07:56.912525');
INSERT INTO "django_admin_log" VALUES(354,'10','52916363753 (Pasta Lutownicza)',3,'',24,2,'2025-06-25 11:07:56.912525');
INSERT INTO "django_admin_log" VALUES(355,'9','52916363743 (Pasta Lutownicza)',3,'',24,2,'2025-06-25 11:07:56.912525');
INSERT INTO "django_admin_log" VALUES(356,'8','52916363744 (Pasta Lutownicza)',3,'',24,2,'2025-06-25 11:07:56.912525');
INSERT INTO "django_admin_log" VALUES(357,'7','52916363761 (Pasta Lutownicza)',3,'',24,2,'2025-06-25 11:07:56.912525');
INSERT INTO "django_admin_log" VALUES(358,'6','52916363756 (Pasta Lutownicza)',3,'',24,2,'2025-06-25 11:07:56.912525');
INSERT INTO "django_admin_log" VALUES(359,'5','52916363755 (Pasta Lutownicza)',3,'',24,2,'2025-06-25 11:07:56.912525');
INSERT INTO "django_admin_log" VALUES(360,'4','52916363757 (Pasta Lutownicza)',3,'',24,2,'2025-06-25 11:07:56.912525');
INSERT INTO "django_admin_log" VALUES(361,'3','52916363751 (Pasta Lutownicza)',3,'',24,2,'2025-06-25 11:07:56.912525');
INSERT INTO "django_admin_log" VALUES(362,'2','52916363752 (Pasta Lutownicza)',3,'',24,2,'2025-06-25 11:07:56.912525');
INSERT INTO "django_admin_log" VALUES(363,'1','529163632542 (Pasta Lutownicza)',3,'',24,2,'2025-06-25 11:07:56.912525');
INSERT INTO "django_admin_log" VALUES(364,'4','Pasta Lutownicza  Kosz na mieci (order: 4)',2,'[{"changed": {"fields": ["Ending process"]}}]',23,2,'2025-06-25 11:09:07.775362');
INSERT INTO "django_admin_log" VALUES(365,'70','30101122',3,'',16,3,'2025-06-25 11:58:41.062745');
INSERT INTO "django_admin_log" VALUES(366,'44','30101122
30101123',3,'',16,3,'2025-06-25 11:58:41.062745');
INSERT INTO "django_admin_log" VALUES(367,'43','30101123
30101122',3,'',16,3,'2025-06-25 11:58:41.062745');
INSERT INTO "django_admin_log" VALUES(368,'40','21422704',2,'[{"changed": {"fields": ["Last time tested"]}}]',17,3,'2025-06-25 12:48:13.409122');
INSERT INTO "django_admin_log" VALUES(369,'29','529163632554 (Pasta Lutownicza)',2,'[{"changed": {"fields": ["Expire date"]}}]',24,3,'2025-06-26 07:03:48.253307');
INSERT INTO "django_admin_log" VALUES(370,'42','30101122_23',2,'[{"changed": {"fields": ["Code", "Name"]}}]',16,3,'2025-06-26 07:30:30.335604');
INSERT INTO "django_admin_log" VALUES(371,'1','AppToKill object (1)',2,'[{"changed": {"fields": ["Killing flag"]}}]',28,2,'2025-06-27 07:22:29.225145');
INSERT INTO "django_admin_log" VALUES(372,'69','21416532',3,'',17,3,'2025-06-27 08:02:04.641413');
INSERT INTO "django_admin_log" VALUES(373,'243','AUDI Q6 T1 TAIL SIDE',3,'',16,3,'2025-06-27 08:12:29.288944');
INSERT INTO "django_admin_log" VALUES(374,'127','30101069',3,'',16,3,'2025-06-27 08:43:53.802596');
INSERT INTO "django_admin_log" VALUES(375,'126','30101065',3,'',16,3,'2025-06-27 08:43:53.802596');
INSERT INTO "django_admin_log" VALUES(376,'71','21416533',3,'',17,3,'2025-06-27 08:45:06.427167');
INSERT INTO "django_admin_log" VALUES(377,'68','21416540',3,'',17,3,'2025-06-27 09:01:23.142173');
INSERT INTO "django_admin_log" VALUES(378,'76','21416538',3,'',17,3,'2025-06-27 09:34:13.549570');
INSERT INTO "django_admin_log" VALUES(379,'75','21416536',3,'',17,3,'2025-06-27 09:48:07.673549');
INSERT INTO "django_admin_log" VALUES(380,'66','21416542',3,'',17,3,'2025-06-27 09:51:31.097870');
INSERT INTO "django_admin_log" VALUES(381,'65','21416530',3,'',17,3,'2025-06-27 10:35:07.413463');
INSERT INTO "django_admin_log" VALUES(382,'231','30100655',3,'',16,3,'2025-06-27 10:58:56.019607');
INSERT INTO "django_admin_log" VALUES(383,'211','30100657',3,'',16,3,'2025-06-27 10:58:56.019607');
INSERT INTO "django_admin_log" VALUES(384,'210','30100656',3,'',16,3,'2025-06-27 10:58:56.019607');
INSERT INTO "django_admin_log" VALUES(385,'109','666555444',3,'',16,3,'2025-06-27 10:58:56.019607');
INSERT INTO "django_admin_log" VALUES(386,'102','21416517',3,'',17,3,'2025-06-27 11:13:04.271080');
INSERT INTO "django_admin_log" VALUES(387,'85','21416520',3,'',17,3,'2025-06-27 11:17:10.282328');
INSERT INTO "django_admin_log" VALUES(388,'104','21416525',3,'',17,3,'2025-06-27 11:23:18.868146');
INSERT INTO "django_admin_log" VALUES(389,'105','21416521',3,'',17,3,'2025-06-27 11:28:56.117301');
INSERT INTO "django_admin_log" VALUES(390,'103','21416523',3,'',17,3,'2025-06-27 11:31:56.945258');
INSERT INTO "django_admin_log" VALUES(391,'138','30100855',2,'[{"changed": {"fields": ["Name"]}}]',16,3,'2025-06-27 12:50:23.949642');
INSERT INTO "django_admin_log" VALUES(392,'137','30100854',2,'[{"changed": {"fields": ["Name"]}}]',16,3,'2025-06-27 12:50:48.396075');
INSERT INTO "django_admin_log" VALUES(393,'42','30101122 / 23',2,'[{"changed": {"fields": ["Code", "Name"]}}]',16,3,'2025-06-27 12:53:59.303183');
INSERT INTO "django_admin_log" VALUES(394,'191','21223015502H21417835 (calib)',2,'[{"changed": {"fields": ["Variant"]}}]',18,3,'2025-06-27 12:56:19.720494');
INSERT INTO "django_admin_log" VALUES(395,'192','31522002602H21417835 (bad)',2,'[{"changed": {"fields": ["Variant"]}}]',18,3,'2025-06-27 12:56:45.364212');
INSERT INTO "django_admin_log" VALUES(396,'352','33323011902H21417835 (good)',2,'[{"changed": {"fields": ["Variant"]}}]',18,3,'2025-06-27 12:57:38.960127');
INSERT INTO "django_admin_log" VALUES(397,'65','30101233',3,'',16,3,'2025-06-27 12:58:12.652149');
INSERT INTO "django_admin_log" VALUES(398,'64','30101232 / 33',2,'[{"changed": {"fields": ["Code", "Name"]}}]',16,3,'2025-06-27 12:58:56.604570');
INSERT INTO "django_admin_log" VALUES(399,'39','30101235',3,'',16,3,'2025-06-27 13:01:22.847317');
INSERT INTO "django_admin_log" VALUES(400,'38','30101234 / 35',2,'[{"changed": {"fields": ["Code", "Name"]}}]',16,3,'2025-06-27 13:02:04.727316');
INSERT INTO "django_admin_log" VALUES(401,'58','30101237',3,'',16,3,'2025-06-27 13:04:09.323397');
INSERT INTO "django_admin_log" VALUES(402,'57','30101236 / 37',2,'[{"changed": {"fields": ["Code", "Name"]}}]',16,3,'2025-06-27 13:04:36.180184');
INSERT INTO "django_admin_log" VALUES(403,'123','03424001502J21419319 (calib)',2,'[{"changed": {"fields": ["Variant"]}}]',18,3,'2025-06-27 13:05:58.369863');
INSERT INTO "django_admin_log" VALUES(404,'124','03424001504J21419319 (calib)',2,'[{"changed": {"fields": ["Variant"]}}]',18,3,'2025-06-27 13:06:07.790815');
INSERT INTO "django_admin_log" VALUES(405,'150','28423010602L21419319 (good)',2,'[{"changed": {"fields": ["Variant"]}}]',18,3,'2025-06-27 13:06:26.052193');
INSERT INTO "django_admin_log" VALUES(406,'152','28423010604L21419319 (good)',2,'[{"changed": {"fields": ["Variant"]}}]',18,3,'2025-06-27 13:06:34.409974');
INSERT INTO "django_admin_log" VALUES(407,'158','28423005802L21419319 (bad)',2,'[{"changed": {"fields": ["Variant"]}}]',18,3,'2025-06-27 13:06:42.064459');
INSERT INTO "django_admin_log" VALUES(408,'159','28423005804L21419319 (bad)',2,'[{"changed": {"fields": ["Variant"]}}]',18,3,'2025-06-27 13:06:51.966788');
INSERT INTO "django_admin_log" VALUES(409,'49','30101443',3,'',16,3,'2025-06-27 13:07:17.194622');
INSERT INTO "django_admin_log" VALUES(410,'48','30101442 / 43',2,'[{"changed": {"fields": ["Code", "Name"]}}]',16,3,'2025-06-27 13:07:55.511518');
INSERT INTO "django_admin_log" VALUES(411,'68','30101448',2,'[{"changed": {"fields": ["Name"]}}]',16,3,'2025-06-27 13:08:57.269305');
INSERT INTO "django_admin_log" VALUES(412,'69','30101449',2,'[{"changed": {"fields": ["Name"]}}]',16,3,'2025-06-27 13:09:27.401854');
INSERT INTO "django_admin_log" VALUES(413,'196','24323004804L21419321 (calib)',2,'[{"changed": {"fields": ["Variant"]}}]',18,3,'2025-06-27 13:10:00.299939');
INSERT INTO "django_admin_log" VALUES(414,'197','24323005104L21419321 (bad)',2,'[{"changed": {"fields": ["Variant"]}}]',18,3,'2025-06-27 13:10:06.893782');
INSERT INTO "django_admin_log" VALUES(415,'355','24323004802L21419321 (good)',2,'[{"changed": {"fields": ["Variant"]}}]',18,3,'2025-06-27 13:10:13.791215');
INSERT INTO "django_admin_log" VALUES(416,'67','30101445',3,'',16,3,'2025-06-27 13:10:27.499390');
INSERT INTO "django_admin_log" VALUES(417,'66','30101444 / 45',2,'[{"changed": {"fields": ["Code", "Name"]}}]',16,3,'2025-06-27 13:10:58.235917');
INSERT INTO "django_admin_log" VALUES(418,'68','30101448',2,'[{"changed": {"fields": ["Name"]}}]',16,3,'2025-06-27 13:11:21.188767');
INSERT INTO "django_admin_log" VALUES(419,'48','30101442 / 43',2,'[{"changed": {"fields": ["Name"]}}]',16,3,'2025-06-27 13:11:31.935232');
INSERT INTO "django_admin_log" VALUES(420,'69','30101449',2,'[{"changed": {"fields": ["Name"]}}]',16,3,'2025-06-27 13:11:45.810651');
INSERT INTO "django_admin_log" VALUES(421,'230','30100768',3,'',16,3,'2025-06-27 13:19:16.701578');
INSERT INTO "django_admin_log" VALUES(422,'229','30100767',3,'',16,3,'2025-06-27 13:19:16.701578');
INSERT INTO "django_admin_log" VALUES(423,'188','30100758',3,'',16,3,'2025-06-27 13:19:16.701578');
INSERT INTO "django_admin_log" VALUES(424,'178','30100771',3,'',16,3,'2025-06-27 13:19:16.701578');
INSERT INTO "django_admin_log" VALUES(425,'163','30100759',3,'',16,3,'2025-06-27 13:19:16.701578');
INSERT INTO "django_admin_log" VALUES(426,'162','30100760',3,'',16,3,'2025-06-27 13:19:16.701578');
INSERT INTO "django_admin_log" VALUES(427,'161','30100774',3,'',16,3,'2025-06-27 13:19:16.701578');
INSERT INTO "django_admin_log" VALUES(428,'158','30100764',3,'',16,3,'2025-06-27 13:19:16.701578');
INSERT INTO "django_admin_log" VALUES(429,'157','30100763',3,'',16,3,'2025-06-27 13:19:16.701578');
INSERT INTO "django_admin_log" VALUES(430,'155','30100762',3,'',16,3,'2025-06-27 13:19:16.701578');
INSERT INTO "django_admin_log" VALUES(431,'154','30100761',3,'',16,3,'2025-06-27 13:19:16.701578');
INSERT INTO "django_admin_log" VALUES(432,'153','30100757',3,'',16,3,'2025-06-27 13:19:16.701578');
INSERT INTO "django_admin_log" VALUES(433,'151','30100773',3,'',16,3,'2025-06-27 13:19:16.701578');
INSERT INTO "django_admin_log" VALUES(434,'145','30100776',3,'',16,3,'2025-06-27 13:19:16.701578');
INSERT INTO "django_admin_log" VALUES(435,'144','30100765',3,'',16,3,'2025-06-27 13:19:16.701578');
INSERT INTO "django_admin_log" VALUES(436,'141','30100772',3,'',16,3,'2025-06-27 13:19:16.701578');
INSERT INTO "django_admin_log" VALUES(437,'228','30100816',3,'',16,3,'2025-06-27 13:21:22.266811');
INSERT INTO "django_admin_log" VALUES(438,'214','30101571',3,'',16,3,'2025-06-27 13:21:22.266811');
INSERT INTO "django_admin_log" VALUES(439,'160','30100781',3,'',16,3,'2025-06-27 13:21:22.266811');
INSERT INTO "django_admin_log" VALUES(440,'159','30100780',3,'',16,3,'2025-06-27 13:21:22.266811');
INSERT INTO "django_admin_log" VALUES(441,'152','30100817',3,'',16,3,'2025-06-27 13:21:22.266811');
INSERT INTO "django_admin_log" VALUES(442,'150','30100779',3,'',16,3,'2025-06-27 13:21:22.266811');
INSERT INTO "django_admin_log" VALUES(443,'149','30100778',3,'',16,3,'2025-06-27 13:21:22.266811');
INSERT INTO "django_admin_log" VALUES(444,'140','30100777',3,'',16,3,'2025-06-27 13:21:22.266811');
INSERT INTO "django_admin_log" VALUES(445,'139','30101572',3,'',16,3,'2025-06-27 13:21:22.266811');
INSERT INTO "django_admin_log" VALUES(446,'61','30100775',3,'',16,3,'2025-06-27 13:21:22.266811');
INSERT INTO "django_admin_log" VALUES(447,'259','30281687',3,'',16,3,'2025-07-02 08:31:44.223756');
INSERT INTO "django_admin_log" VALUES(448,'18','21419234',3,'',17,3,'2025-07-02 12:46:34.430872');
INSERT INTO "django_admin_log" VALUES(449,'23','21419236',3,'',17,3,'2025-07-02 12:53:23.568521');
INSERT INTO "django_admin_log" VALUES(450,'52','21419239',3,'',17,3,'2025-07-02 12:57:20.115363');
INSERT INTO "django_admin_log" VALUES(451,'61','3456',3,'',17,3,'2025-07-02 13:17:41.855487');
INSERT INTO "django_admin_log" VALUES(452,'72','21412890',3,'',17,3,'2025-07-02 13:19:36.097826');
INSERT INTO "django_admin_log" VALUES(453,'28','21412894',3,'',17,3,'2025-07-02 13:19:53.736414');
INSERT INTO "django_admin_log" VALUES(454,'137','21400000',3,'',17,3,'2025-07-02 13:20:21.141852');
INSERT INTO "django_admin_log" VALUES(455,'212','30100689',2,'[{"changed": {"fields": ["Name"]}}]',16,3,'2025-07-02 13:21:36.149529');
INSERT INTO "django_admin_log" VALUES(456,'131','30100691',2,'[{"changed": {"fields": ["Name"]}}]',16,3,'2025-07-02 13:22:07.916992');
INSERT INTO "django_admin_log" VALUES(457,'132','30100692',2,'[{"changed": {"fields": ["Name"]}}]',16,3,'2025-07-02 13:22:28.070373');
INSERT INTO "django_admin_log" VALUES(458,'190','30100693',2,'[{"changed": {"fields": ["Name"]}}]',16,3,'2025-07-02 13:22:53.861511');
INSERT INTO "django_admin_log" VALUES(459,'192','30100694',2,'[{"changed": {"fields": ["Name"]}}]',16,3,'2025-07-02 13:23:17.380299');
INSERT INTO "django_admin_log" VALUES(460,'193','30100695',2,'[{"changed": {"fields": ["Name"]}}]',16,3,'2025-07-02 13:23:37.307069');
INSERT INTO "django_admin_log" VALUES(461,'194','30100696',2,'[{"changed": {"fields": ["Name"]}}]',16,3,'2025-07-02 13:23:55.739090');
INSERT INTO "django_admin_log" VALUES(462,'177','30100697',2,'[{"changed": {"fields": ["Name"]}}]',16,3,'2025-07-02 13:24:26.588578');
INSERT INTO "django_admin_log" VALUES(463,'176','30100698',2,'[{"changed": {"fields": ["Name"]}}]',16,3,'2025-07-02 13:24:43.939894');
INSERT INTO "django_admin_log" VALUES(464,'191','30101693',3,'',16,3,'2025-07-02 13:27:22.420366');
INSERT INTO "django_admin_log" VALUES(465,'571','20421001504D21416654 (calib)',2,'[{"changed": {"fields": ["Variant"]}}]',18,3,'2025-07-03 05:54:11.936817');
INSERT INTO "django_admin_log" VALUES(466,'573','34121009804D21416654 (bad)',2,'[{"changed": {"fields": ["Variant"]}}]',18,3,'2025-07-03 05:54:34.941293');
INSERT INTO "django_admin_log" VALUES(467,'572','32621012502D21416654 (good)',2,'[{"changed": {"fields": ["Variant"]}}]',18,3,'2025-07-03 05:55:08.130954');
INSERT INTO "django_admin_log" VALUES(468,'179','30101044',3,'',16,3,'2025-07-03 05:56:23.226005');
INSERT INTO "django_admin_log" VALUES(469,'180','30101043',2,'[{"changed": {"fields": ["Name"]}}]',16,3,'2025-07-03 05:56:54.540668');
INSERT INTO "django_admin_log" VALUES(470,'579','32621000002D21416656 (calib)',2,'[{"changed": {"fields": ["Variant"]}}]',18,3,'2025-07-03 05:59:37.159015');
INSERT INTO "django_admin_log" VALUES(471,'580','18122006602D21416656 (good)',2,'[{"changed": {"fields": ["Variant"]}}]',18,3,'2025-07-03 05:59:56.855754');
INSERT INTO "django_admin_log" VALUES(472,'581','18122006604D21416656 (bad)',2,'[{"changed": {"fields": ["Variant"]}}]',18,3,'2025-07-03 06:00:13.092235');
INSERT INTO "django_admin_log" VALUES(473,'182','30101046',3,'',16,3,'2025-07-03 06:00:28.654942');
INSERT INTO "django_admin_log" VALUES(474,'181','30101045 / 46',2,'[{"changed": {"fields": ["Code", "Name"]}}]',16,3,'2025-07-03 06:02:47.311367');
INSERT INTO "django_admin_log" VALUES(475,'180','30101043 / 44',2,'[{"changed": {"fields": ["Code"]}}]',16,3,'2025-07-03 06:03:09.200224');
INSERT INTO "django_admin_log" VALUES(476,'283','07425002406L21419237 (calib)',2,'[{"changed": {"fields": ["Variant"]}}]',18,3,'2025-07-03 06:08:03.836407');
INSERT INTO "django_admin_log" VALUES(477,'284','07425002404L21419237 (good)',2,'[{"changed": {"fields": ["Variant"]}}]',18,3,'2025-07-03 06:08:17.828114');
INSERT INTO "django_admin_log" VALUES(478,'285','07425002402L21419237 (bad)',2,'[{"changed": {"fields": ["Variant"]}}]',18,3,'2025-07-03 06:08:29.975395');
INSERT INTO "django_admin_log" VALUES(479,'97','30101401',3,'',16,3,'2025-07-03 06:09:16.619782');
INSERT INTO "django_admin_log" VALUES(480,'96','30101400',2,'[{"changed": {"fields": ["Name"]}}]',16,3,'2025-07-03 06:09:42.063815');
INSERT INTO "django_admin_log" VALUES(481,'96','30101400 / 01',2,'[{"changed": {"fields": ["Code"]}}]',16,3,'2025-07-03 06:10:08.085768');
INSERT INTO "django_admin_log" VALUES(482,'260','12345678',3,'',16,3,'2025-07-03 06:11:58.076865');
INSERT INTO "django_admin_log" VALUES(483,'123','21410486',3,'',17,3,'2025-07-03 06:14:12.806981');
INSERT INTO "django_admin_log" VALUES(484,'585','20421004201D21416658 (calib)',2,'[{"changed": {"fields": ["Variant"]}}]',18,3,'2025-07-03 06:42:47.769232');
INSERT INTO "django_admin_log" VALUES(485,'586','33621003710D21416658 (good)',2,'[{"changed": {"fields": ["Variant"]}}]',18,3,'2025-07-03 06:43:00.438144');
INSERT INTO "django_admin_log" VALUES(486,'587','07923008510I21416658 (good)',2,'[{"changed": {"fields": ["Variant"]}}]',18,3,'2025-07-03 06:43:11.127707');
INSERT INTO "django_admin_log" VALUES(487,'588','33621001912D21416658 (bad)',2,'[{"changed": {"fields": ["Variant"]}}]',18,3,'2025-07-03 06:43:23.312904');
INSERT INTO "django_admin_log" VALUES(488,'184','30101048',3,'',16,3,'2025-07-03 06:48:57.087610');
INSERT INTO "django_admin_log" VALUES(489,'183','30101047 / 48',2,'[{"changed": {"fields": ["Code", "Name"]}}]',16,3,'2025-07-03 06:49:28.839415');
INSERT INTO "django_admin_log" VALUES(490,'224','30101041',2,'[{"changed": {"fields": ["Name"]}}]',16,3,'2025-07-03 06:51:53.975909');
INSERT INTO "django_admin_log" VALUES(491,'225','30101042',2,'[{"changed": {"fields": ["Name"]}}]',16,3,'2025-07-03 06:52:20.396863');
INSERT INTO "django_admin_log" VALUES(492,'594','19422007702D21417167 (bad)',2,'[{"changed": {"fields": ["Variant"]}}]',18,3,'2025-07-03 06:57:53.313673');
INSERT INTO "django_admin_log" VALUES(493,'592','14722020004D21417167 (calib)',2,'[{"changed": {"fields": ["Variant"]}}]',18,3,'2025-07-03 06:58:08.168857');
INSERT INTO "django_admin_log" VALUES(494,'593','06823002404I21417167 (good)',2,'[{"changed": {"fields": ["Variant"]}}]',18,3,'2025-07-03 06:58:18.784950');
INSERT INTO "django_admin_log" VALUES(495,'185','30101159 / 60',2,'[{"changed": {"fields": ["Code", "Name"]}}]',16,3,'2025-07-03 07:00:03.064800');
INSERT INTO "django_admin_log" VALUES(496,'32','21416706',3,'',17,3,'2025-07-03 07:03:25.975221');
INSERT INTO "django_admin_log" VALUES(497,'101','02901I21416706',3,'',17,3,'2025-07-03 07:03:44.473603');
INSERT INTO "django_admin_log" VALUES(498,'100','02401I21416711',3,'',17,3,'2025-07-03 07:04:34.076896');
INSERT INTO "django_admin_log" VALUES(499,'99','02304I21416711',3,'',17,3,'2025-07-03 07:04:41.215878');
INSERT INTO "django_admin_log" VALUES(500,'39','0I0021422246',3,'',17,3,'2025-07-03 07:08:18.623047');
INSERT INTO "django_admin_log" VALUES(501,'94','21413772',3,'',17,3,'2025-07-03 07:10:45.543330');
INSERT INTO "django_admin_log" VALUES(502,'41','3010122',3,'',16,3,'2025-07-03 08:47:50.516253');
INSERT INTO "django_admin_log" VALUES(503,'111','30101375',2,'[{"changed": {"fields": ["Name"]}}]',16,3,'2025-07-07 04:25:31.520094');
INSERT INTO "django_admin_log" VALUES(504,'839','30522001416H21419244 (calib)',2,'[{"changed": {"fields": ["Variant"]}}]',18,3,'2025-07-07 04:28:55.578210');
INSERT INTO "django_admin_log" VALUES(505,'840','30522001414H21419244 (good)',3,'',18,3,'2025-07-07 04:29:47.935645');
INSERT INTO "django_admin_log" VALUES(506,'841','30522001420H21419244 (good)',3,'',18,3,'2025-07-07 04:30:14.504454');
INSERT INTO "django_admin_log" VALUES(507,'842','30522001418H21419244 (bad)',2,'[{"changed": {"fields": ["Variant"]}}]',18,3,'2025-07-07 04:30:40.748555');
INSERT INTO "django_admin_log" VALUES(508,'235','30101377',3,'',16,3,'2025-07-07 04:31:10.752528');
INSERT INTO "django_admin_log" VALUES(509,'236','30101376 / 77',2,'[{"changed": {"fields": ["Code", "Name"]}}]',16,3,'2025-07-07 04:31:32.455285');
INSERT INTO "django_admin_log" VALUES(510,'240','30101378',2,'[{"changed": {"fields": ["Name"]}}]',16,3,'2025-07-07 05:28:38.479675');
INSERT INTO "django_admin_log" VALUES(511,'864','24724014502I21419245 (calib)',2,'[{"changed": {"fields": ["Variant"]}}]',18,3,'2025-07-07 05:29:12.668236');
INSERT INTO "django_admin_log" VALUES(512,'865','24724012001I21419245 (good)',2,'[{"changed": {"fields": ["Variant"]}}]',18,3,'2025-07-07 05:29:26.047394');
INSERT INTO "django_admin_log" VALUES(513,'866','24724013101I21419245 (bad)',2,'[{"changed": {"fields": ["Variant"]}}]',18,3,'2025-07-07 05:29:38.212817');
INSERT INTO "django_admin_log" VALUES(514,'241','30101379',3,'',16,3,'2025-07-07 05:30:24.807817');
INSERT INTO "django_admin_log" VALUES(515,'175','30101388',2,'[{"changed": {"fields": ["Name"]}}]',16,3,'2025-07-07 05:33:46.619821');
INSERT INTO "django_admin_log" VALUES(516,'795','25324002324H21419252 (good)',2,'[{"changed": {"fields": ["Variant"]}}]',18,3,'2025-07-07 05:34:56.635068');
INSERT INTO "django_admin_log" VALUES(517,'835','30422000602I21419252 (calib)',2,'[{"changed": {"fields": ["Variant"]}}]',18,3,'2025-07-07 05:36:34.982867');
INSERT INTO "django_admin_log" VALUES(518,'858','11123003320I21419252 (good)',2,'[{"changed": {"fields": ["Variant"]}}]',18,3,'2025-07-07 05:36:59.906101');
INSERT INTO "django_admin_log" VALUES(519,'859','11123003310I21419252 (good)',2,'[{"changed": {"fields": ["Variant"]}}]',18,3,'2025-07-07 05:37:14.894550');
INSERT INTO "django_admin_log" VALUES(520,'860','20222000708H21419252 (bad)',2,'[{"changed": {"fields": ["Variant"]}}]',18,3,'2025-07-07 05:37:31.711446');
INSERT INTO "django_admin_log" VALUES(521,'227','30101389',3,'',16,3,'2025-07-07 05:38:17.614205');
INSERT INTO "django_admin_log" VALUES(522,'121','30101384 / 85',2,'[{"changed": {"fields": ["Code", "Name"]}}]',16,3,'2025-07-07 05:39:40.495457');
INSERT INTO "django_admin_log" VALUES(523,'376','06024001701I21419248 (calib)',2,'[{"changed": {"fields": ["Variant"]}}]',18,3,'2025-07-07 05:40:45.883279');
INSERT INTO "django_admin_log" VALUES(524,'377','06024001702I21419248 (calib)',2,'[{"changed": {"fields": ["Variant"]}}]',18,3,'2025-07-07 05:41:03.487733');
INSERT INTO "django_admin_log" VALUES(525,'380','06024002301I21419248 (bad)',2,'[{"changed": {"fields": ["Variant"]}}]',18,3,'2025-07-07 05:41:13.923150');
INSERT INTO "django_admin_log" VALUES(526,'381','06024002302I21419248 (bad)',2,'[{"changed": {"fields": ["Variant"]}}]',18,3,'2025-07-07 05:41:28.480091');
INSERT INTO "django_admin_log" VALUES(527,'120','30101384
30101385',3,'',16,3,'2025-07-07 05:41:47.196156');
INSERT INTO "django_admin_log" VALUES(528,'237','30101386 / 87',2,'[{"changed": {"fields": ["Code", "Name"]}}]',16,3,'2025-07-07 05:48:49.003585');
INSERT INTO "django_admin_log" VALUES(529,'850','30622000005H21419250 (calib)',2,'[{"changed": {"fields": ["Variant"]}}]',18,3,'2025-07-07 05:49:34.094644');
INSERT INTO "django_admin_log" VALUES(530,'851','30622000003H21419250 (good)',2,'[{"changed": {"fields": ["Variant"]}}]',18,3,'2025-07-07 05:49:49.710384');
INSERT INTO "django_admin_log" VALUES(531,'852','30622002507H21419250 (bad)',2,'[{"changed": {"fields": ["Variant"]}}]',18,3,'2025-07-07 05:50:01.619949');
INSERT INTO "django_admin_log" VALUES(532,'238','30101387',3,'',16,3,'2025-07-07 05:50:56.773432');
INSERT INTO "django_admin_log" VALUES(533,'175','30101388 / 89',2,'[{"changed": {"fields": ["Code"]}}]',16,3,'2025-07-07 05:52:02.561914');
INSERT INTO "django_admin_log" VALUES(534,'240','30101378 / 79',2,'[{"changed": {"fields": ["Code"]}}]',16,3,'2025-07-07 05:52:58.284274');
INSERT INTO "django_admin_log" VALUES(535,'242','30101380 / 81',2,'[{"changed": {"fields": ["Code", "Name"]}}]',16,3,'2025-07-07 05:54:01.597932');
INSERT INTO "django_admin_log" VALUES(536,'838','32123002502K21419246 (good)',2,'[{"changed": {"fields": ["Variant"]}}]',18,3,'2025-07-07 05:54:47.088118');
INSERT INTO "django_admin_log" VALUES(537,'873','30922010504H21419246 (bad)',2,'[{"changed": {"fields": ["Variant"]}}]',18,3,'2025-07-07 05:55:12.559813');
INSERT INTO "django_admin_log" VALUES(538,'791','32324015401H21419246 (calib)',2,'[{"changed": {"fields": ["Variant"]}}]',18,3,'2025-07-07 05:56:12.566466');
INSERT INTO "django_admin_log" VALUES(539,'792','32324015402H21419246 (calib)',2,'[{"changed": {"fields": ["Variant"]}}]',18,3,'2025-07-07 05:56:25.551158');
INSERT INTO "django_admin_log" VALUES(540,'234','30101381',3,'',16,3,'2025-07-07 05:56:37.908520');
INSERT INTO "django_admin_log" VALUES(541,'226','30101380 
30101381',3,'',16,3,'2025-07-07 05:56:37.908520');
INSERT INTO "django_admin_log" VALUES(542,'375','01824001402K21419247 (good)',2,'[{"changed": {"fields": ["Variant"]}}]',18,3,'2025-07-07 05:57:43.321137');
INSERT INTO "django_admin_log" VALUES(543,'870','30822003504H21419247 (bad)',2,'[{"changed": {"fields": ["Variant"]}}]',18,3,'2025-07-07 05:58:37.446329');
INSERT INTO "django_admin_log" VALUES(544,'869','14423021202K21419247 (calib)',2,'[{"changed": {"fields": ["Variant"]}}]',18,3,'2025-07-07 05:58:49.376757');
INSERT INTO "django_admin_log" VALUES(545,'119','30101383',3,'',16,3,'2025-07-07 05:59:06.562024');
INSERT INTO "django_admin_log" VALUES(546,'114','30101382 / 83',2,'[{"changed": {"fields": ["Code", "Name"]}}]',16,3,'2025-07-07 05:59:20.461435');
INSERT INTO "django_admin_log" VALUES(547,'145','23422023102D21417022 (good)',2,'[{"changed": {"fields": ["Variant"]}}]',18,3,'2025-07-07 07:03:30.763692');
INSERT INTO "django_admin_log" VALUES(548,'146','31621002002A21417022 (bad)',2,'[{"changed": {"fields": ["Variant"]}}]',18,3,'2025-07-07 07:03:42.732498');
INSERT INTO "django_admin_log" VALUES(549,'172','17824055602N21417022 (calib)',2,'[{"changed": {"fields": ["Variant"]}}]',18,3,'2025-07-07 07:03:56.275003');
INSERT INTO "django_admin_log" VALUES(550,'52','30101130',3,'',16,3,'2025-07-07 07:04:31.652659');
INSERT INTO "django_admin_log" VALUES(551,'51','30101129 / 30',2,'[{"changed": {"fields": ["Code", "Name"]}}]',16,3,'2025-07-07 07:05:16.485489');
INSERT INTO "django_admin_log" VALUES(552,'185','13022014102B21417024 (calib)',2,'[{"changed": {"fields": ["Variant"]}}]',18,3,'2025-07-07 07:06:00.830313');
INSERT INTO "django_admin_log" VALUES(553,'186','32122009402D21417024 (good)',2,'[{"changed": {"fields": ["Variant"]}}]',18,3,'2025-07-07 07:06:11.949181');
INSERT INTO "django_admin_log" VALUES(554,'187','32122008502D21417024 (bad)',2,'[{"changed": {"fields": ["Variant"]}}]',18,3,'2025-07-07 07:06:23.140257');
INSERT INTO "django_admin_log" VALUES(555,'63','30101132',3,'',16,3,'2025-07-07 07:06:51.729668');
INSERT INTO "django_admin_log" VALUES(556,'40','30101131 / 32',2,'[{"changed": {"fields": ["Code", "Name"]}}]',16,3,'2025-07-07 07:07:13.987295');
INSERT INTO "django_admin_log" VALUES(557,'164','31721009804A21417026 (good)',2,'[{"changed": {"fields": ["Variant"]}}]',18,3,'2025-07-07 07:07:50.768973');
INSERT INTO "django_admin_log" VALUES(558,'165','28521003904221417026 (bad)',2,'[{"changed": {"fields": ["Variant"]}}]',18,3,'2025-07-07 07:08:01.919403');
INSERT INTO "django_admin_log" VALUES(559,'344','14925061901N21417026 (calib)',2,'[{"changed": {"fields": ["Variant"]}}]',18,3,'2025-07-07 07:08:29.130380');
INSERT INTO "django_admin_log" VALUES(560,'56','30101134',2,'[]',16,3,'2025-07-07 07:08:48.371563');
INSERT INTO "django_admin_log" VALUES(561,'56','30101134',3,'',16,3,'2025-07-07 07:09:04.756442');
INSERT INTO "django_admin_log" VALUES(562,'55','30101133 / 34',2,'[{"changed": {"fields": ["Code", "Name"]}}]',16,3,'2025-07-07 07:09:35.127677');
INSERT INTO "django_admin_log" VALUES(563,'147','07623053502H21417028 (calib)',2,'[{"changed": {"fields": ["Variant"]}}]',18,3,'2025-07-07 07:10:10.468786');
INSERT INTO "django_admin_log" VALUES(564,'148','13223010802H21417028 (good)',2,'[{"changed": {"fields": ["Variant"]}}]',18,3,'2025-07-07 07:10:21.984534');
INSERT INTO "django_admin_log" VALUES(565,'907','09022002102A21417028 (bad)',2,'[{"changed": {"fields": ["Variant"]}}]',18,3,'2025-07-07 07:10:52.598587');
INSERT INTO "django_admin_log" VALUES(566,'53','30101136',3,'',16,3,'2025-07-07 07:11:12.953954');
INSERT INTO "django_admin_log" VALUES(567,'47','30101135',2,'[{"changed": {"fields": ["Name"]}}]',16,3,'2025-07-07 07:11:32.068284');
INSERT INTO "django_admin_log" VALUES(568,'47','30101135 / 36',2,'[{"changed": {"fields": ["Code"]}}]',16,3,'2025-07-07 07:11:39.716918');
INSERT INTO "django_admin_log" VALUES(569,'235','29524043404N21422689 (calib)',2,'[{"changed": {"fields": ["Variant"]}}]',18,3,'2025-07-07 07:42:39.256009');
INSERT INTO "django_admin_log" VALUES(570,'236','29524024604N21422689 (good)',2,'[{"changed": {"fields": ["Variant"]}}]',18,3,'2025-07-07 07:42:50.957427');
INSERT INTO "django_admin_log" VALUES(571,'237','29524020304N21422689 (bad)',2,'[{"changed": {"fields": ["Variant"]}}]',18,3,'2025-07-07 07:43:01.942192');
INSERT INTO "django_admin_log" VALUES(572,'83','30101885',3,'',16,3,'2025-07-07 07:43:19.330229');
INSERT INTO "django_admin_log" VALUES(573,'82','30101884 / 85',2,'[{"changed": {"fields": ["Code", "Name"]}}]',16,3,'2025-07-07 07:43:38.592336');
INSERT INTO "django_admin_log" VALUES(574,'78','30101886',3,'',16,3,'2025-07-07 07:44:23.694177');
INSERT INTO "django_admin_log" VALUES(575,'79','30101886 / 87',2,'[{"changed": {"fields": ["Code", "Name"]}}]',16,3,'2025-07-07 07:45:03.415207');
INSERT INTO "django_admin_log" VALUES(576,'89','30101888',2,'[{"changed": {"fields": ["Name"]}}]',16,3,'2025-07-07 07:50:37.964219');
INSERT INTO "django_admin_log" VALUES(577,'90','30101889',2,'[{"changed": {"fields": ["Name"]}}]',16,3,'2025-07-07 07:50:47.634020');
INSERT INTO "django_admin_log" VALUES(578,'86','30101890',2,'[{"changed": {"fields": ["Name"]}}]',16,3,'2025-07-07 07:51:27.476047');
INSERT INTO "django_admin_log" VALUES(579,'80','30101891',3,'',16,3,'2025-07-07 07:52:48.805090');
INSERT INTO "django_admin_log" VALUES(580,'81','30101891 / 92',2,'[{"changed": {"fields": ["Code", "Name"]}}]',16,3,'2025-07-07 07:53:13.785947');
INSERT INTO "django_admin_log" VALUES(581,'1','BackMapProcess object (1)',1,'[{"added": {}}]',29,3,'2025-07-07 08:51:04.412689');
INSERT INTO "django_admin_log" VALUES(582,'216','17224001201L21422704 (calib)',2,'[{"changed": {"fields": ["Variant"]}}]',18,3,'2025-07-07 09:23:17.275594');
INSERT INTO "django_admin_log" VALUES(583,'217','25724003103L21422704 (good)',2,'[{"changed": {"fields": ["Variant"]}}]',18,3,'2025-07-07 09:23:29.261423');
INSERT INTO "django_admin_log" VALUES(584,'218','25724002903L21422704 (bad)',2,'[{"changed": {"fields": ["Variant"]}}]',18,3,'2025-07-07 09:23:47.414469');
INSERT INTO "django_admin_log" VALUES(585,'76','30101895',3,'',16,3,'2025-07-07 09:24:03.921137');
INSERT INTO "django_admin_log" VALUES(586,'216','17224001201L21422704 (calib)',2,'[{"changed": {"fields": ["Variant"]}}]',18,3,'2025-07-07 09:30:22.335555');
INSERT INTO "django_admin_log" VALUES(587,'217','25724003103L21422704 (good)',2,'[{"changed": {"fields": ["Variant"]}}]',18,3,'2025-07-07 09:30:50.230454');
INSERT INTO "django_admin_log" VALUES(588,'216','17224001201L21422704 (calib)',2,'[{"changed": {"fields": ["Variant"]}}]',18,3,'2025-07-07 09:31:06.651670');
INSERT INTO "django_admin_log" VALUES(589,'218','25724002903L21422704 (bad)',2,'[{"changed": {"fields": ["Variant"]}}]',18,3,'2025-07-07 09:31:28.512801');
INSERT INTO "django_admin_log" VALUES(590,'241','17724002103N21422720 (calib)',2,'[{"changed": {"fields": ["Variant"]}}]',18,3,'2025-07-07 09:37:33.604653');
INSERT INTO "django_admin_log" VALUES(591,'242','31724051603N21422720 (good)',2,'[{"changed": {"fields": ["Variant"]}}]',18,3,'2025-07-07 09:37:45.672283');
INSERT INTO "django_admin_log" VALUES(592,'243','31724051601N21422720 (bad)',2,'[{"changed": {"fields": ["Variant"]}}]',18,3,'2025-07-07 09:37:57.137975');
INSERT INTO "django_admin_log" VALUES(593,'85','30101894',3,'',16,3,'2025-07-07 09:38:41.955127');
INSERT INTO "django_admin_log" VALUES(594,'84','30101893 / 94',2,'[{"changed": {"fields": ["Code", "Name"]}}]',16,3,'2025-07-07 09:39:01.120066');
INSERT INTO "django_admin_log" VALUES(595,'77','30101895 / 96',2,'[{"changed": {"fields": ["Code", "Name"]}}]',16,3,'2025-07-07 09:39:33.348207');
INSERT INTO "django_admin_log" VALUES(596,'844','30522001415H21419244 (good)',2,'[{"changed": {"fields": ["Golden code"]}}]',18,3,'2025-07-07 09:47:36.659487');
INSERT INTO "django_admin_log" VALUES(597,'839','30522001417H21419244 (calib)',2,'[{"changed": {"fields": ["Golden code"]}}]',18,3,'2025-07-07 09:48:21.933247');
INSERT INTO "django_admin_log" VALUES(598,'249','18724000702L21422711 (calib)',2,'[{"changed": {"fields": ["Variant"]}}]',18,3,'2025-07-07 10:40:45.766867');
INSERT INTO "django_admin_log" VALUES(599,'250','31224012106L21422711 (good)',2,'[{"changed": {"fields": ["Variant"]}}]',18,3,'2025-07-07 10:41:00.462324');
INSERT INTO "django_admin_log" VALUES(600,'251','31224028806L21422711 (bad)',2,'[{"changed": {"fields": ["Variant"]}}]',18,3,'2025-07-07 10:41:12.176810');
INSERT INTO "django_admin_log" VALUES(601,'88','30101898',3,'',16,3,'2025-07-07 10:41:34.260434');
INSERT INTO "django_admin_log" VALUES(602,'87','30101897 / 98',2,'[{"changed": {"fields": ["Code", "Name"]}}]',16,3,'2025-07-07 10:41:55.713435');
INSERT INTO "django_admin_log" VALUES(603,'260','18024000303L21422723 (calib)',2,'[{"changed": {"fields": ["Variant"]}}]',18,3,'2025-07-07 10:43:09.021788');
INSERT INTO "django_admin_log" VALUES(604,'260','18024000303L21422723 (calib)',3,'',18,3,'2025-07-07 10:43:28.341024');
INSERT INTO "django_admin_log" VALUES(605,'261','18024000107L21422723 (good)',2,'[{"changed": {"fields": ["Variant"]}}]',18,3,'2025-07-07 10:44:18.565644');
INSERT INTO "django_admin_log" VALUES(606,'263','18024001703L21422723 (bad)',2,'[{"changed": {"fields": ["Variant"]}}]',18,3,'2025-07-07 10:44:35.791481');
INSERT INTO "django_admin_log" VALUES(607,'92','30101900',3,'',16,3,'2025-07-07 10:44:58.371026');
INSERT INTO "django_admin_log" VALUES(608,'91','30101899 / 00',2,'[{"changed": {"fields": ["Code", "Name"]}}]',16,3,'2025-07-07 10:45:28.844031');
INSERT INTO "django_admin_log" VALUES(609,'360','01624028002I21416668 (calib)',2,'[{"changed": {"fields": ["Variant"]}}]',18,3,'2025-07-07 10:48:14.811535');
INSERT INTO "django_admin_log" VALUES(610,'361','01624028304I21416668 (good)',2,'[{"changed": {"fields": ["Variant"]}}]',18,3,'2025-07-07 10:48:24.377885');
INSERT INTO "django_admin_log" VALUES(611,'362','01624027902I21416668 (bad)',2,'[{"changed": {"fields": ["Variant"]}}]',18,3,'2025-07-07 10:48:36.875844');
INSERT INTO "django_admin_log" VALUES(612,'113','30101058',3,'',16,3,'2025-07-07 10:48:57.697346');
INSERT INTO "django_admin_log" VALUES(613,'112','30101057 / 58',2,'[{"changed": {"fields": ["Code", "Name"]}}]',16,3,'2025-07-07 10:49:26.057442');
INSERT INTO "django_admin_log" VALUES(614,'447','09723009002I21416670 (calib)',2,'[{"changed": {"fields": ["Variant"]}}]',18,3,'2025-07-07 10:51:04.387278');
INSERT INTO "django_admin_log" VALUES(615,'448','09723009102I21416670 (good)',2,'[{"changed": {"fields": ["Variant"]}}]',18,3,'2025-07-07 10:51:10.429257');
INSERT INTO "django_admin_log" VALUES(616,'449','09723008604I21416670 (good)',2,'[{"changed": {"fields": ["Variant"]}}]',18,3,'2025-07-07 10:51:15.835696');
INSERT INTO "django_admin_log" VALUES(617,'450','09723009004I21416670 (bad)',2,'[{"changed": {"fields": ["Variant"]}}]',18,3,'2025-07-07 10:51:21.523642');
INSERT INTO "django_admin_log" VALUES(618,'451','09723008602I21416670 (bad)',2,'[{"changed": {"fields": ["Variant"]}}]',18,3,'2025-07-07 10:51:26.812852');
INSERT INTO "django_admin_log" VALUES(619,'143','30101060',3,'',16,3,'2025-07-07 10:51:41.404829');
INSERT INTO "django_admin_log" VALUES(620,'142','30101059 / 60',2,'[{"changed": {"fields": ["Code", "Name"]}}]',16,3,'2025-07-07 10:52:02.075328');
INSERT INTO "django_admin_log" VALUES(621,'6','Sito  Linia (order: 3)',2,'[{"changed": {"fields": ["Order"]}}]',23,3,'2025-07-07 11:37:36.373168');
INSERT INTO "django_admin_log" VALUES(622,'209','10724007204I21422183 (calib)',2,'[{"changed": {"fields": ["Variant"]}}]',18,3,'2025-07-07 11:55:26.502315');
INSERT INTO "django_admin_log" VALUES(623,'211','10824000404I21422183 (bad)',2,'[{"changed": {"fields": ["Variant"]}}]',18,3,'2025-07-07 11:56:00.600696');
INSERT INTO "django_admin_log" VALUES(624,'72','30101771',3,'',16,3,'2025-07-07 11:56:27.000814');
INSERT INTO "django_admin_log" VALUES(625,'210','10724002204I21422183 (good)',2,'[{"changed": {"fields": ["Variant"]}}]',18,3,'2025-07-07 11:57:32.359006');
INSERT INTO "django_admin_log" VALUES(626,'73','301010771',3,'',16,3,'2025-07-07 11:57:46.046827');
INSERT INTO "django_admin_log" VALUES(627,'71','30101770 / 71',2,'[{"changed": {"fields": ["Code", "Name"]}}]',16,3,'2025-07-07 11:59:00.324248');
INSERT INTO "django_admin_log" VALUES(628,'50','30101773',2,'[{"changed": {"fields": ["Name"]}}]',16,3,'2025-07-07 12:00:13.613720');
INSERT INTO "django_admin_log" VALUES(629,'98','30101772',3,'',16,3,'2025-07-07 12:02:51.056222');
INSERT INTO "django_admin_log" VALUES(630,'313','06625000708N21422638 (bad)',2,'[{"changed": {"fields": ["Variant"]}}]',18,3,'2025-07-07 12:14:59.287014');
INSERT INTO "django_admin_log" VALUES(631,'312','06625000706N21422638 (bad)',2,'[{"changed": {"fields": ["Variant"]}}]',18,3,'2025-07-07 12:15:05.642957');
INSERT INTO "django_admin_log" VALUES(632,'311','06625000704N21422638 (bad)',2,'[{"changed": {"fields": ["Variant"]}}]',18,3,'2025-07-07 12:15:13.496188');
INSERT INTO "django_admin_log" VALUES(633,'310','06625000702N21422638 (bad)',2,'[{"changed": {"fields": ["Variant"]}}]',18,3,'2025-07-07 12:15:17.954021');
INSERT INTO "django_admin_log" VALUES(634,'309','08425026708N21422638 (good)',2,'[{"changed": {"fields": ["Variant"]}}]',18,3,'2025-07-07 12:15:22.878271');
INSERT INTO "django_admin_log" VALUES(635,'308','08425026706N21422638 (good)',2,'[{"changed": {"fields": ["Variant"]}}]',18,3,'2025-07-07 12:15:28.388242');
INSERT INTO "django_admin_log" VALUES(636,'307','08425026704N21422638 (good)',2,'[{"changed": {"fields": ["Variant"]}}]',18,3,'2025-07-07 12:15:35.452941');
INSERT INTO "django_admin_log" VALUES(637,'306','08425026702N21422638 (good)',2,'[{"changed": {"fields": ["Variant"]}}]',18,3,'2025-07-07 12:15:40.230233');
INSERT INTO "django_admin_log" VALUES(638,'305','08425026908N21422638 (calib)',2,'[{"changed": {"fields": ["Variant"]}}]',18,3,'2025-07-07 12:15:45.213896');
INSERT INTO "django_admin_log" VALUES(639,'304','08425026906N21422638 (calib)',2,'[{"changed": {"fields": ["Variant"]}}]',18,3,'2025-07-07 12:15:51.602017');
INSERT INTO "django_admin_log" VALUES(640,'303','08425026904N21422638 (calib)',2,'[{"changed": {"fields": ["Variant"]}}]',18,3,'2025-07-07 12:15:56.463854');
INSERT INTO "django_admin_log" VALUES(641,'302','08425026902N21422638 (calib)',2,'[{"changed": {"fields": ["Variant"]}}]',18,3,'2025-07-07 12:16:01.374505');
INSERT INTO "django_admin_log" VALUES(642,'100','30101991',3,'',16,3,'2025-07-07 12:16:20.241457');
INSERT INTO "django_admin_log" VALUES(643,'99','30101990 / 91',2,'[{"changed": {"fields": ["Code", "Name"]}}]',16,3,'2025-07-07 12:17:23.650384');
INSERT INTO "django_admin_log" VALUES(644,'334','08725004204121422633 (bad)',2,'[{"changed": {"fields": ["Variant"]}}]',18,3,'2025-07-07 12:18:10.578396');
INSERT INTO "django_admin_log" VALUES(645,'333','08725004404121422633 (good)',2,'[{"changed": {"fields": ["Variant"]}}]',18,3,'2025-07-07 12:18:16.533450');
INSERT INTO "django_admin_log" VALUES(646,'332','08725004202121422633 (calib)',2,'[{"changed": {"fields": ["Variant"]}}]',18,3,'2025-07-07 12:18:21.219094');
INSERT INTO "django_admin_log" VALUES(647,'106','30101994',3,'',16,3,'2025-07-07 12:18:34.158452');
INSERT INTO "django_admin_log" VALUES(648,'105','30101993 / 94',2,'[{"changed": {"fields": ["Code", "Name"]}}]',16,3,'2025-07-07 12:18:53.790771');
INSERT INTO "django_admin_log" VALUES(649,'25','21416538 to 21416539',2,'[{"changed": {"fields": ["I output"]}}]',21,3,'2025-07-08 07:49:57.030064');
INSERT INTO "django_admin_log" VALUES(650,'7','Sito  Linia (order: 2)',2,'[{"changed": {"fields": ["Name"]}}]',23,3,'2025-07-08 08:41:46.183818');
INSERT INTO "django_admin_log" VALUES(651,'6','Sito  Myjka (order: 3)',2,'[{"changed": {"fields": ["Name"]}}]',23,3,'2025-07-08 08:41:58.791239');
INSERT INTO "django_admin_log" VALUES(652,'54','21416535 to 21416535',2,'[{"changed": {"fields": ["I output"]}}]',21,3,'2025-07-14 07:10:13.899437');
INSERT INTO "django_admin_log" VALUES(653,'18','21416532 to 21416532',2,'[{"changed": {"fields": ["I output"]}}]',21,3,'2025-07-14 07:14:55.118694');
INSERT INTO "django_admin_log" VALUES(654,'59','21416656 to 21416657',2,'[{"changed": {"fields": ["I output"]}}]',21,3,'2025-07-14 10:03:13.344215');
INSERT INTO "django_admin_log" VALUES(655,'57','21419241 to 21419241',2,'[{"changed": {"fields": ["I output"]}}]',21,3,'2025-07-14 10:06:09.185466');
INSERT INTO "django_admin_log" VALUES(656,'56','21422183 to 21422183',2,'[{"changed": {"fields": ["I output"]}}]',21,3,'2025-07-14 10:44:53.536772');
INSERT INTO "django_admin_log" VALUES(657,'55','20107497 to 20107497',2,'[{"changed": {"fields": ["I output"]}}]',21,3,'2025-07-14 10:46:31.899474');
INSERT INTO "django_admin_log" VALUES(658,'53','21417838 to 21417838',2,'[{"changed": {"fields": ["I output"]}}]',21,3,'2025-07-14 10:53:26.602541');
INSERT INTO "django_admin_log" VALUES(659,'52','21419243 to 21419244',2,'[{"changed": {"fields": ["I output"]}}]',21,3,'2025-07-14 10:54:05.404997');
INSERT INTO "django_admin_log" VALUES(660,'48','21416517 to 21416517',2,'[{"changed": {"fields": ["I output"]}}]',21,3,'2025-07-14 10:56:24.715526');
INSERT INTO "django_admin_log" VALUES(661,'47','21419242 to 21419242',2,'[{"changed": {"fields": ["I output"]}}]',21,3,'2025-07-14 10:56:46.605873');
INSERT INTO "django_admin_log" VALUES(662,'44','21422711 to 21422711',2,'[{"changed": {"fields": ["I output"]}}]',21,3,'2025-07-14 10:57:55.558880');
INSERT INTO "django_admin_log" VALUES(663,'43','21419252 to 21419252',2,'[{"changed": {"fields": ["I output"]}}]',21,3,'2025-07-14 10:58:53.339292');
INSERT INTO "django_admin_log" VALUES(664,'41','21419251 to 21419251',2,'[{"changed": {"fields": ["I output"]}}]',21,3,'2025-07-14 11:01:55.359354');
INSERT INTO "django_admin_log" VALUES(665,'40','21419250 to 21419251',2,'[{"changed": {"fields": ["I output"]}}]',21,3,'2025-07-14 11:02:44.905996');
INSERT INTO "django_admin_log" VALUES(666,'41','21419251 to 21419250',2,'[{"changed": {"fields": ["I output"]}}]',21,3,'2025-07-14 11:03:47.212526');
INSERT INTO "django_admin_log" VALUES(667,'38','21422686 to 21422687',2,'[{"changed": {"fields": ["I output"]}}]',21,3,'2025-07-14 11:09:32.475561');
INSERT INTO "django_admin_log" VALUES(668,'34','21416519 to 21416520',2,'[{"changed": {"fields": ["I output"]}}]',21,3,'2025-07-14 11:10:40.787509');
INSERT INTO "django_admin_log" VALUES(669,'32','21416525 to 21416525',2,'[{"changed": {"fields": ["I output"]}}]',21,3,'2025-07-14 11:12:04.846288');
INSERT INTO "django_admin_log" VALUES(670,'30','21416530 to 21416531',2,'[{"changed": {"fields": ["I output"]}}]',21,3,'2025-07-14 11:13:22.714624');
INSERT INTO "django_admin_log" VALUES(671,'23','21422815 to 21422815',2,'[{"changed": {"fields": ["I output"]}}]',21,3,'2025-07-14 11:15:28.164744');
INSERT INTO "django_admin_log" VALUES(672,'22','21422723 to 21422723',2,'[{"changed": {"fields": ["I output"]}}]',21,3,'2025-07-14 11:16:23.454461');
INSERT INTO "django_admin_log" VALUES(673,'21','21417022 to 21417023',2,'[]',21,3,'2025-07-14 11:16:56.714742');
INSERT INTO "django_admin_log" VALUES(674,'20','21419246 to 21419246',2,'[{"changed": {"fields": ["I output"]}}]',21,3,'2025-07-14 11:17:59.537937');
INSERT INTO "django_admin_log" VALUES(675,'19','21416859 to 21416859',2,'[{"changed": {"fields": ["I output"]}}]',21,3,'2025-07-14 11:18:53.576872');
INSERT INTO "django_admin_log" VALUES(676,'17','21419236 to 21419236',2,'[{"changed": {"fields": ["I output"]}}]',21,3,'2025-07-14 11:20:43.374891');
INSERT INTO "django_admin_log" VALUES(677,'14','21422703 to 21422704',2,'[{"changed": {"fields": ["I output"]}}]',21,3,'2025-07-14 11:21:37.265921');
INSERT INTO "django_admin_log" VALUES(678,'8','21419320 to 21419321',2,'[{"changed": {"fields": ["I output"]}}]',21,3,'2025-07-14 11:22:50.121660');
INSERT INTO "django_admin_log" VALUES(679,'6','21419318 to 21419319',2,'[{"changed": {"fields": ["I output"]}}]',21,3,'2025-07-14 11:23:13.259006');
INSERT INTO "django_admin_log" VALUES(680,'17','21419236 to 21419235',2,'[{"changed": {"fields": ["I output"]}}]',21,3,'2025-07-15 06:26:22.088095');
INSERT INTO "django_admin_log" VALUES(681,'48','21416517 to 21416518',2,'[{"changed": {"fields": ["I output"]}}]',21,3,'2025-07-15 07:47:26.940465');
INSERT INTO "django_admin_log" VALUES(682,'265','30101795 / 96',2,'[{"changed": {"fields": ["Code"]}}]',16,3,'2025-07-15 11:57:45.844485');
INSERT INTO "django_admin_log" VALUES(683,'78','DAIMLER_T3_TAIL_REV_FOG_RH',3,'',8,2,'2025-07-30 09:14:44.282904');
CREATE TABLE "django_content_type" ("id" integer NOT NULL PRIMARY KEY AUTOINCREMENT, "app_label" varchar(100) NOT NULL, "model" varchar(100) NOT NULL);
INSERT INTO "django_content_type" VALUES(1,'admin','logentry');
INSERT INTO "django_content_type" VALUES(2,'auth','permission');
INSERT INTO "django_content_type" VALUES(3,'auth','group');
INSERT INTO "django_content_type" VALUES(4,'auth','user');
INSERT INTO "django_content_type" VALUES(5,'contenttypes','contenttype');
INSERT INTO "django_content_type" VALUES(6,'sessions','session');
INSERT INTO "django_content_type" VALUES(7,'base','countersumfromlastmaint');
INSERT INTO "django_content_type" VALUES(8,'base','fixture');
INSERT INTO "django_content_type" VALUES(9,'base','counter');
INSERT INTO "django_content_type" VALUES(10,'base','fullcounter');
INSERT INTO "django_content_type" VALUES(11,'base','counterhistory');
INSERT INTO "django_content_type" VALUES(12,'django_eventstream','event');
INSERT INTO "django_content_type" VALUES(13,'django_eventstream','eventcounter');
INSERT INTO "django_content_type" VALUES(14,'base','machine');
INSERT INTO "django_content_type" VALUES(15,'map','object');
INSERT INTO "django_content_type" VALUES(16,'goldensample','variantcode');
INSERT INTO "django_content_type" VALUES(17,'goldensample','groupvariantcode');
INSERT INTO "django_content_type" VALUES(18,'goldensample','goldensample');
INSERT INTO "django_content_type" VALUES(19,'goldensample','counterongolden');
INSERT INTO "django_content_type" VALUES(20,'base','machinecondition');
INSERT INTO "django_content_type" VALUES(21,'goldensample','mapsample');
INSERT INTO "django_content_type" VALUES(22,'checkprocess','product');
INSERT INTO "django_content_type" VALUES(23,'checkprocess','productprocess');
INSERT INTO "django_content_type" VALUES(24,'checkprocess','productobject');
INSERT INTO "django_content_type" VALUES(25,'checkprocess','productobjectprocess');
INSERT INTO "django_content_type" VALUES(26,'checkprocess','productobjectprocesslog');
INSERT INTO "django_content_type" VALUES(27,'checkprocess','place');
INSERT INTO "django_content_type" VALUES(28,'checkprocess','apptokill');
INSERT INTO "django_content_type" VALUES(29,'checkprocess','backmapprocess');
CREATE TABLE "django_eventstream_event" ("id" integer NOT NULL PRIMARY KEY AUTOINCREMENT, "channel" varchar(255) NOT NULL, "type" varchar(255) NOT NULL, "data" text NOT NULL, "eid" bigint NOT NULL, "created" datetime NOT NULL);
CREATE TABLE "django_eventstream_eventcounter" ("id" integer NOT NULL PRIMARY KEY AUTOINCREMENT, "name" varchar(255) NOT NULL UNIQUE, "value" bigint NOT NULL, "updated" datetime NOT NULL);
CREATE TABLE "django_migrations" ("id" integer NOT NULL PRIMARY KEY AUTOINCREMENT, "app" varchar(255) NOT NULL, "name" varchar(255) NOT NULL, "applied" datetime NOT NULL);
INSERT INTO "django_migrations" VALUES(1,'contenttypes','0001_initial','2025-03-10 10:56:23.635313');
INSERT INTO "django_migrations" VALUES(2,'auth','0001_initial','2025-03-10 10:56:23.682196');
INSERT INTO "django_migrations" VALUES(3,'admin','0001_initial','2025-03-10 10:56:23.760324');
INSERT INTO "django_migrations" VALUES(4,'admin','0002_logentry_remove_auto_add','2025-03-10 10:56:23.822831');
INSERT INTO "django_migrations" VALUES(5,'admin','0003_logentry_add_action_flag_choices','2025-03-10 10:56:23.869690');
INSERT INTO "django_migrations" VALUES(6,'contenttypes','0002_remove_content_type_name','2025-03-10 10:56:24.283855');
INSERT INTO "django_migrations" VALUES(7,'auth','0002_alter_permission_name_max_length','2025-03-10 10:56:24.615976');
INSERT INTO "django_migrations" VALUES(8,'auth','0003_alter_user_email_max_length','2025-03-10 10:56:25.692141');
INSERT INTO "django_migrations" VALUES(9,'auth','0004_alter_user_username_opts','2025-03-10 10:56:26.037067');
INSERT INTO "django_migrations" VALUES(10,'auth','0005_alter_user_last_login_null','2025-03-10 10:56:26.115192');
INSERT INTO "django_migrations" VALUES(11,'auth','0006_require_contenttypes_0002','2025-03-10 10:56:26.146444');
INSERT INTO "django_migrations" VALUES(12,'auth','0007_alter_validators_add_error_messages','2025-03-10 10:56:26.193314');
INSERT INTO "django_migrations" VALUES(13,'auth','0008_alter_user_username_max_length','2025-03-10 10:56:26.240194');
INSERT INTO "django_migrations" VALUES(14,'auth','0009_alter_user_last_name_max_length','2025-03-10 10:56:27.005482');
INSERT INTO "django_migrations" VALUES(15,'auth','0010_alter_group_name_max_length','2025-03-10 10:56:28.079877');
INSERT INTO "django_migrations" VALUES(16,'auth','0011_update_proxy_permissions','2025-03-10 10:56:28.727256');
INSERT INTO "django_migrations" VALUES(17,'auth','0012_alter_user_first_name_max_length','2025-03-10 10:56:29.330337');
INSERT INTO "django_migrations" VALUES(18,'base','0001_initial','2025-03-10 10:56:30.480461');
INSERT INTO "django_migrations" VALUES(19,'base','0002_alter_fixture_counter_summ','2025-03-10 10:56:31.326583');
INSERT INTO "django_migrations" VALUES(20,'base','0003_counterfromlastbackup','2025-03-10 10:56:33.451253');
INSERT INTO "django_migrations" VALUES(21,'base','0004_counterfromlastbackup_time_date','2025-03-10 10:56:33.842774');
INSERT INTO "django_migrations" VALUES(22,'base','0005_remove_counterfromlastbackup_time_date','2025-03-10 10:56:34.029295');
INSERT INTO "django_migrations" VALUES(23,'base','0006_counterfromlastbackup_date','2025-03-10 10:56:34.185567');
INSERT INTO "django_migrations" VALUES(24,'base','0007_fullcounter_and_more','2025-03-10 10:56:34.248067');
INSERT INTO "django_migrations" VALUES(25,'base','0008_counterhistory_delete_counterfromlastbackup','2025-03-10 10:56:34.310587');
INSERT INTO "django_migrations" VALUES(26,'sessions','0001_initial','2025-03-10 10:56:34.357448');
INSERT INTO "django_migrations" VALUES(27,'base','0009_fixture_cycles_limit','2025-04-01 10:56:51.232160');
INSERT INTO "django_migrations" VALUES(28,'base','0010_machine','2025-05-12 10:46:06.280353');
INSERT INTO "django_migrations" VALUES(29,'django_eventstream','0001_initial','2025-05-12 10:46:07.219426');
INSERT INTO "django_migrations" VALUES(30,'goldensample','0001_initial','2025-05-12 10:46:07.250676');
INSERT INTO "django_migrations" VALUES(31,'goldensample','0002_rename_productfamily_groupvariantcode_and_more','2025-05-12 10:46:07.697966');
INSERT INTO "django_migrations" VALUES(32,'map','0001_initial','2025-05-12 10:46:07.729182');
INSERT INTO "django_migrations" VALUES(33,'goldensample','0003_variantcode_name_counterongolden','2025-05-26 07:03:04.037003');
INSERT INTO "django_migrations" VALUES(34,'goldensample','0004_alter_variantcode_group','2025-05-26 07:03:04.068250');
INSERT INTO "django_migrations" VALUES(35,'goldensample','0005_groupvariantcode_last_time_tested','2025-06-02 08:56:15.321092');
INSERT INTO "django_migrations" VALUES(36,'base','0011_alter_machine_machine_id_machinecondition','2025-06-03 09:01:40.388873');
INSERT INTO "django_migrations" VALUES(37,'goldensample','0006_alter_groupvariantcode_last_time_tested','2025-06-03 09:01:40.435745');
INSERT INTO "django_migrations" VALUES(38,'goldensample','0007_mapsample','2025-06-05 13:30:10.733442');
INSERT INTO "django_migrations" VALUES(39,'checkprocess','0001_initial','2025-06-17 10:49:46.272578');
INSERT INTO "django_migrations" VALUES(40,'checkprocess','0002_productobject_productobjectprocess_and_more','2025-06-17 10:49:46.350628');
INSERT INTO "django_migrations" VALUES(41,'checkprocess','0003_alter_productobject_product','2025-06-17 10:49:46.459995');
INSERT INTO "django_migrations" VALUES(42,'checkprocess','0004_alter_productobject_product','2025-06-17 10:49:46.491243');
INSERT INTO "django_migrations" VALUES(43,'checkprocess','0005_alter_productobjectprocess_process','2025-06-17 10:49:46.522533');
INSERT INTO "django_migrations" VALUES(44,'checkprocess','0006_productobject_expire_date','2025-06-17 10:49:46.569389');
INSERT INTO "django_migrations" VALUES(45,'checkprocess','0007_place_productobject_mother_object_and_more','2025-06-17 10:49:47.584966');
INSERT INTO "django_migrations" VALUES(46,'checkprocess','0008_place_process','2025-06-17 10:49:47.623174');
INSERT INTO "django_migrations" VALUES(47,'checkprocess','0009_productobject_current_place_and_more','2025-06-17 10:49:47.684327');
INSERT INTO "django_migrations" VALUES(48,'checkprocess','0010_productobject_exp_date_in_process_and_more','2025-06-17 10:49:47.734624');
INSERT INTO "django_migrations" VALUES(49,'checkprocess','0011_productobjectprocess_is_end_productprocess_can_multi_and_more','2025-06-17 10:49:47.799055');
INSERT INTO "django_migrations" VALUES(50,'checkprocess','0012_productobject_quranteen_time','2025-06-17 12:54:10.615252');
INSERT INTO "django_migrations" VALUES(51,'checkprocess','0013_productprocess_respect_quranteen_time','2025-06-17 12:54:10.646456');
INSERT INTO "django_migrations" VALUES(52,'checkprocess','0014_productobject_is_mother','2025-06-24 12:30:51.482129');
INSERT INTO "django_migrations" VALUES(53,'checkprocess','0015_productprocess_expecting_child','2025-06-24 12:30:51.841532');
INSERT INTO "django_migrations" VALUES(54,'checkprocess','0016_productobject_ex_mother','2025-06-24 12:30:51.935261');
INSERT INTO "django_migrations" VALUES(55,'checkprocess','0017_apptokill','2025-06-24 12:30:52.372406');
INSERT INTO "django_migrations" VALUES(56,'checkprocess','0018_productprocess_killing_app','2025-06-24 12:30:52.559822');
INSERT INTO "django_migrations" VALUES(57,'checkprocess','0019_place_only_one_product_object','2025-06-25 09:22:05.304307');
INSERT INTO "django_migrations" VALUES(58,'checkprocess','0020_remove_productobjectprocess_is_end_productobject_end_and_more','2025-06-25 09:22:05.382424');
INSERT INTO "django_migrations" VALUES(59,'checkprocess','0021_productobject_re_use','2025-06-25 09:22:05.429350');
INSERT INTO "django_migrations" VALUES(60,'checkprocess','0022_product_child_limit','2025-06-26 07:45:37.651763');
INSERT INTO "django_migrations" VALUES(61,'checkprocess','0023_backmapprocess','2025-07-07 08:18:39.398105');
INSERT INTO "django_migrations" VALUES(62,'checkprocess','0024_remove_productobject_re_use_and_more','2025-07-07 08:18:39.476213');
INSERT INTO "django_migrations" VALUES(63,'checkprocess','0025_product_parser_type','2025-07-07 08:18:39.507472');
INSERT INTO "django_migrations" VALUES(64,'checkprocess','0026_node_remove_product_child_limit_and_more','2025-08-05 10:31:50.489313');
INSERT INTO "django_migrations" VALUES(65,'checkprocess','0027_subproduct_name','2025-08-05 10:31:50.754938');
CREATE TABLE "django_session" ("session_key" varchar(40) NOT NULL PRIMARY KEY, "session_data" text NOT NULL, "expire_date" datetime NOT NULL);
INSERT INTO "django_session" VALUES('i5zonba3vzdb3qzpltr43n0iuw0vs87d','.eJxVjEEOwiAQRe_C2hAGgQGX7j0DmYFRqqZNSrsy3l2bdKHb_977L5VpXVpeu8x5qOqkQB1-N6bykHED9U7jbdJlGpd5YL0peqddX6Yqz_Pu_h006u1bowHLoTiO5MFGtMUGdgWBg3iqUK04n6yYGEwAFLkyGMSSjuiYUlTvD8jQNz0:1trunq:FAyxBtOzKvDd0xt9dTvEQURPYALaXH__CKRxK2XZtpg','2025-03-25 08:17:30.747000');
INSERT INTO "django_session" VALUES('m9n6i0xt50itn8pphff3glmqha53sy89','.eJxVjDsOwjAQBe_iGln-rH-U9JzBWnttHECOFCcV4u4QKQW0b2bei0Xc1ha3UZY4ETszxU6_W8L8KH0HdMd-m3me-7pMie8KP-jg15nK83K4fwcNR_vWIGxyVQqrwDsI2RTpQ0IwUKVTyqILIkvKWVeQ4BNKMl4UbTVpU5Vg7w-3VTba:1tzZVr:CKbJcOGnyIcjDzjtvz-fXpxoXt71c7DsNtYttHeLTp4','2025-04-15 11:10:35.866000');
INSERT INTO "django_session" VALUES('7o4ikscnb8r1ntzyxgqtwlj3uiegm0ho','.eJxVjEEOwiAQRe_C2hAoZQCX7nsGMsygVA0kpV0Z765NutDtf-_9l4i4rSVuPS9xZnEWRpx-t4T0yHUHfMd6a5JaXZc5yV2RB-1yapyfl8P9OyjYy7d2waGFNA4-OLDIASxbNzKrq_eGNWmryIBGtETAQzKKMjmtEIAJgnh_AM1pN6o:1u0EOX:lcz0HcLDRyOeoddV7jPY3bjyCk86BglUoXRWI4NW0LY','2025-04-17 06:49:45.482000');
INSERT INTO "django_session" VALUES('kn1y2z9bj0qbsdgu0fwvmxudz29ht5tj','.eJxVjEEOwiAQRe_C2hAoZQCX7nsGMsygVA0kpV0Z765NutDtf-_9l4i4rSVuPS9xZnEWRpx-t4T0yHUHfMd6a5JaXZc5yV2RB-1yapyfl8P9OyjYy7d2waGFNA4-OLDIASxbNzKrq_eGNWmryIBGtETAQzKKMjmtEIAJgnh_AM1pN6o:1u4yi5:eCZ0wtOenn26luCYG5NP_NBSV-9o63Aai44dYPCp4tY','2025-04-30 09:05:33.995000');
INSERT INTO "django_session" VALUES('cy5yu38ioe1bed750wjnb6afxgo729x1','.eJxVjEEOwiAQRe_C2hAoZQCX7nsGMsygVA0kpV0Z765NutDtf-_9l4i4rSVuPS9xZnEWRpx-t4T0yHUHfMd6a5JaXZc5yV2RB-1yapyfl8P9OyjYy7d2waGFNA4-OLDIASxbNzKrq_eGNWmryIBGtETAQzKKMjmtEIAJgnh_AM1pN6o:1u4yl0:ci0rOd4h6Y5vJNE9Ph240GxL00AqyxwpCm_qGIpUzXc','2025-04-30 09:08:34.752000');
INSERT INTO "django_session" VALUES('61s6cp7thv1jrnv1dg72b24giqwge8a7','.eJxVjEEOwiAQRe_C2hAoZQCX7nsGMsygVA0kpV0Z765NutDtf-_9l4i4rSVuPS9xZnEWRpx-t4T0yHUHfMd6a5JaXZc5yV2RB-1yapyfl8P9OyjYy7d2waGFNA4-OLDIASxbNzKrq_eGNWmryIBGtETAQzKKMjmtEIAJgnh_AM1pN6o:1u9jFl:v1qQXWhfq3QjEpHu3P2SIyW1jYn_xWYSpERHajgR-pc','2025-05-13 11:35:57.580000');
INSERT INTO "django_session" VALUES('cgeprq0qrbjufzqktjggxeckaoxq2qfi','.eJxVjEEOwiAQRe_C2hAoZQCX7nsGMsygVA0kpV0Z765NutDtf-_9l4i4rSVuPS9xZnEWRpx-t4T0yHUHfMd6a5JaXZc5yV2RB-1yapyfl8P9OyjYy7d2waGFNA4-OLDIASxbNzKrq_eGNWmryIBGtETAQzKKMjmtEIAJgnh_AM1pN6o:1uDLCv:j6j-sliEFJKjWACj-gHHWcMcfK-EXfJgcNjxZpXr7AM','2025-05-23 10:43:57.172000');
INSERT INTO "django_session" VALUES('luyzqz0nzpk85b8dxcitrzuogr9r2x3m','.eJxVjEEOwiAQRe_C2hAoZQCX7nsGMsygVA0kpV0Z765NutDtf-_9l4i4rSVuPS9xZnEWRpx-t4T0yHUHfMd6a5JaXZc5yV2RB-1yapyfl8P9OyjYy7d2waGFNA4-OLDIASxbNzKrq_eGNWmryIBGtETAQzKKMjmtEIAJgnh_AM1pN6o:1uEQk4:pRwKyG0bynZadxg8AGLfYjprw8qkmZeivvu353f-mS0','2025-05-26 10:50:40.892000');
INSERT INTO "django_session" VALUES('sirii9sttox2s42jeigjsb4p31s4b0uy','.eJxVjEEOwiAQRe_C2hAoZQCX7nsGMsygVA0kpV0Z765NutDtf-_9l4i4rSVuPS9xZnEWRpx-t4T0yHUHfMd6a5JaXZc5yV2RB-1yapyfl8P9OyjYy7d2waGFNA4-OLDIASxbNzKrq_eGNWmryIBGtETAQzKKMjmtEIAJgnh_AM1pN6o:1uEQk6:uOxwGJYeRZsFdg0CbW2twIi7vnwYSHhuFfDpaq4ZV20','2025-05-26 10:50:42.196000');
INSERT INTO "django_session" VALUES('buifs7yquwmpimn3laqpbd2y1933p3ra','.eJxVjEEOwiAQRe_C2hAoZQCX7nsGMsygVA0kpV0Z765NutDtf-_9l4i4rSVuPS9xZnEWRpx-t4T0yHUHfMd6a5JaXZc5yV2RB-1yapyfl8P9OyjYy7d2waGFNA4-OLDIASxbNzKrq_eGNWmryIBGtETAQzKKMjmtEIAJgnh_AM1pN6o:1uJS2j:PbHRDJcGlem7I30QFGv0hTlCDidNAgeg9uXiA-JEp0s','2025-06-09 07:14:41.026000');
INSERT INTO "django_session" VALUES('tdpqzowsbqcg43yi8sdjgktw80iuebfe','.eJxVjEEOwiAQRe_C2hAoZQCX7nsGMsygVA0kpV0Z765NutDtf-_9l4i4rSVuPS9xZnEWRpx-t4T0yHUHfMd6a5JaXZc5yV2RB-1yapyfl8P9OyjYy7d2waGFNA4-OLDIASxbNzKrq_eGNWmryIBGtETAQzKKMjmtEIAJgnh_AM1pN6o:1uM5Jf:RdhhPd2I5eX3ODAd9cXZNA1K1kIIHAQqZle2z0IqdvU','2025-06-16 13:35:03.373000');
INSERT INTO "django_session" VALUES('8zdeo7s5e7ar0cuugb3yj8xkwt8j3nds','.eJxVjDsOwjAQBe_iGller3-hpOcM1tq7JgGUSPlUiLtDpBTQvpl5L5VpW_u8LTLngdVZWXX63QrVh4w74DuNt0nXaVznoehd0Qdd9HVieV4O9--gp6X_1oCOmjgs1EqtTqyJCYAtBjTC3kMjdlgDIFiTJLXoE2LwnTepixHU-wPhnDbc:1uRU7z:NeYjiSw18OBF9rd8KzmV36ik81svcVAYGUSdu8GRGC0','2025-07-01 11:05:19.090618');
INSERT INTO "django_session" VALUES('c7i8jvsuvnt5jgmvm79buksne5czsk4w','.eJxVjDsOwjAQBe_iGlkG47WhpOcM1no_OIBiKU4qxN0hUgpo38y8l8m4zDUvXaY8sDkbb3a_W0F6yLgCvuN4a5baOE9DsatiN9rttbE8L5v7d1Cx12_tQgkJ9BBIBaIykFAAddGxFGF2jqicgsox7hnVJ4YEIYIiYCJfzPsDEhM5Nw:1uTaeQ:bnYNvAONAjWCKzxN9Es7WnvI6r3WdStzTjhpNu2H4tI','2025-07-07 06:27:30.046838');
INSERT INTO "django_session" VALUES('i4vguzwddcrnnlt4ptnv6t6d58jyywnl','.eJxVjDsOwjAQBe_iGlkG47WhpOcM1no_OIBiKU4qxN0hUgpo38y8l8m4zDUvXaY8sDkbb3a_W0F6yLgCvuN4a5baOE9DsatiN9rttbE8L5v7d1Cx12_tQgkJ9BBIBaIykFAAddGxFGF2jqicgsox7hnVJ4YEIYIiYCJfzPsDEhM5Nw:1uUNla:HoKVXwGNA91reNnVXucQwMSxckcMjnY1YOKn-aljus8','2025-07-09 10:54:10.921903');
INSERT INTO "django_session" VALUES('d34893jt6x92wo4q5e4kwq5w01iakxua','.eJxVjDsOwjAQBe_iGlkG47WhpOcM1no_OIBiKU4qxN0hUgpo38y8l8m4zDUvXaY8sDkbb3a_W0F6yLgCvuN4a5baOE9DsatiN9rttbE8L5v7d1Cx12_tQgkJ9BBIBaIykFAAddGxFGF2jqicgsox7hnVJ4YEIYIiYCJfzPsDEhM5Nw:1uUNlc:iPzKQDvLrSvzFTrMc0p0vW29m4IkjO6kr-8qirKhzAk','2025-07-09 10:54:12.260942');
INSERT INTO "django_session" VALUES('3s80jydno7x0kxbix5uycnt0kx21midf','.eJxVjDsOwjAQBe_iGlkG47WhpOcM1no_OIBiKU4qxN0hUgpo38y8l8m4zDUvXaY8sDkbb3a_W0F6yLgCvuN4a5baOE9DsatiN9rttbE8L5v7d1Cx12_tQgkJ9BBIBaIykFAAddGxFGF2jqicgsox7hnVJ4YEIYIiYCJfzPsDEhM5Nw:1uUgd5:zxkmpg0TNKQhR1a-WWyataVQQEcpfZiT9DVhFewHWuE','2025-07-10 07:02:39.539405');
INSERT INTO "django_session" VALUES('zcv518yznech5ggdfwlenq2sudzu632b','.eJxVjDsOwjAQBe_iGlkG47WhpOcM1no_OIBiKU4qxN0hUgpo38y8l8m4zDUvXaY8sDkbb3a_W0F6yLgCvuN4a5baOE9DsatiN9rttbE8L5v7d1Cx12_tQgkJ9BBIBaIykFAAddGxFGF2jqicgsox7hnVJ4YEIYIiYCJfzPsDEhM5Nw:1uWsq0:v-v6iRufIp3pxbeeoNK0icGxDh_MSK1FyyumDGziNrQ','2025-07-16 08:29:04.315934');
INSERT INTO "django_session" VALUES('det4gfyb0qtcbmbo6jwlz1tiib2tgqis','.eJxVjDsOwjAQBe_iGlkG47WhpOcM1no_OIBiKU4qxN0hUgpo38y8l8m4zDUvXaY8sDkbb3a_W0F6yLgCvuN4a5baOE9DsatiN9rttbE8L5v7d1Cx12_tQgkJ9BBIBaIykFAAddGxFGF2jqicgsox7hnVJ4YEIYIiYCJfzPsDEhM5Nw:1uYfsM:kQNiKRx66z89t122tDLQnuq4kWAX2dWjVsgoQC9trMI','2025-07-21 07:02:54.882400');
INSERT INTO "django_session" VALUES('aclcvu5qrbcp4pk8e2fs3qupbx12n33d','.eJxVjDsOwjAQBe_iGller3-hpOcM1tq7JgGUSPlUiLtDpBTQvpl5L5VpW_u8LTLngdVZWXX63QrVh4w74DuNt0nXaVznoehd0Qdd9HVieV4O9--gp6X_1oCOmjgs1EqtTqyJCYAtBjTC3kMjdlgDIFiTJLXoE2LwnTepixHU-wPhnDbc:1uh2tA:G2z-npseGM8P-6i1jJvisaeUSgtZjZwzMc7UthMZIak','2025-08-13 09:14:20.499805');
INSERT INTO "django_session" VALUES('vybu6o2z108qqimp5847izp3ybihd4b6','.eJxVjDsOwjAQBe_iGlkG47WhpOcM1no_OIBiKU4qxN0hUgpo38y8l8m4zDUvXaY8sDkbb3a_W0F6yLgCvuN4a5baOE9DsatiN9rttbE8L5v7d1Cx12_tQgkJ9BBIBaIykFAAddGxFGF2jqicgsox7hnVJ4YEIYIiYCJfzPsDEhM5Nw:1uhrxs:E9sU45Q95KifD5SCi_v7mqsbu1csOcmsdZqHxYShcpQ','2025-08-15 15:46:36.737206');
INSERT INTO "django_session" VALUES('sprnrti7ieyw88qrdquzyythnu85frlw','.eJxVjDsOwjAQBe_iGlkG47WhpOcM1no_OIBiKU4qxN0hUgpo38y8l8m4zDUvXaY8sDkbb3a_W0F6yLgCvuN4a5baOE9DsatiN9rttbE8L5v7d1Cx12_tQgkJ9BBIBaIykFAAddGxFGF2jqicgsox7hnVJ4YEIYIiYCJfzPsDEhM5Nw:1uhrxt:UlvGrXR_JE3BwGZqarYUA3FxxaxUxvf7FTay18gOSEQ','2025-08-15 15:46:37.926185');
INSERT INTO "django_session" VALUES('47xel3x61gkwdxp07ky01k6njoffspua','.eJxVjDsOwjAQBe_iGlkG47WhpOcM1no_OIBiKU4qxN0hUgpo38y8l8m4zDUvXaY8sDkbb3a_W0F6yLgCvuN4a5baOE9DsatiN9rttbE8L5v7d1Cx12_tQgkJ9BBIBaIykFAAddGxFGF2jqicgsox7hnVJ4YEIYIiYCJfzPsDEhM5Nw:1uhs4U:iWGjMCgeD-2wtuuYiUKA8b6ob5fOmbXh9SuGbCKPDto','2025-08-15 15:53:26.185102');
CREATE TABLE "goldensample_counterongolden" ("id" integer NOT NULL PRIMARY KEY AUTOINCREMENT, "counter" integer NOT NULL, "golden_sample_id" bigint NOT NULL UNIQUE REFERENCES "goldensample_goldensample" ("id") DEFERRABLE INITIALLY DEFERRED);
INSERT INTO "goldensample_counterongolden" VALUES(50,20,98);
INSERT INTO "goldensample_counterongolden" VALUES(52,0,100);
INSERT INTO "goldensample_counterongolden" VALUES(72,19,120);
INSERT INTO "goldensample_counterongolden" VALUES(73,6,121);
INSERT INTO "goldensample_counterongolden" VALUES(74,6,122);
INSERT INTO "goldensample_counterongolden" VALUES(75,7,123);
INSERT INTO "goldensample_counterongolden" VALUES(76,7,124);
INSERT INTO "goldensample_counterongolden" VALUES(77,0,125);
INSERT INTO "goldensample_counterongolden" VALUES(78,0,126);
INSERT INTO "goldensample_counterongolden" VALUES(79,0,127);
INSERT INTO "goldensample_counterongolden" VALUES(80,0,128);
INSERT INTO "goldensample_counterongolden" VALUES(81,0,129);
INSERT INTO "goldensample_counterongolden" VALUES(82,0,130);
INSERT INTO "goldensample_counterongolden" VALUES(83,0,131);
INSERT INTO "goldensample_counterongolden" VALUES(84,0,132);
INSERT INTO "goldensample_counterongolden" VALUES(85,0,133);
INSERT INTO "goldensample_counterongolden" VALUES(86,0,134);
INSERT INTO "goldensample_counterongolden" VALUES(87,0,135);
INSERT INTO "goldensample_counterongolden" VALUES(88,0,136);
INSERT INTO "goldensample_counterongolden" VALUES(89,0,137);
INSERT INTO "goldensample_counterongolden" VALUES(90,0,138);
INSERT INTO "goldensample_counterongolden" VALUES(91,0,139);
INSERT INTO "goldensample_counterongolden" VALUES(92,0,140);
INSERT INTO "goldensample_counterongolden" VALUES(93,0,141);
INSERT INTO "goldensample_counterongolden" VALUES(94,20,142);
INSERT INTO "goldensample_counterongolden" VALUES(95,0,143);
INSERT INTO "goldensample_counterongolden" VALUES(96,14,144);
INSERT INTO "goldensample_counterongolden" VALUES(97,8,145);
INSERT INTO "goldensample_counterongolden" VALUES(98,17,146);
INSERT INTO "goldensample_counterongolden" VALUES(99,20,147);
INSERT INTO "goldensample_counterongolden" VALUES(100,21,148);
INSERT INTO "goldensample_counterongolden" VALUES(101,21,149);
INSERT INTO "goldensample_counterongolden" VALUES(102,15,150);
INSERT INTO "goldensample_counterongolden" VALUES(103,20,151);
INSERT INTO "goldensample_counterongolden" VALUES(104,15,152);
INSERT INTO "goldensample_counterongolden" VALUES(106,13,154);
INSERT INTO "goldensample_counterongolden" VALUES(107,7,155);
INSERT INTO "goldensample_counterongolden" VALUES(108,14,156);
INSERT INTO "goldensample_counterongolden" VALUES(109,14,157);
INSERT INTO "goldensample_counterongolden" VALUES(110,14,158);
INSERT INTO "goldensample_counterongolden" VALUES(111,14,159);
INSERT INTO "goldensample_counterongolden" VALUES(113,16,161);
INSERT INTO "goldensample_counterongolden" VALUES(114,12,162);
INSERT INTO "goldensample_counterongolden" VALUES(115,15,163);
INSERT INTO "goldensample_counterongolden" VALUES(116,13,164);
INSERT INTO "goldensample_counterongolden" VALUES(117,16,165);
INSERT INTO "goldensample_counterongolden" VALUES(118,2,166);
INSERT INTO "goldensample_counterongolden" VALUES(119,15,167);
INSERT INTO "goldensample_counterongolden" VALUES(120,9,168);
INSERT INTO "goldensample_counterongolden" VALUES(124,20,172);
INSERT INTO "goldensample_counterongolden" VALUES(135,0,183);
INSERT INTO "goldensample_counterongolden" VALUES(136,0,184);
INSERT INTO "goldensample_counterongolden" VALUES(137,0,185);
INSERT INTO "goldensample_counterongolden" VALUES(138,0,186);
INSERT INTO "goldensample_counterongolden" VALUES(139,0,187);
INSERT INTO "goldensample_counterongolden" VALUES(140,0,188);
INSERT INTO "goldensample_counterongolden" VALUES(141,0,189);
INSERT INTO "goldensample_counterongolden" VALUES(142,0,190);
INSERT INTO "goldensample_counterongolden" VALUES(143,0,191);
INSERT INTO "goldensample_counterongolden" VALUES(144,0,192);
INSERT INTO "goldensample_counterongolden" VALUES(145,16,193);
INSERT INTO "goldensample_counterongolden" VALUES(146,45,194);
INSERT INTO "goldensample_counterongolden" VALUES(147,35,195);
INSERT INTO "goldensample_counterongolden" VALUES(148,16,196);
INSERT INTO "goldensample_counterongolden" VALUES(149,35,197);
INSERT INTO "goldensample_counterongolden" VALUES(150,71,198);
INSERT INTO "goldensample_counterongolden" VALUES(151,71,199);
INSERT INTO "goldensample_counterongolden" VALUES(152,71,200);
INSERT INTO "goldensample_counterongolden" VALUES(153,8,201);
INSERT INTO "goldensample_counterongolden" VALUES(154,7,202);
INSERT INTO "goldensample_counterongolden" VALUES(155,5,203);
INSERT INTO "goldensample_counterongolden" VALUES(156,35,204);
INSERT INTO "goldensample_counterongolden" VALUES(158,0,206);
INSERT INTO "goldensample_counterongolden" VALUES(159,29,207);
INSERT INTO "goldensample_counterongolden" VALUES(160,29,208);
INSERT INTO "goldensample_counterongolden" VALUES(161,0,209);
INSERT INTO "goldensample_counterongolden" VALUES(162,29,210);
INSERT INTO "goldensample_counterongolden" VALUES(163,29,211);
INSERT INTO "goldensample_counterongolden" VALUES(164,0,212);
INSERT INTO "goldensample_counterongolden" VALUES(168,7,216);
INSERT INTO "goldensample_counterongolden" VALUES(169,44,217);
INSERT INTO "goldensample_counterongolden" VALUES(170,41,218);
INSERT INTO "goldensample_counterongolden" VALUES(171,7,219);
INSERT INTO "goldensample_counterongolden" VALUES(172,46,220);
INSERT INTO "goldensample_counterongolden" VALUES(173,41,221);
INSERT INTO "goldensample_counterongolden" VALUES(175,0,223);
INSERT INTO "goldensample_counterongolden" VALUES(176,0,224);
INSERT INTO "goldensample_counterongolden" VALUES(177,0,225);
INSERT INTO "goldensample_counterongolden" VALUES(181,14,229);
INSERT INTO "goldensample_counterongolden" VALUES(182,20,230);
INSERT INTO "goldensample_counterongolden" VALUES(183,21,231);
INSERT INTO "goldensample_counterongolden" VALUES(184,12,232);
INSERT INTO "goldensample_counterongolden" VALUES(185,23,233);
INSERT INTO "goldensample_counterongolden" VALUES(186,26,234);
INSERT INTO "goldensample_counterongolden" VALUES(187,9,235);
INSERT INTO "goldensample_counterongolden" VALUES(188,22,236);
INSERT INTO "goldensample_counterongolden" VALUES(189,30,237);
INSERT INTO "goldensample_counterongolden" VALUES(190,22,238);
INSERT INTO "goldensample_counterongolden" VALUES(191,78,239);
INSERT INTO "goldensample_counterongolden" VALUES(192,62,240);
INSERT INTO "goldensample_counterongolden" VALUES(193,27,241);
INSERT INTO "goldensample_counterongolden" VALUES(194,71,242);
INSERT INTO "goldensample_counterongolden" VALUES(195,61,243);
INSERT INTO "goldensample_counterongolden" VALUES(196,94,244);
INSERT INTO "goldensample_counterongolden" VALUES(197,94,245);
INSERT INTO "goldensample_counterongolden" VALUES(198,8,246);
INSERT INTO "goldensample_counterongolden" VALUES(199,41,247);
INSERT INTO "goldensample_counterongolden" VALUES(200,43,248);
INSERT INTO "goldensample_counterongolden" VALUES(201,4,249);
INSERT INTO "goldensample_counterongolden" VALUES(202,44,250);
INSERT INTO "goldensample_counterongolden" VALUES(203,44,251);
INSERT INTO "goldensample_counterongolden" VALUES(204,0,252);
INSERT INTO "goldensample_counterongolden" VALUES(205,0,253);
INSERT INTO "goldensample_counterongolden" VALUES(206,0,254);
INSERT INTO "goldensample_counterongolden" VALUES(207,0,255);
INSERT INTO "goldensample_counterongolden" VALUES(208,0,256);
INSERT INTO "goldensample_counterongolden" VALUES(209,0,257);
INSERT INTO "goldensample_counterongolden" VALUES(210,0,258);
INSERT INTO "goldensample_counterongolden" VALUES(211,10,259);
INSERT INTO "goldensample_counterongolden" VALUES(213,10,261);
INSERT INTO "goldensample_counterongolden" VALUES(214,10,262);
INSERT INTO "goldensample_counterongolden" VALUES(215,10,263);
INSERT INTO "goldensample_counterongolden" VALUES(216,0,264);
INSERT INTO "goldensample_counterongolden" VALUES(217,43,265);
INSERT INTO "goldensample_counterongolden" VALUES(218,43,266);
INSERT INTO "goldensample_counterongolden" VALUES(219,41,267);
INSERT INTO "goldensample_counterongolden" VALUES(220,16,268);
INSERT INTO "goldensample_counterongolden" VALUES(221,16,269);
INSERT INTO "goldensample_counterongolden" VALUES(222,93,270);
INSERT INTO "goldensample_counterongolden" VALUES(223,95,271);
INSERT INTO "goldensample_counterongolden" VALUES(224,94,272);
INSERT INTO "goldensample_counterongolden" VALUES(225,94,273);
INSERT INTO "goldensample_counterongolden" VALUES(232,242,280);
INSERT INTO "goldensample_counterongolden" VALUES(233,242,281);
INSERT INTO "goldensample_counterongolden" VALUES(234,238,282);
INSERT INTO "goldensample_counterongolden" VALUES(235,248,283);
INSERT INTO "goldensample_counterongolden" VALUES(236,247,284);
INSERT INTO "goldensample_counterongolden" VALUES(237,244,285);
INSERT INTO "goldensample_counterongolden" VALUES(242,3,290);
INSERT INTO "goldensample_counterongolden" VALUES(243,3,291);
INSERT INTO "goldensample_counterongolden" VALUES(244,3,292);
INSERT INTO "goldensample_counterongolden" VALUES(245,3,293);
INSERT INTO "goldensample_counterongolden" VALUES(246,34,294);
INSERT INTO "goldensample_counterongolden" VALUES(247,43,295);
INSERT INTO "goldensample_counterongolden" VALUES(248,34,296);
INSERT INTO "goldensample_counterongolden" VALUES(249,34,297);
INSERT INTO "goldensample_counterongolden" VALUES(250,7,298);
INSERT INTO "goldensample_counterongolden" VALUES(251,8,299);
INSERT INTO "goldensample_counterongolden" VALUES(252,7,300);
INSERT INTO "goldensample_counterongolden" VALUES(253,7,301);
INSERT INTO "goldensample_counterongolden" VALUES(254,3,302);
INSERT INTO "goldensample_counterongolden" VALUES(255,3,303);
INSERT INTO "goldensample_counterongolden" VALUES(256,3,304);
INSERT INTO "goldensample_counterongolden" VALUES(257,3,305);
INSERT INTO "goldensample_counterongolden" VALUES(258,32,306);
INSERT INTO "goldensample_counterongolden" VALUES(259,32,307);
INSERT INTO "goldensample_counterongolden" VALUES(260,32,308);
INSERT INTO "goldensample_counterongolden" VALUES(261,32,309);
INSERT INTO "goldensample_counterongolden" VALUES(262,9,310);
INSERT INTO "goldensample_counterongolden" VALUES(263,9,311);
INSERT INTO "goldensample_counterongolden" VALUES(264,9,312);
INSERT INTO "goldensample_counterongolden" VALUES(265,9,313);
INSERT INTO "goldensample_counterongolden" VALUES(266,4,314);
INSERT INTO "goldensample_counterongolden" VALUES(267,4,315);
INSERT INTO "goldensample_counterongolden" VALUES(268,4,316);
INSERT INTO "goldensample_counterongolden" VALUES(269,4,317);
INSERT INTO "goldensample_counterongolden" VALUES(270,0,318);
INSERT INTO "goldensample_counterongolden" VALUES(271,10,319);
INSERT INTO "goldensample_counterongolden" VALUES(272,10,320);
INSERT INTO "goldensample_counterongolden" VALUES(281,0,329);
INSERT INTO "goldensample_counterongolden" VALUES(282,0,330);
INSERT INTO "goldensample_counterongolden" VALUES(283,0,331);
INSERT INTO "goldensample_counterongolden" VALUES(284,0,332);
INSERT INTO "goldensample_counterongolden" VALUES(285,0,333);
INSERT INTO "goldensample_counterongolden" VALUES(286,0,334);
INSERT INTO "goldensample_counterongolden" VALUES(287,28,335);
INSERT INTO "goldensample_counterongolden" VALUES(288,28,336);
INSERT INTO "goldensample_counterongolden" VALUES(289,28,337);
INSERT INTO "goldensample_counterongolden" VALUES(290,28,338);
INSERT INTO "goldensample_counterongolden" VALUES(291,28,339);
INSERT INTO "goldensample_counterongolden" VALUES(292,28,340);
INSERT INTO "goldensample_counterongolden" VALUES(293,0,341);
INSERT INTO "goldensample_counterongolden" VALUES(294,0,342);
INSERT INTO "goldensample_counterongolden" VALUES(295,0,343);
INSERT INTO "goldensample_counterongolden" VALUES(296,16,344);
INSERT INTO "goldensample_counterongolden" VALUES(297,0,345);
INSERT INTO "goldensample_counterongolden" VALUES(298,0,346);
INSERT INTO "goldensample_counterongolden" VALUES(299,0,347);
INSERT INTO "goldensample_counterongolden" VALUES(300,0,348);
INSERT INTO "goldensample_counterongolden" VALUES(301,0,349);
INSERT INTO "goldensample_counterongolden" VALUES(302,0,350);
INSERT INTO "goldensample_counterongolden" VALUES(303,0,351);
INSERT INTO "goldensample_counterongolden" VALUES(304,0,352);
INSERT INTO "goldensample_counterongolden" VALUES(307,45,355);
INSERT INTO "goldensample_counterongolden" VALUES(308,14,356);
INSERT INTO "goldensample_counterongolden" VALUES(309,0,357);
INSERT INTO "goldensample_counterongolden" VALUES(310,0,358);
INSERT INTO "goldensample_counterongolden" VALUES(311,0,359);
INSERT INTO "goldensample_counterongolden" VALUES(312,0,360);
INSERT INTO "goldensample_counterongolden" VALUES(313,0,361);
INSERT INTO "goldensample_counterongolden" VALUES(314,0,362);
INSERT INTO "goldensample_counterongolden" VALUES(315,0,363);
INSERT INTO "goldensample_counterongolden" VALUES(327,0,375);
INSERT INTO "goldensample_counterongolden" VALUES(328,0,376);
INSERT INTO "goldensample_counterongolden" VALUES(329,0,377);
INSERT INTO "goldensample_counterongolden" VALUES(330,0,378);
INSERT INTO "goldensample_counterongolden" VALUES(331,0,379);
INSERT INTO "goldensample_counterongolden" VALUES(332,0,380);
INSERT INTO "goldensample_counterongolden" VALUES(333,0,381);
INSERT INTO "goldensample_counterongolden" VALUES(354,0,402);
INSERT INTO "goldensample_counterongolden" VALUES(355,0,403);
INSERT INTO "goldensample_counterongolden" VALUES(356,0,404);
INSERT INTO "goldensample_counterongolden" VALUES(357,0,405);
INSERT INTO "goldensample_counterongolden" VALUES(358,0,406);
INSERT INTO "goldensample_counterongolden" VALUES(359,0,407);
INSERT INTO "goldensample_counterongolden" VALUES(360,0,408);
INSERT INTO "goldensample_counterongolden" VALUES(361,0,409);
INSERT INTO "goldensample_counterongolden" VALUES(362,0,410);
INSERT INTO "goldensample_counterongolden" VALUES(363,0,411);
INSERT INTO "goldensample_counterongolden" VALUES(364,0,412);
INSERT INTO "goldensample_counterongolden" VALUES(365,0,413);
INSERT INTO "goldensample_counterongolden" VALUES(366,0,414);
INSERT INTO "goldensample_counterongolden" VALUES(367,0,415);
INSERT INTO "goldensample_counterongolden" VALUES(380,49,428);
INSERT INTO "goldensample_counterongolden" VALUES(381,57,429);
INSERT INTO "goldensample_counterongolden" VALUES(382,40,430);
INSERT INTO "goldensample_counterongolden" VALUES(383,44,431);
INSERT INTO "goldensample_counterongolden" VALUES(384,61,432);
INSERT INTO "goldensample_counterongolden" VALUES(385,55,433);
INSERT INTO "goldensample_counterongolden" VALUES(386,59,434);
INSERT INTO "goldensample_counterongolden" VALUES(387,58,435);
INSERT INTO "goldensample_counterongolden" VALUES(388,56,436);
INSERT INTO "goldensample_counterongolden" VALUES(394,7,442);
INSERT INTO "goldensample_counterongolden" VALUES(395,1,443);
INSERT INTO "goldensample_counterongolden" VALUES(396,1,444);
INSERT INTO "goldensample_counterongolden" VALUES(397,0,445);
INSERT INTO "goldensample_counterongolden" VALUES(398,2,446);
INSERT INTO "goldensample_counterongolden" VALUES(399,7,447);
INSERT INTO "goldensample_counterongolden" VALUES(400,2,448);
INSERT INTO "goldensample_counterongolden" VALUES(401,0,449);
INSERT INTO "goldensample_counterongolden" VALUES(402,2,450);
INSERT INTO "goldensample_counterongolden" VALUES(403,0,451);
INSERT INTO "goldensample_counterongolden" VALUES(417,0,465);
INSERT INTO "goldensample_counterongolden" VALUES(418,0,466);
INSERT INTO "goldensample_counterongolden" VALUES(419,0,467);
INSERT INTO "goldensample_counterongolden" VALUES(420,0,468);
INSERT INTO "goldensample_counterongolden" VALUES(421,0,469);
INSERT INTO "goldensample_counterongolden" VALUES(493,22,541);
INSERT INTO "goldensample_counterongolden" VALUES(494,19,542);
INSERT INTO "goldensample_counterongolden" VALUES(495,23,543);
INSERT INTO "goldensample_counterongolden" VALUES(496,0,544);
INSERT INTO "goldensample_counterongolden" VALUES(497,0,545);
INSERT INTO "goldensample_counterongolden" VALUES(498,0,546);
INSERT INTO "goldensample_counterongolden" VALUES(499,0,547);
INSERT INTO "goldensample_counterongolden" VALUES(500,0,548);
INSERT INTO "goldensample_counterongolden" VALUES(501,0,549);
INSERT INTO "goldensample_counterongolden" VALUES(502,0,550);
INSERT INTO "goldensample_counterongolden" VALUES(503,0,551);
INSERT INTO "goldensample_counterongolden" VALUES(504,0,552);
INSERT INTO "goldensample_counterongolden" VALUES(505,0,553);
INSERT INTO "goldensample_counterongolden" VALUES(506,0,554);
INSERT INTO "goldensample_counterongolden" VALUES(507,0,555);
INSERT INTO "goldensample_counterongolden" VALUES(508,0,556);
INSERT INTO "goldensample_counterongolden" VALUES(509,0,557);
INSERT INTO "goldensample_counterongolden" VALUES(510,0,558);
INSERT INTO "goldensample_counterongolden" VALUES(511,0,559);
INSERT INTO "goldensample_counterongolden" VALUES(512,0,560);
INSERT INTO "goldensample_counterongolden" VALUES(513,0,561);
INSERT INTO "goldensample_counterongolden" VALUES(523,0,571);
INSERT INTO "goldensample_counterongolden" VALUES(524,0,572);
INSERT INTO "goldensample_counterongolden" VALUES(525,0,573);
INSERT INTO "goldensample_counterongolden" VALUES(526,0,574);
INSERT INTO "goldensample_counterongolden" VALUES(527,0,575);
INSERT INTO "goldensample_counterongolden" VALUES(528,0,576);
INSERT INTO "goldensample_counterongolden" VALUES(529,4,577);
INSERT INTO "goldensample_counterongolden" VALUES(530,8,578);
INSERT INTO "goldensample_counterongolden" VALUES(531,4,579);
INSERT INTO "goldensample_counterongolden" VALUES(532,8,580);
INSERT INTO "goldensample_counterongolden" VALUES(533,4,581);
INSERT INTO "goldensample_counterongolden" VALUES(534,0,582);
INSERT INTO "goldensample_counterongolden" VALUES(535,0,583);
INSERT INTO "goldensample_counterongolden" VALUES(536,0,584);
INSERT INTO "goldensample_counterongolden" VALUES(537,0,585);
INSERT INTO "goldensample_counterongolden" VALUES(538,0,586);
INSERT INTO "goldensample_counterongolden" VALUES(539,0,587);
INSERT INTO "goldensample_counterongolden" VALUES(540,0,588);
INSERT INTO "goldensample_counterongolden" VALUES(541,0,589);
INSERT INTO "goldensample_counterongolden" VALUES(542,0,590);
INSERT INTO "goldensample_counterongolden" VALUES(543,0,591);
INSERT INTO "goldensample_counterongolden" VALUES(544,0,592);
INSERT INTO "goldensample_counterongolden" VALUES(545,0,593);
INSERT INTO "goldensample_counterongolden" VALUES(546,0,594);
INSERT INTO "goldensample_counterongolden" VALUES(549,0,597);
INSERT INTO "goldensample_counterongolden" VALUES(550,0,598);
INSERT INTO "goldensample_counterongolden" VALUES(551,0,599);
INSERT INTO "goldensample_counterongolden" VALUES(556,0,604);
INSERT INTO "goldensample_counterongolden" VALUES(557,0,605);
INSERT INTO "goldensample_counterongolden" VALUES(558,0,606);
INSERT INTO "goldensample_counterongolden" VALUES(559,0,607);
INSERT INTO "goldensample_counterongolden" VALUES(560,0,608);
INSERT INTO "goldensample_counterongolden" VALUES(561,0,609);
INSERT INTO "goldensample_counterongolden" VALUES(562,0,610);
INSERT INTO "goldensample_counterongolden" VALUES(563,0,611);
INSERT INTO "goldensample_counterongolden" VALUES(564,0,612);
INSERT INTO "goldensample_counterongolden" VALUES(566,0,614);
INSERT INTO "goldensample_counterongolden" VALUES(567,0,615);
INSERT INTO "goldensample_counterongolden" VALUES(568,0,616);
INSERT INTO "goldensample_counterongolden" VALUES(569,0,617);
INSERT INTO "goldensample_counterongolden" VALUES(570,0,618);
INSERT INTO "goldensample_counterongolden" VALUES(571,0,619);
INSERT INTO "goldensample_counterongolden" VALUES(572,0,620);
INSERT INTO "goldensample_counterongolden" VALUES(573,0,621);
INSERT INTO "goldensample_counterongolden" VALUES(574,0,622);
INSERT INTO "goldensample_counterongolden" VALUES(575,0,623);
INSERT INTO "goldensample_counterongolden" VALUES(576,0,624);
INSERT INTO "goldensample_counterongolden" VALUES(577,0,625);
INSERT INTO "goldensample_counterongolden" VALUES(578,0,626);
INSERT INTO "goldensample_counterongolden" VALUES(579,0,627);
INSERT INTO "goldensample_counterongolden" VALUES(580,0,628);
INSERT INTO "goldensample_counterongolden" VALUES(581,0,629);
INSERT INTO "goldensample_counterongolden" VALUES(582,0,630);
INSERT INTO "goldensample_counterongolden" VALUES(583,0,631);
INSERT INTO "goldensample_counterongolden" VALUES(584,0,632);
INSERT INTO "goldensample_counterongolden" VALUES(585,0,633);
INSERT INTO "goldensample_counterongolden" VALUES(586,0,634);
INSERT INTO "goldensample_counterongolden" VALUES(587,0,635);
INSERT INTO "goldensample_counterongolden" VALUES(588,0,636);
INSERT INTO "goldensample_counterongolden" VALUES(589,0,637);
INSERT INTO "goldensample_counterongolden" VALUES(590,0,638);
INSERT INTO "goldensample_counterongolden" VALUES(591,0,639);
INSERT INTO "goldensample_counterongolden" VALUES(592,0,640);
INSERT INTO "goldensample_counterongolden" VALUES(593,0,641);
INSERT INTO "goldensample_counterongolden" VALUES(594,0,642);
INSERT INTO "goldensample_counterongolden" VALUES(595,0,643);
INSERT INTO "goldensample_counterongolden" VALUES(596,0,644);
INSERT INTO "goldensample_counterongolden" VALUES(597,0,645);
INSERT INTO "goldensample_counterongolden" VALUES(598,0,646);
INSERT INTO "goldensample_counterongolden" VALUES(599,0,647);
INSERT INTO "goldensample_counterongolden" VALUES(600,0,648);
INSERT INTO "goldensample_counterongolden" VALUES(601,0,649);
INSERT INTO "goldensample_counterongolden" VALUES(602,0,650);
INSERT INTO "goldensample_counterongolden" VALUES(603,0,651);
INSERT INTO "goldensample_counterongolden" VALUES(611,0,659);
INSERT INTO "goldensample_counterongolden" VALUES(612,0,660);
INSERT INTO "goldensample_counterongolden" VALUES(613,0,661);
INSERT INTO "goldensample_counterongolden" VALUES(614,0,662);
INSERT INTO "goldensample_counterongolden" VALUES(615,0,663);
INSERT INTO "goldensample_counterongolden" VALUES(616,0,664);
INSERT INTO "goldensample_counterongolden" VALUES(617,0,665);
INSERT INTO "goldensample_counterongolden" VALUES(618,0,666);
INSERT INTO "goldensample_counterongolden" VALUES(619,0,667);
INSERT INTO "goldensample_counterongolden" VALUES(620,0,668);
INSERT INTO "goldensample_counterongolden" VALUES(621,0,669);
INSERT INTO "goldensample_counterongolden" VALUES(622,0,670);
INSERT INTO "goldensample_counterongolden" VALUES(623,0,671);
INSERT INTO "goldensample_counterongolden" VALUES(624,0,672);
INSERT INTO "goldensample_counterongolden" VALUES(625,0,673);
INSERT INTO "goldensample_counterongolden" VALUES(626,0,674);
INSERT INTO "goldensample_counterongolden" VALUES(627,0,675);
INSERT INTO "goldensample_counterongolden" VALUES(628,0,676);
INSERT INTO "goldensample_counterongolden" VALUES(629,0,677);
INSERT INTO "goldensample_counterongolden" VALUES(630,0,678);
INSERT INTO "goldensample_counterongolden" VALUES(631,0,679);
INSERT INTO "goldensample_counterongolden" VALUES(632,0,680);
INSERT INTO "goldensample_counterongolden" VALUES(633,0,681);
INSERT INTO "goldensample_counterongolden" VALUES(634,0,682);
INSERT INTO "goldensample_counterongolden" VALUES(635,0,683);
INSERT INTO "goldensample_counterongolden" VALUES(636,0,684);
INSERT INTO "goldensample_counterongolden" VALUES(637,0,685);
INSERT INTO "goldensample_counterongolden" VALUES(638,0,686);
INSERT INTO "goldensample_counterongolden" VALUES(639,0,687);
INSERT INTO "goldensample_counterongolden" VALUES(640,0,688);
INSERT INTO "goldensample_counterongolden" VALUES(641,0,689);
INSERT INTO "goldensample_counterongolden" VALUES(642,0,690);
INSERT INTO "goldensample_counterongolden" VALUES(643,0,691);
INSERT INTO "goldensample_counterongolden" VALUES(644,0,692);
INSERT INTO "goldensample_counterongolden" VALUES(645,0,693);
INSERT INTO "goldensample_counterongolden" VALUES(646,0,694);
INSERT INTO "goldensample_counterongolden" VALUES(647,0,695);
INSERT INTO "goldensample_counterongolden" VALUES(648,0,696);
INSERT INTO "goldensample_counterongolden" VALUES(649,0,697);
INSERT INTO "goldensample_counterongolden" VALUES(650,0,698);
INSERT INTO "goldensample_counterongolden" VALUES(651,0,699);
INSERT INTO "goldensample_counterongolden" VALUES(652,0,700);
INSERT INTO "goldensample_counterongolden" VALUES(653,0,701);
INSERT INTO "goldensample_counterongolden" VALUES(654,0,702);
INSERT INTO "goldensample_counterongolden" VALUES(655,0,703);
INSERT INTO "goldensample_counterongolden" VALUES(656,0,704);
INSERT INTO "goldensample_counterongolden" VALUES(657,0,705);
INSERT INTO "goldensample_counterongolden" VALUES(658,0,706);
INSERT INTO "goldensample_counterongolden" VALUES(659,0,707);
INSERT INTO "goldensample_counterongolden" VALUES(660,0,708);
INSERT INTO "goldensample_counterongolden" VALUES(661,0,709);
INSERT INTO "goldensample_counterongolden" VALUES(662,0,710);
INSERT INTO "goldensample_counterongolden" VALUES(663,0,711);
INSERT INTO "goldensample_counterongolden" VALUES(664,0,712);
INSERT INTO "goldensample_counterongolden" VALUES(665,0,713);
INSERT INTO "goldensample_counterongolden" VALUES(666,6,714);
INSERT INTO "goldensample_counterongolden" VALUES(667,6,715);
INSERT INTO "goldensample_counterongolden" VALUES(668,2,716);
INSERT INTO "goldensample_counterongolden" VALUES(669,6,717);
INSERT INTO "goldensample_counterongolden" VALUES(670,2,718);
INSERT INTO "goldensample_counterongolden" VALUES(671,2,719);
INSERT INTO "goldensample_counterongolden" VALUES(672,0,720);
INSERT INTO "goldensample_counterongolden" VALUES(673,0,721);
INSERT INTO "goldensample_counterongolden" VALUES(674,0,722);
INSERT INTO "goldensample_counterongolden" VALUES(675,0,723);
INSERT INTO "goldensample_counterongolden" VALUES(676,0,724);
INSERT INTO "goldensample_counterongolden" VALUES(677,0,725);
INSERT INTO "goldensample_counterongolden" VALUES(678,0,726);
INSERT INTO "goldensample_counterongolden" VALUES(679,0,727);
INSERT INTO "goldensample_counterongolden" VALUES(680,0,728);
INSERT INTO "goldensample_counterongolden" VALUES(681,0,729);
INSERT INTO "goldensample_counterongolden" VALUES(682,0,730);
INSERT INTO "goldensample_counterongolden" VALUES(683,0,731);
INSERT INTO "goldensample_counterongolden" VALUES(698,0,746);
INSERT INTO "goldensample_counterongolden" VALUES(699,0,747);
INSERT INTO "goldensample_counterongolden" VALUES(700,0,748);
INSERT INTO "goldensample_counterongolden" VALUES(701,0,749);
INSERT INTO "goldensample_counterongolden" VALUES(702,0,750);
INSERT INTO "goldensample_counterongolden" VALUES(703,0,751);
INSERT INTO "goldensample_counterongolden" VALUES(704,0,752);
INSERT INTO "goldensample_counterongolden" VALUES(705,0,753);
INSERT INTO "goldensample_counterongolden" VALUES(706,0,754);
INSERT INTO "goldensample_counterongolden" VALUES(709,0,757);
INSERT INTO "goldensample_counterongolden" VALUES(710,0,758);
INSERT INTO "goldensample_counterongolden" VALUES(711,0,759);
INSERT INTO "goldensample_counterongolden" VALUES(712,0,760);
INSERT INTO "goldensample_counterongolden" VALUES(713,0,761);
INSERT INTO "goldensample_counterongolden" VALUES(714,0,762);
INSERT INTO "goldensample_counterongolden" VALUES(715,0,763);
INSERT INTO "goldensample_counterongolden" VALUES(716,0,764);
INSERT INTO "goldensample_counterongolden" VALUES(717,0,765);
INSERT INTO "goldensample_counterongolden" VALUES(718,0,766);
INSERT INTO "goldensample_counterongolden" VALUES(719,0,767);
INSERT INTO "goldensample_counterongolden" VALUES(720,0,768);
INSERT INTO "goldensample_counterongolden" VALUES(721,0,769);
INSERT INTO "goldensample_counterongolden" VALUES(722,0,770);
INSERT INTO "goldensample_counterongolden" VALUES(723,0,771);
INSERT INTO "goldensample_counterongolden" VALUES(724,0,772);
INSERT INTO "goldensample_counterongolden" VALUES(725,0,773);
INSERT INTO "goldensample_counterongolden" VALUES(726,0,774);
INSERT INTO "goldensample_counterongolden" VALUES(727,0,775);
INSERT INTO "goldensample_counterongolden" VALUES(728,0,776);
INSERT INTO "goldensample_counterongolden" VALUES(729,0,777);
INSERT INTO "goldensample_counterongolden" VALUES(730,0,778);
INSERT INTO "goldensample_counterongolden" VALUES(731,0,779);
INSERT INTO "goldensample_counterongolden" VALUES(732,0,780);
INSERT INTO "goldensample_counterongolden" VALUES(733,0,781);
INSERT INTO "goldensample_counterongolden" VALUES(734,0,782);
INSERT INTO "goldensample_counterongolden" VALUES(735,0,783);
INSERT INTO "goldensample_counterongolden" VALUES(736,0,784);
INSERT INTO "goldensample_counterongolden" VALUES(737,0,785);
INSERT INTO "goldensample_counterongolden" VALUES(738,0,786);
INSERT INTO "goldensample_counterongolden" VALUES(739,0,787);
INSERT INTO "goldensample_counterongolden" VALUES(740,0,788);
INSERT INTO "goldensample_counterongolden" VALUES(741,0,789);
INSERT INTO "goldensample_counterongolden" VALUES(742,0,790);
INSERT INTO "goldensample_counterongolden" VALUES(743,0,791);
INSERT INTO "goldensample_counterongolden" VALUES(744,0,792);
INSERT INTO "goldensample_counterongolden" VALUES(747,19,795);
INSERT INTO "goldensample_counterongolden" VALUES(752,4,800);
INSERT INTO "goldensample_counterongolden" VALUES(763,0,811);
INSERT INTO "goldensample_counterongolden" VALUES(773,0,821);
INSERT INTO "goldensample_counterongolden" VALUES(776,0,824);
INSERT INTO "goldensample_counterongolden" VALUES(777,0,825);
INSERT INTO "goldensample_counterongolden" VALUES(778,0,826);
INSERT INTO "goldensample_counterongolden" VALUES(779,0,827);
INSERT INTO "goldensample_counterongolden" VALUES(780,0,828);
INSERT INTO "goldensample_counterongolden" VALUES(781,0,829);
INSERT INTO "goldensample_counterongolden" VALUES(782,0,830);
INSERT INTO "goldensample_counterongolden" VALUES(783,0,831);
INSERT INTO "goldensample_counterongolden" VALUES(784,15,832);
INSERT INTO "goldensample_counterongolden" VALUES(786,7,834);
INSERT INTO "goldensample_counterongolden" VALUES(787,7,835);
INSERT INTO "goldensample_counterongolden" VALUES(788,64,836);
INSERT INTO "goldensample_counterongolden" VALUES(790,1,838);
INSERT INTO "goldensample_counterongolden" VALUES(791,9,839);
INSERT INTO "goldensample_counterongolden" VALUES(794,9,842);
INSERT INTO "goldensample_counterongolden" VALUES(795,9,843);
INSERT INTO "goldensample_counterongolden" VALUES(796,9,844);
INSERT INTO "goldensample_counterongolden" VALUES(797,9,845);
INSERT INTO "goldensample_counterongolden" VALUES(798,9,846);
INSERT INTO "goldensample_counterongolden" VALUES(799,5,847);
INSERT INTO "goldensample_counterongolden" VALUES(800,19,848);
INSERT INTO "goldensample_counterongolden" VALUES(801,14,849);
INSERT INTO "goldensample_counterongolden" VALUES(802,9,850);
INSERT INTO "goldensample_counterongolden" VALUES(803,16,851);
INSERT INTO "goldensample_counterongolden" VALUES(804,13,852);
INSERT INTO "goldensample_counterongolden" VALUES(807,0,855);
INSERT INTO "goldensample_counterongolden" VALUES(808,0,856);
INSERT INTO "goldensample_counterongolden" VALUES(809,17,857);
INSERT INTO "goldensample_counterongolden" VALUES(810,21,858);
INSERT INTO "goldensample_counterongolden" VALUES(811,21,859);
INSERT INTO "goldensample_counterongolden" VALUES(812,19,860);
INSERT INTO "goldensample_counterongolden" VALUES(813,0,861);
INSERT INTO "goldensample_counterongolden" VALUES(814,0,862);
INSERT INTO "goldensample_counterongolden" VALUES(815,0,863);
INSERT INTO "goldensample_counterongolden" VALUES(816,0,864);
INSERT INTO "goldensample_counterongolden" VALUES(817,0,865);
INSERT INTO "goldensample_counterongolden" VALUES(818,0,866);
INSERT INTO "goldensample_counterongolden" VALUES(819,0,867);
INSERT INTO "goldensample_counterongolden" VALUES(820,0,868);
INSERT INTO "goldensample_counterongolden" VALUES(821,0,869);
INSERT INTO "goldensample_counterongolden" VALUES(822,0,870);
INSERT INTO "goldensample_counterongolden" VALUES(823,1,871);
INSERT INTO "goldensample_counterongolden" VALUES(824,1,872);
INSERT INTO "goldensample_counterongolden" VALUES(825,1,873);
INSERT INTO "goldensample_counterongolden" VALUES(827,75,875);
INSERT INTO "goldensample_counterongolden" VALUES(828,75,876);
INSERT INTO "goldensample_counterongolden" VALUES(829,75,877);
INSERT INTO "goldensample_counterongolden" VALUES(830,7,878);
INSERT INTO "goldensample_counterongolden" VALUES(831,9,879);
INSERT INTO "goldensample_counterongolden" VALUES(832,4,880);
INSERT INTO "goldensample_counterongolden" VALUES(834,18,887);
INSERT INTO "goldensample_counterongolden" VALUES(835,29,888);
INSERT INTO "goldensample_counterongolden" VALUES(836,27,889);
INSERT INTO "goldensample_counterongolden" VALUES(837,50,890);
INSERT INTO "goldensample_counterongolden" VALUES(838,29,891);
INSERT INTO "goldensample_counterongolden" VALUES(839,44,892);
INSERT INTO "goldensample_counterongolden" VALUES(840,35,893);
INSERT INTO "goldensample_counterongolden" VALUES(841,36,894);
INSERT INTO "goldensample_counterongolden" VALUES(842,42,895);
INSERT INTO "goldensample_counterongolden" VALUES(843,29,896);
INSERT INTO "goldensample_counterongolden" VALUES(844,43,897);
INSERT INTO "goldensample_counterongolden" VALUES(845,46,898);
INSERT INTO "goldensample_counterongolden" VALUES(846,37,899);
INSERT INTO "goldensample_counterongolden" VALUES(847,41,900);
INSERT INTO "goldensample_counterongolden" VALUES(848,45,901);
INSERT INTO "goldensample_counterongolden" VALUES(849,37,902);
INSERT INTO "goldensample_counterongolden" VALUES(850,29,903);
INSERT INTO "goldensample_counterongolden" VALUES(852,9,905);
INSERT INTO "goldensample_counterongolden" VALUES(853,15,906);
INSERT INTO "goldensample_counterongolden" VALUES(854,19,907);
INSERT INTO "goldensample_counterongolden" VALUES(855,44,908);
INSERT INTO "goldensample_counterongolden" VALUES(856,44,909);
INSERT INTO "goldensample_counterongolden" VALUES(857,39,910);
INSERT INTO "goldensample_counterongolden" VALUES(858,26,911);
INSERT INTO "goldensample_counterongolden" VALUES(859,14,912);
INSERT INTO "goldensample_counterongolden" VALUES(860,11,913);
INSERT INTO "goldensample_counterongolden" VALUES(861,67,914);
INSERT INTO "goldensample_counterongolden" VALUES(862,0,915);
INSERT INTO "goldensample_counterongolden" VALUES(863,27,916);
INSERT INTO "goldensample_counterongolden" VALUES(864,30,917);
INSERT INTO "goldensample_counterongolden" VALUES(865,22,918);
INSERT INTO "goldensample_counterongolden" VALUES(866,25,919);
INSERT INTO "goldensample_counterongolden" VALUES(867,14,920);
INSERT INTO "goldensample_counterongolden" VALUES(868,14,921);
INSERT INTO "goldensample_counterongolden" VALUES(869,15,922);
INSERT INTO "goldensample_counterongolden" VALUES(870,14,923);
INSERT INTO "goldensample_counterongolden" VALUES(871,20,924);
INSERT INTO "goldensample_counterongolden" VALUES(872,20,925);
INSERT INTO "goldensample_counterongolden" VALUES(873,17,926);
INSERT INTO "goldensample_counterongolden" VALUES(874,18,927);
INSERT INTO "goldensample_counterongolden" VALUES(875,7,928);
INSERT INTO "goldensample_counterongolden" VALUES(876,7,929);
INSERT INTO "goldensample_counterongolden" VALUES(877,3,930);
INSERT INTO "goldensample_counterongolden" VALUES(878,3,931);
INSERT INTO "goldensample_counterongolden" VALUES(879,8,932);
INSERT INTO "goldensample_counterongolden" VALUES(880,8,933);
INSERT INTO "goldensample_counterongolden" VALUES(881,22,934);
INSERT INTO "goldensample_counterongolden" VALUES(882,16,935);
INSERT INTO "goldensample_counterongolden" VALUES(883,21,936);
INSERT INTO "goldensample_counterongolden" VALUES(884,9,937);
INSERT INTO "goldensample_counterongolden" VALUES(885,22,938);
INSERT INTO "goldensample_counterongolden" VALUES(886,21,939);
INSERT INTO "goldensample_counterongolden" VALUES(887,7,940);
INSERT INTO "goldensample_counterongolden" VALUES(888,7,941);
INSERT INTO "goldensample_counterongolden" VALUES(889,7,942);
INSERT INTO "goldensample_counterongolden" VALUES(890,7,943);
INSERT INTO "goldensample_counterongolden" VALUES(891,10,944);
INSERT INTO "goldensample_counterongolden" VALUES(892,10,945);
INSERT INTO "goldensample_counterongolden" VALUES(893,30,946);
INSERT INTO "goldensample_counterongolden" VALUES(894,31,947);
INSERT INTO "goldensample_counterongolden" VALUES(895,19,948);
INSERT INTO "goldensample_counterongolden" VALUES(896,15,949);
INSERT INTO "goldensample_counterongolden" VALUES(897,22,950);
INSERT INTO "goldensample_counterongolden" VALUES(898,27,951);
INSERT INTO "goldensample_counterongolden" VALUES(899,6,952);
INSERT INTO "goldensample_counterongolden" VALUES(900,0,953);
INSERT INTO "goldensample_counterongolden" VALUES(901,4,954);
INSERT INTO "goldensample_counterongolden" VALUES(902,6,955);
INSERT INTO "goldensample_counterongolden" VALUES(903,0,956);
INSERT INTO "goldensample_counterongolden" VALUES(904,4,957);
INSERT INTO "goldensample_counterongolden" VALUES(905,14,958);
INSERT INTO "goldensample_counterongolden" VALUES(906,12,959);
INSERT INTO "goldensample_counterongolden" VALUES(907,20,960);
INSERT INTO "goldensample_counterongolden" VALUES(908,20,961);
INSERT INTO "goldensample_counterongolden" VALUES(909,11,962);
INSERT INTO "goldensample_counterongolden" VALUES(910,13,963);
INSERT INTO "goldensample_counterongolden" VALUES(911,11,964);
INSERT INTO "goldensample_counterongolden" VALUES(912,11,965);
INSERT INTO "goldensample_counterongolden" VALUES(913,11,966);
INSERT INTO "goldensample_counterongolden" VALUES(914,11,967);
INSERT INTO "goldensample_counterongolden" VALUES(915,8,968);
INSERT INTO "goldensample_counterongolden" VALUES(916,8,969);
INSERT INTO "goldensample_counterongolden" VALUES(917,9,970);
INSERT INTO "goldensample_counterongolden" VALUES(918,10,971);
INSERT INTO "goldensample_counterongolden" VALUES(919,12,972);
INSERT INTO "goldensample_counterongolden" VALUES(920,12,973);
INSERT INTO "goldensample_counterongolden" VALUES(921,11,974);
INSERT INTO "goldensample_counterongolden" VALUES(923,10,976);
INSERT INTO "goldensample_counterongolden" VALUES(924,26,977);
INSERT INTO "goldensample_counterongolden" VALUES(925,20,978);
INSERT INTO "goldensample_counterongolden" VALUES(926,25,979);
INSERT INTO "goldensample_counterongolden" VALUES(927,15,980);
INSERT INTO "goldensample_counterongolden" VALUES(928,16,981);
INSERT INTO "goldensample_counterongolden" VALUES(929,21,982);
INSERT INTO "goldensample_counterongolden" VALUES(930,18,983);
INSERT INTO "goldensample_counterongolden" VALUES(931,18,984);
INSERT INTO "goldensample_counterongolden" VALUES(932,21,985);
INSERT INTO "goldensample_counterongolden" VALUES(933,20,986);
INSERT INTO "goldensample_counterongolden" VALUES(934,17,987);
INSERT INTO "goldensample_counterongolden" VALUES(935,16,988);
INSERT INTO "goldensample_counterongolden" VALUES(936,17,989);
INSERT INTO "goldensample_counterongolden" VALUES(937,17,990);
INSERT INTO "goldensample_counterongolden" VALUES(938,16,991);
INSERT INTO "goldensample_counterongolden" VALUES(939,15,992);
INSERT INTO "goldensample_counterongolden" VALUES(940,16,993);
INSERT INTO "goldensample_counterongolden" VALUES(941,16,994);
INSERT INTO "goldensample_counterongolden" VALUES(942,11,995);
INSERT INTO "goldensample_counterongolden" VALUES(943,11,996);
INSERT INTO "goldensample_counterongolden" VALUES(944,12,997);
INSERT INTO "goldensample_counterongolden" VALUES(945,14,998);
INSERT INTO "goldensample_counterongolden" VALUES(946,19,999);
INSERT INTO "goldensample_counterongolden" VALUES(947,8,1000);
INSERT INTO "goldensample_counterongolden" VALUES(948,13,1001);
INSERT INTO "goldensample_counterongolden" VALUES(949,2,1002);
INSERT INTO "goldensample_counterongolden" VALUES(950,10,1003);
INSERT INTO "goldensample_counterongolden" VALUES(951,14,1004);
INSERT INTO "goldensample_counterongolden" VALUES(952,10,1005);
INSERT INTO "goldensample_counterongolden" VALUES(953,10,1006);
INSERT INTO "goldensample_counterongolden" VALUES(954,10,1007);
INSERT INTO "goldensample_counterongolden" VALUES(955,6,1008);
INSERT INTO "goldensample_counterongolden" VALUES(956,6,1009);
INSERT INTO "goldensample_counterongolden" VALUES(957,0,1010);
INSERT INTO "goldensample_counterongolden" VALUES(958,6,1011);
INSERT INTO "goldensample_counterongolden" VALUES(959,6,1012);
INSERT INTO "goldensample_counterongolden" VALUES(960,0,1013);
INSERT INTO "goldensample_counterongolden" VALUES(961,0,1014);
INSERT INTO "goldensample_counterongolden" VALUES(962,0,1015);
INSERT INTO "goldensample_counterongolden" VALUES(963,0,1016);
INSERT INTO "goldensample_counterongolden" VALUES(964,0,1017);
INSERT INTO "goldensample_counterongolden" VALUES(965,0,1018);
INSERT INTO "goldensample_counterongolden" VALUES(966,0,1019);
INSERT INTO "goldensample_counterongolden" VALUES(967,0,1020);
INSERT INTO "goldensample_counterongolden" VALUES(968,0,1021);
INSERT INTO "goldensample_counterongolden" VALUES(969,0,1022);
INSERT INTO "goldensample_counterongolden" VALUES(970,0,1023);
INSERT INTO "goldensample_counterongolden" VALUES(971,0,1024);
INSERT INTO "goldensample_counterongolden" VALUES(972,0,1025);
INSERT INTO "goldensample_counterongolden" VALUES(973,0,1026);
INSERT INTO "goldensample_counterongolden" VALUES(974,0,1027);
INSERT INTO "goldensample_counterongolden" VALUES(975,0,1028);
INSERT INTO "goldensample_counterongolden" VALUES(976,0,1029);
INSERT INTO "goldensample_counterongolden" VALUES(977,0,1030);
INSERT INTO "goldensample_counterongolden" VALUES(978,0,1031);
INSERT INTO "goldensample_counterongolden" VALUES(979,0,1032);
INSERT INTO "goldensample_counterongolden" VALUES(980,78,1033);
INSERT INTO "goldensample_counterongolden" VALUES(981,79,1034);
INSERT INTO "goldensample_counterongolden" VALUES(982,78,1035);
INSERT INTO "goldensample_counterongolden" VALUES(983,78,1036);
INSERT INTO "goldensample_counterongolden" VALUES(984,78,1037);
INSERT INTO "goldensample_counterongolden" VALUES(985,77,1038);
INSERT INTO "goldensample_counterongolden" VALUES(986,214,1039);
INSERT INTO "goldensample_counterongolden" VALUES(987,223,1040);
INSERT INTO "goldensample_counterongolden" VALUES(988,192,1041);
INSERT INTO "goldensample_counterongolden" VALUES(989,190,1042);
INSERT INTO "goldensample_counterongolden" VALUES(990,82,1043);
INSERT INTO "goldensample_counterongolden" VALUES(991,79,1044);
INSERT INTO "goldensample_counterongolden" VALUES(994,188,1047);
INSERT INTO "goldensample_counterongolden" VALUES(995,191,1048);
INSERT INTO "goldensample_counterongolden" VALUES(996,190,1049);
INSERT INTO "goldensample_counterongolden" VALUES(997,191,1050);
INSERT INTO "goldensample_counterongolden" VALUES(998,191,1051);
INSERT INTO "goldensample_counterongolden" VALUES(999,189,1052);
INSERT INTO "goldensample_counterongolden" VALUES(1000,9,1053);
INSERT INTO "goldensample_counterongolden" VALUES(1001,9,1054);
INSERT INTO "goldensample_counterongolden" VALUES(1002,0,1055);
INSERT INTO "goldensample_counterongolden" VALUES(1003,0,1056);
INSERT INTO "goldensample_counterongolden" VALUES(1004,0,1057);
INSERT INTO "goldensample_counterongolden" VALUES(1005,0,1058);
INSERT INTO "goldensample_counterongolden" VALUES(1006,0,1059);
INSERT INTO "goldensample_counterongolden" VALUES(1007,0,1060);
INSERT INTO "goldensample_counterongolden" VALUES(1008,0,1061);
INSERT INTO "goldensample_counterongolden" VALUES(1009,0,1062);
INSERT INTO "goldensample_counterongolden" VALUES(1010,0,1063);
INSERT INTO "goldensample_counterongolden" VALUES(1011,0,1064);
INSERT INTO "goldensample_counterongolden" VALUES(1012,0,1065);
INSERT INTO "goldensample_counterongolden" VALUES(1013,0,1066);
INSERT INTO "goldensample_counterongolden" VALUES(1014,0,1067);
INSERT INTO "goldensample_counterongolden" VALUES(1015,0,1068);
INSERT INTO "goldensample_counterongolden" VALUES(1016,0,1069);
INSERT INTO "goldensample_counterongolden" VALUES(1017,0,1070);
INSERT INTO "goldensample_counterongolden" VALUES(1018,0,1071);
INSERT INTO "goldensample_counterongolden" VALUES(1019,0,1072);
INSERT INTO "goldensample_counterongolden" VALUES(1020,0,1073);
INSERT INTO "goldensample_counterongolden" VALUES(1021,0,1074);
INSERT INTO "goldensample_counterongolden" VALUES(1022,0,1075);
INSERT INTO "goldensample_counterongolden" VALUES(1023,0,1076);
INSERT INTO "goldensample_counterongolden" VALUES(1024,8,1077);
INSERT INTO "goldensample_counterongolden" VALUES(1025,8,1078);
INSERT INTO "goldensample_counterongolden" VALUES(1026,8,1079);
INSERT INTO "goldensample_counterongolden" VALUES(1027,8,1080);
INSERT INTO "goldensample_counterongolden" VALUES(1028,7,1081);
INSERT INTO "goldensample_counterongolden" VALUES(1029,0,1082);
INSERT INTO "goldensample_counterongolden" VALUES(1030,0,1083);
INSERT INTO "goldensample_counterongolden" VALUES(1031,0,1084);
INSERT INTO "goldensample_counterongolden" VALUES(1032,0,1085);
INSERT INTO "goldensample_counterongolden" VALUES(1033,0,1086);
INSERT INTO "goldensample_counterongolden" VALUES(1034,0,1087);
CREATE TABLE "goldensample_goldensample" ("id" integer NOT NULL PRIMARY KEY AUTOINCREMENT, "golden_code" varchar(255) NOT NULL, "expire_date" date NOT NULL, "type_golden" varchar(255) NOT NULL, "variant_id" bigint NOT NULL REFERENCES "goldensample_variantcode" ("id") DEFERRABLE INITIALLY DEFERRED);
INSERT INTO "goldensample_goldensample" VALUES(98,'33523029401H21417838','2026-05-07','good',38);
INSERT INTO "goldensample_goldensample" VALUES(100,'27723037301N21417024','2025-10-17','good',40);
INSERT INTO "goldensample_goldensample" VALUES(120,'03224035201H21417028','2026-05-07','calib',47);
INSERT INTO "goldensample_goldensample" VALUES(121,'03424001503J21419319','2026-03-03','calib',48);
INSERT INTO "goldensample_goldensample" VALUES(122,'03424001501J21419319','2026-03-03','calib',48);
INSERT INTO "goldensample_goldensample" VALUES(123,'03424001502J21419319','2026-03-03','calib',48);
INSERT INTO "goldensample_goldensample" VALUES(124,'03424001504J21419319','2026-03-03','calib',48);
INSERT INTO "goldensample_goldensample" VALUES(125,'10624012801I21422188','2026-04-28','calib',50);
INSERT INTO "goldensample_goldensample" VALUES(126,'10624012601I21422188','2026-04-28','good',50);
INSERT INTO "goldensample_goldensample" VALUES(127,'10624012602I21422188','2026-04-28','good',50);
INSERT INTO "goldensample_goldensample" VALUES(128,'10624012603I21422188','2026-04-28','good',50);
INSERT INTO "goldensample_goldensample" VALUES(129,'10624012604I21422188','2026-04-28','good',50);
INSERT INTO "goldensample_goldensample" VALUES(130,'10624012605I21422188','2026-04-28','good',50);
INSERT INTO "goldensample_goldensample" VALUES(131,'10624012606I21422188','2026-04-28','good',50);
INSERT INTO "goldensample_goldensample" VALUES(132,'10624012607I21422188','2026-04-28','good',50);
INSERT INTO "goldensample_goldensample" VALUES(133,'10624012608I21422188','2026-04-28','good',50);
INSERT INTO "goldensample_goldensample" VALUES(134,'10624013101I21422188','2026-04-28','bad',50);
INSERT INTO "goldensample_goldensample" VALUES(135,'10624013102I21422188','2026-04-28','bad',50);
INSERT INTO "goldensample_goldensample" VALUES(136,'10624013103I21422188','2026-04-28','bad',50);
INSERT INTO "goldensample_goldensample" VALUES(137,'10624013104I21422188','2026-04-28','bad',50);
INSERT INTO "goldensample_goldensample" VALUES(138,'10624013105I21422188','2026-04-28','bad',50);
INSERT INTO "goldensample_goldensample" VALUES(139,'10624013106I21422188','2026-04-28','bad',50);
INSERT INTO "goldensample_goldensample" VALUES(140,'10624013107I21422188','2026-04-28','bad',50);
INSERT INTO "goldensample_goldensample" VALUES(141,'10624013108I21422188','2026-04-28','bad',50);
INSERT INTO "goldensample_goldensample" VALUES(142,'34222007801D21417022','2026-05-07','calib',51);
INSERT INTO "goldensample_goldensample" VALUES(143,'23422023101D21417022','2026-05-07','good',51);
INSERT INTO "goldensample_goldensample" VALUES(144,'31621005001A21417022','2026-05-07','bad',51);
INSERT INTO "goldensample_goldensample" VALUES(145,'23422023102D21417022','2026-05-07','good',51);
INSERT INTO "goldensample_goldensample" VALUES(146,'31621002002A21417022','2026-05-07','bad',51);
INSERT INTO "goldensample_goldensample" VALUES(147,'07623053502H21417028','2026-05-09','calib',47);
INSERT INTO "goldensample_goldensample" VALUES(148,'13223010802H21417028','2026-05-09','good',47);
INSERT INTO "goldensample_goldensample" VALUES(149,'13223010803H21417028','2026-05-07','good',47);
INSERT INTO "goldensample_goldensample" VALUES(150,'28423010602L21419319','2025-11-06','good',48);
INSERT INTO "goldensample_goldensample" VALUES(151,'09022015401A21417028','2026-05-07','bad',47);
INSERT INTO "goldensample_goldensample" VALUES(152,'28423010604L21419319','2025-11-06','good',48);
INSERT INTO "goldensample_goldensample" VALUES(154,'23122003701D21417838','2026-05-07','calib',38);
INSERT INTO "goldensample_goldensample" VALUES(155,'11122004701H21417838','2026-05-07','bad',38);
INSERT INTO "goldensample_goldensample" VALUES(156,'28423005803L21419319','2025-11-06','bad',48);
INSERT INTO "goldensample_goldensample" VALUES(157,'28423005801L21419319','2025-11-06','bad',48);
INSERT INTO "goldensample_goldensample" VALUES(158,'28423005802L21419319','2025-11-06','bad',48);
INSERT INTO "goldensample_goldensample" VALUES(159,'28423005804L21419319','2025-11-06','bad',48);
INSERT INTO "goldensample_goldensample" VALUES(161,'03123019201D21417026','2026-05-12','calib',55);
INSERT INTO "goldensample_goldensample" VALUES(162,'31721010501A21417026','2026-05-12','good',55);
INSERT INTO "goldensample_goldensample" VALUES(163,'28521003901221417026','2026-05-12','bad',55);
INSERT INTO "goldensample_goldensample" VALUES(164,'31721009804A21417026','2026-05-12','good',55);
INSERT INTO "goldensample_goldensample" VALUES(165,'28521003904221417026','2026-05-12','bad',55);
INSERT INTO "goldensample_goldensample" VALUES(166,'22222006003D21417841','2026-05-12','calib',57);
INSERT INTO "goldensample_goldensample" VALUES(167,'06623000803H21417841','2026-05-12','good',57);
INSERT INTO "goldensample_goldensample" VALUES(168,'24222003101H21417841','2026-05-12','bad',57);
INSERT INTO "goldensample_goldensample" VALUES(172,'17824055602N21417022','2026-05-07','calib',51);
INSERT INTO "goldensample_goldensample" VALUES(183,'32122009201D21417024','2026-08-02','bad',40);
INSERT INTO "goldensample_goldensample" VALUES(184,'32122009401D21417024','2029-10-10','calib',40);
INSERT INTO "goldensample_goldensample" VALUES(185,'13022014102B21417024','2029-08-02','calib',40);
INSERT INTO "goldensample_goldensample" VALUES(186,'32122009402D21417024','2026-08-02','good',40);
INSERT INTO "goldensample_goldensample" VALUES(187,'32122008502D21417024','2026-08-02','bad',40);
INSERT INTO "goldensample_goldensample" VALUES(188,'21223015501H21417835','2025-09-20','calib',64);
INSERT INTO "goldensample_goldensample" VALUES(189,'31522001701H21417835','2025-08-02','good',64);
INSERT INTO "goldensample_goldensample" VALUES(190,'31522002601H21417835','2025-08-02','bad',64);
INSERT INTO "goldensample_goldensample" VALUES(191,'21223015502H21417835','2025-09-20','calib',64);
INSERT INTO "goldensample_goldensample" VALUES(192,'31522002602H21417835','2025-08-02','bad',64);
INSERT INTO "goldensample_goldensample" VALUES(193,'24323004801L21419321','2025-09-06','calib',66);
INSERT INTO "goldensample_goldensample" VALUES(194,'24323004803L21419321','2025-09-06','good',66);
INSERT INTO "goldensample_goldensample" VALUES(195,'24323005101L21419321','2025-09-06','bad',66);
INSERT INTO "goldensample_goldensample" VALUES(196,'24323004804L21419321','2025-09-06','calib',66);
INSERT INTO "goldensample_goldensample" VALUES(197,'24323005104L21419321','2025-09-06','bad',66);
INSERT INTO "goldensample_goldensample" VALUES(198,'17123001803L21419325','2025-09-06','calib',68);
INSERT INTO "goldensample_goldensample" VALUES(199,'17123001403L21419325','2025-09-06','good',68);
INSERT INTO "goldensample_goldensample" VALUES(200,'17123001801L21419325','2025-09-06','bad',68);
INSERT INTO "goldensample_goldensample" VALUES(201,'17223002204L21419326','2025-09-06','calib',69);
INSERT INTO "goldensample_goldensample" VALUES(202,'17223001206L21419326','2025-09-06','good',69);
INSERT INTO "goldensample_goldensample" VALUES(203,'17223001202L21419326','2025-09-06','bad',69);
INSERT INTO "goldensample_goldensample" VALUES(204,'28621002422D21416859','2025-09-06','bad',42);
INSERT INTO "goldensample_goldensample" VALUES(206,'10724000803I21422183','2025-06-10','calib',71);
INSERT INTO "goldensample_goldensample" VALUES(207,'10724002203I21422183','2026-07-04','good',71);
INSERT INTO "goldensample_goldensample" VALUES(208,'10724002205I21422183','2026-07-04','bad',71);
INSERT INTO "goldensample_goldensample" VALUES(209,'10724007204I21422183','2025-06-10','calib',71);
INSERT INTO "goldensample_goldensample" VALUES(210,'10724002204I21422183','2026-07-04','good',71);
INSERT INTO "goldensample_goldensample" VALUES(211,'10824000404I21422183','2026-07-04','bad',71);
INSERT INTO "goldensample_goldensample" VALUES(212,'24824005880120692184','2025-09-16','bad',74);
INSERT INTO "goldensample_goldensample" VALUES(216,'17224001201L21422704','2025-10-18','calib',77);
INSERT INTO "goldensample_goldensample" VALUES(217,'25724003103L21422704','2025-10-18','good',77);
INSERT INTO "goldensample_goldensample" VALUES(218,'25724002903L21422704','2025-10-18','bad',77);
INSERT INTO "goldensample_goldensample" VALUES(219,'17224000902L21422704','2025-10-18','calib',77);
INSERT INTO "goldensample_goldensample" VALUES(220,'25724002706L21422704','2025-10-18','good',77);
INSERT INTO "goldensample_goldensample" VALUES(221,'25724002602L21422704','2025-10-18','bad',77);
INSERT INTO "goldensample_goldensample" VALUES(223,'30224008804L21422715','2025-11-04','calib',79);
INSERT INTO "goldensample_goldensample" VALUES(224,'30224012604L21422715','2025-11-04','good',79);
INSERT INTO "goldensample_goldensample" VALUES(225,'30224004104L21422715','2025-11-04','bad',79);
INSERT INTO "goldensample_goldensample" VALUES(229,'18424001004N21422816','2025-10-21','calib',81);
INSERT INTO "goldensample_goldensample" VALUES(230,'26824000204N21422816','2025-10-21','good',81);
INSERT INTO "goldensample_goldensample" VALUES(231,'26824003304N21422816','2025-10-21','bad',81);
INSERT INTO "goldensample_goldensample" VALUES(232,'29524043403N21422689','2025-11-06','calib',82);
INSERT INTO "goldensample_goldensample" VALUES(233,'29524006901N21422689','2025-11-06','good',82);
INSERT INTO "goldensample_goldensample" VALUES(234,'29524012103N21422689','2025-11-06','bad',82);
INSERT INTO "goldensample_goldensample" VALUES(235,'29524043404N21422689','2025-11-06','calib',82);
INSERT INTO "goldensample_goldensample" VALUES(236,'29524024604N21422689','2025-11-06','good',82);
INSERT INTO "goldensample_goldensample" VALUES(237,'29524020304N21422689','2025-11-06','bad',82);
INSERT INTO "goldensample_goldensample" VALUES(238,'17724002104N21422720','2025-11-15','calib',84);
INSERT INTO "goldensample_goldensample" VALUES(239,'31724006504N21422720','2025-11-15','good',84);
INSERT INTO "goldensample_goldensample" VALUES(240,'31724051904N21422720','2025-11-15','bad',84);
INSERT INTO "goldensample_goldensample" VALUES(241,'17724002103N21422720','2025-11-15','calib',84);
INSERT INTO "goldensample_goldensample" VALUES(242,'31724051603N21422720','2025-11-15','good',84);
INSERT INTO "goldensample_goldensample" VALUES(243,'31724051601N21422720','2025-11-15','bad',84);
INSERT INTO "goldensample_goldensample" VALUES(244,'29824013401L21422686','2025-11-19','good',86);
INSERT INTO "goldensample_goldensample" VALUES(245,'29824013402L21422686','2025-11-19','bad',86);
INSERT INTO "goldensample_goldensample" VALUES(246,'18724000701L21422711','2025-11-20','calib',87);
INSERT INTO "goldensample_goldensample" VALUES(247,'30424015705L21422711','2025-11-20','good',87);
INSERT INTO "goldensample_goldensample" VALUES(248,'30424012003L21422711','2025-11-20','bad',87);
INSERT INTO "goldensample_goldensample" VALUES(249,'18724000702L21422711','2025-11-20','calib',87);
INSERT INTO "goldensample_goldensample" VALUES(250,'31224012106L21422711','2025-11-20','good',87);
INSERT INTO "goldensample_goldensample" VALUES(251,'31224028806L21422711','2025-11-20','bad',87);
INSERT INTO "goldensample_goldensample" VALUES(252,'20124000615L21422700','2025-11-20','calib',89);
INSERT INTO "goldensample_goldensample" VALUES(253,'20124000619L21422700','2025-11-20','good',89);
INSERT INTO "goldensample_goldensample" VALUES(254,'25424001905L21422700','2025-11-20','bad',89);
INSERT INTO "goldensample_goldensample" VALUES(255,'25424001910L21422700','2025-11-20','calib',90);
INSERT INTO "goldensample_goldensample" VALUES(256,'25424001930L21422700','2025-11-20','good',90);
INSERT INTO "goldensample_goldensample" VALUES(257,'17824000108L21422700','2025-11-20','bad',90);
INSERT INTO "goldensample_goldensample" VALUES(258,'18024000303L21422723','2025-11-21','calib',91);
INSERT INTO "goldensample_goldensample" VALUES(259,'18024000404L21422723','2025-11-21','good',91);
INSERT INTO "goldensample_goldensample" VALUES(261,'18024000107L21422723','2025-11-21','good',91);
INSERT INTO "goldensample_goldensample" VALUES(262,'18024000104L21422723','2025-11-21','bad',91);
INSERT INTO "goldensample_goldensample" VALUES(263,'18024001703L21422723','2025-11-21','bad',91);
INSERT INTO "goldensample_goldensample" VALUES(264,'31923490508A21415534','2025-11-26','good',93);
INSERT INTO "goldensample_goldensample" VALUES(265,'01725005402L21422715','2026-01-22','calib',79);
INSERT INTO "goldensample_goldensample" VALUES(266,'01725005302L21422715','2026-01-22','good',79);
INSERT INTO "goldensample_goldensample" VALUES(267,'01725005304L21422715','2026-01-22','bad',79);
INSERT INTO "goldensample_goldensample" VALUES(268,'35124000103L21419319','2026-01-24','good',48);
INSERT INTO "goldensample_goldensample" VALUES(269,'35124000101L21419319','2026-01-24','good',48);
INSERT INTO "goldensample_goldensample" VALUES(270,'34024054304L21422686','2025-12-18','calib',86);
INSERT INTO "goldensample_goldensample" VALUES(271,'03025008706L21422686','2026-01-31','good',86);
INSERT INTO "goldensample_goldensample" VALUES(272,'34024054303L21422686','2025-12-18','good',86);
INSERT INTO "goldensample_goldensample" VALUES(273,'34024054302L21422686','2025-12-18','bad',86);
INSERT INTO "goldensample_goldensample" VALUES(280,'07425002401L21419237','2026-03-17','calib',96);
INSERT INTO "goldensample_goldensample" VALUES(281,'07425002403L21419237','2026-03-17','good',96);
INSERT INTO "goldensample_goldensample" VALUES(282,'07425002405L21419237','2026-03-17','bad',96);
INSERT INTO "goldensample_goldensample" VALUES(283,'07425002406L21419237','2026-03-17','calib',96);
INSERT INTO "goldensample_goldensample" VALUES(284,'07425002404L21419237','2026-03-17','good',96);
INSERT INTO "goldensample_goldensample" VALUES(285,'07425002402L21419237','2026-03-17','bad',96);
INSERT INTO "goldensample_goldensample" VALUES(290,'08425029707N21422638','2026-04-08','calib',99);
INSERT INTO "goldensample_goldensample" VALUES(291,'08425029705N21422638','2026-04-08','calib',99);
INSERT INTO "goldensample_goldensample" VALUES(292,'08425029701N21422638','2026-04-08','calib',99);
INSERT INTO "goldensample_goldensample" VALUES(293,'08425029703N21422638','2026-04-08','calib',99);
INSERT INTO "goldensample_goldensample" VALUES(294,'08425029507N21422638','2026-04-08','good',99);
INSERT INTO "goldensample_goldensample" VALUES(295,'08425029505N21422638','2026-04-08','good',99);
INSERT INTO "goldensample_goldensample" VALUES(296,'08425029501N21422638','2026-04-08','good',99);
INSERT INTO "goldensample_goldensample" VALUES(297,'08425029503N21422638','2026-04-08','good',99);
INSERT INTO "goldensample_goldensample" VALUES(298,'08425017607N21422638','2026-04-15','bad',99);
INSERT INTO "goldensample_goldensample" VALUES(299,'08425017605N21422638','2026-04-15','bad',99);
INSERT INTO "goldensample_goldensample" VALUES(300,'08425017601N21422638','2026-04-15','bad',99);
INSERT INTO "goldensample_goldensample" VALUES(301,'08425017603N21422638','2026-04-15','bad',99);
INSERT INTO "goldensample_goldensample" VALUES(302,'08425026902N21422638','2026-04-08','calib',99);
INSERT INTO "goldensample_goldensample" VALUES(303,'08425026904N21422638','2026-04-08','calib',99);
INSERT INTO "goldensample_goldensample" VALUES(304,'08425026906N21422638','2026-04-08','calib',99);
INSERT INTO "goldensample_goldensample" VALUES(305,'08425026908N21422638','2026-04-08','calib',99);
INSERT INTO "goldensample_goldensample" VALUES(306,'08425026702N21422638','2026-04-08','good',99);
INSERT INTO "goldensample_goldensample" VALUES(307,'08425026704N21422638','2026-04-08','good',99);
INSERT INTO "goldensample_goldensample" VALUES(308,'08425026706N21422638','2026-04-08','good',99);
INSERT INTO "goldensample_goldensample" VALUES(309,'08425026708N21422638','2026-04-08','good',99);
INSERT INTO "goldensample_goldensample" VALUES(310,'06625000702N21422638','2026-04-15','bad',99);
INSERT INTO "goldensample_goldensample" VALUES(311,'06625000704N21422638','2026-04-15','bad',99);
INSERT INTO "goldensample_goldensample" VALUES(312,'06625000706N21422638','2026-04-15','bad',99);
INSERT INTO "goldensample_goldensample" VALUES(313,'06625000708N21422638','2026-04-15','bad',99);
INSERT INTO "goldensample_goldensample" VALUES(314,'07125000304N21422593','2026-04-11','good',101);
INSERT INTO "goldensample_goldensample" VALUES(315,'07125000307N21422593','2026-04-11','good',101);
INSERT INTO "goldensample_goldensample" VALUES(316,'07125000310N21422593','2026-04-11','bad',101);
INSERT INTO "goldensample_goldensample" VALUES(317,'07125000308N21422593','2026-04-11','bad',101);
INSERT INTO "goldensample_goldensample" VALUES(318,'07925007103121422595','2026-04-11','calib',102);
INSERT INTO "goldensample_goldensample" VALUES(319,'07925007104121422595','2026-04-11','good',102);
INSERT INTO "goldensample_goldensample" VALUES(320,'07925008304121422595','2026-04-14','bad',102);
INSERT INTO "goldensample_goldensample" VALUES(329,'08725001903121422633','2026-04-16','calib',105);
INSERT INTO "goldensample_goldensample" VALUES(330,'08725002205121422633','2026-04-16','good',105);
INSERT INTO "goldensample_goldensample" VALUES(331,'06325002705121422633','2026-04-16','bad',105);
INSERT INTO "goldensample_goldensample" VALUES(332,'08725004202121422633','2026-04-16','calib',105);
INSERT INTO "goldensample_goldensample" VALUES(333,'08725004404121422633','2026-04-16','good',105);
INSERT INTO "goldensample_goldensample" VALUES(334,'08725004204121422633','2026-04-16','bad',105);
INSERT INTO "goldensample_goldensample" VALUES(335,'10725000812N21422598','2026-04-25','good',107);
INSERT INTO "goldensample_goldensample" VALUES(336,'10725000808N21422598','2026-04-25','good',107);
INSERT INTO "goldensample_goldensample" VALUES(337,'10725000804N21422598','2026-04-25','good',107);
INSERT INTO "goldensample_goldensample" VALUES(338,'10725000801N21422598','2026-04-25','bad',107);
INSERT INTO "goldensample_goldensample" VALUES(339,'10725000809N21422598','2026-04-25','bad',107);
INSERT INTO "goldensample_goldensample" VALUES(340,'10725000805N21422598','2026-04-25','bad',107);
INSERT INTO "goldensample_goldensample" VALUES(341,'13525002941120692184','2026-05-21','calib',74);
INSERT INTO "goldensample_goldensample" VALUES(342,'09225003065120692184','2026-05-21','good',74);
INSERT INTO "goldensample_goldensample" VALUES(343,'09225003044120692184','2026-05-21','good',74);
INSERT INTO "goldensample_goldensample" VALUES(344,'14925061901N21417026','2026-05-29','calib',55);
INSERT INTO "goldensample_goldensample" VALUES(345,'31923490510A21415534','2025-11-26','calib',93);
INSERT INTO "goldensample_goldensample" VALUES(346,'27220966018B21415534','2025-09-06','bad',93);
INSERT INTO "goldensample_goldensample" VALUES(347,'17423056119B21415532','2025-09-06','calib',108);
INSERT INTO "goldensample_goldensample" VALUES(348,'27220966423B21415532','2025-09-06','good',108);
INSERT INTO "goldensample_goldensample" VALUES(349,'27220967215B21415532','2025-09-06','good',108);
INSERT INTO "goldensample_goldensample" VALUES(350,'27220966405B21415532','2025-09-06','bad',108);
INSERT INTO "goldensample_goldensample" VALUES(351,'24922000910D20692184','2026-05-12','bad',74);
INSERT INTO "goldensample_goldensample" VALUES(352,'33323011902H21417835','2025-11-06','good',64);
INSERT INTO "goldensample_goldensample" VALUES(355,'24323004802L21419321','2025-09-06','good',66);
INSERT INTO "goldensample_goldensample" VALUES(356,'34223002813I21419242','2026-04-11','calib',111);
INSERT INTO "goldensample_goldensample" VALUES(357,'01624024303I21416668','2026-01-22','calib',112);
INSERT INTO "goldensample_goldensample" VALUES(358,'01624024301I21416668','2026-01-22','good',112);
INSERT INTO "goldensample_goldensample" VALUES(359,'01624023903I21416668','2026-01-22','bad',112);
INSERT INTO "goldensample_goldensample" VALUES(360,'01624028002I21416668','2026-01-22','calib',112);
INSERT INTO "goldensample_goldensample" VALUES(361,'01624028304I21416668','2026-01-22','good',112);
INSERT INTO "goldensample_goldensample" VALUES(362,'01624027902I21416668','2026-01-22','bad',112);
INSERT INTO "goldensample_goldensample" VALUES(363,'28923018101H21419247','2026-03-03','good',114);
INSERT INTO "goldensample_goldensample" VALUES(375,'01824001402K21419247','2026-03-03','good',114);
INSERT INTO "goldensample_goldensample" VALUES(376,'06024001701I21419248','2026-03-03','calib',121);
INSERT INTO "goldensample_goldensample" VALUES(377,'06024001702I21419248','2026-03-03','calib',121);
INSERT INTO "goldensample_goldensample" VALUES(378,'06024005301I21419248','2026-03-03','good',121);
INSERT INTO "goldensample_goldensample" VALUES(379,'06024005302I21419248','2026-03-03','good',121);
INSERT INTO "goldensample_goldensample" VALUES(380,'06024002301I21419248','2026-03-03','bad',121);
INSERT INTO "goldensample_goldensample" VALUES(381,'06024002302I21419248','2026-03-03','bad',121);
INSERT INTO "goldensample_goldensample" VALUES(402,'23022922901D21412883','2026-03-26','calib',131);
INSERT INTO "goldensample_goldensample" VALUES(403,'23419289206221412883','2026-03-26','bad',131);
INSERT INTO "goldensample_goldensample" VALUES(404,'23419283701221412883','2026-03-26','bad',131);
INSERT INTO "goldensample_goldensample" VALUES(405,'23419283806221412883','2026-03-26','bad',131);
INSERT INTO "goldensample_goldensample" VALUES(406,'23419293001221412883','2026-03-26','bad',131);
INSERT INTO "goldensample_goldensample" VALUES(407,'18519262106221412886','2026-03-26','calib',132);
INSERT INTO "goldensample_goldensample" VALUES(408,'31022006106D21412886','2025-04-03','good',132);
INSERT INTO "goldensample_goldensample" VALUES(409,'31022020906D21412886','2025-04-03','good',132);
INSERT INTO "goldensample_goldensample" VALUES(410,'31022020901D21412886','2025-04-03','good',132);
INSERT INTO "goldensample_goldensample" VALUES(411,'31022020903D21412886','2025-04-03','good',132);
INSERT INTO "goldensample_goldensample" VALUES(412,'23419291705221412886','2026-03-26','bad',132);
INSERT INTO "goldensample_goldensample" VALUES(413,'23519311401221412886','2026-03-26','bad',132);
INSERT INTO "goldensample_goldensample" VALUES(414,'23419292001221412886','2026-03-26','bad',132);
INSERT INTO "goldensample_goldensample" VALUES(415,'23419291601221412886','2026-03-26','bad',132);
INSERT INTO "goldensample_goldensample" VALUES(428,'16622004513H21414539','2026-03-27','good',137);
INSERT INTO "goldensample_goldensample" VALUES(429,'10924012206H21414539','2026-03-27','good',137);
INSERT INTO "goldensample_goldensample" VALUES(430,'16622001921H21414539','2026-03-27','good',137);
INSERT INTO "goldensample_goldensample" VALUES(431,'16622004516H21414539','2026-03-27','good',137);
INSERT INTO "goldensample_goldensample" VALUES(432,'16822001815H21414539','2026-03-27','bad',137);
INSERT INTO "goldensample_goldensample" VALUES(433,'27622003216H21414542','2026-03-27','good',138);
INSERT INTO "goldensample_goldensample" VALUES(434,'27622003220H21414542','2026-03-27','good',138);
INSERT INTO "goldensample_goldensample" VALUES(435,'27622003221H21414542','2026-03-27','good',138);
INSERT INTO "goldensample_goldensample" VALUES(436,'27622003214H21414542','2026-03-27','good',138);
INSERT INTO "goldensample_goldensample" VALUES(442,'09723009001I21416670','2026-05-13','calib',142);
INSERT INTO "goldensample_goldensample" VALUES(443,'09723008603I21416670','2026-05-13','good',142);
INSERT INTO "goldensample_goldensample" VALUES(444,'09723008601I21416670','2026-05-13','good',142);
INSERT INTO "goldensample_goldensample" VALUES(445,'09723009101I21416670','2026-05-13','bad',142);
INSERT INTO "goldensample_goldensample" VALUES(446,'09723009003I21416670','2026-05-13','bad',142);
INSERT INTO "goldensample_goldensample" VALUES(447,'09723009002I21416670','2026-05-13','calib',142);
INSERT INTO "goldensample_goldensample" VALUES(448,'09723009102I21416670','2026-05-13','good',142);
INSERT INTO "goldensample_goldensample" VALUES(449,'09723008604I21416670','2026-05-13','good',142);
INSERT INTO "goldensample_goldensample" VALUES(450,'09723009004I21416670','2026-05-13','bad',142);
INSERT INTO "goldensample_goldensample" VALUES(451,'09723008602I21416670','2026-05-13','bad',142);
INSERT INTO "goldensample_goldensample" VALUES(465,'18724006510A21413778','2025-07-09','calib',147);
INSERT INTO "goldensample_goldensample" VALUES(466,'18724006514A21413778','2025-07-09','good',147);
INSERT INTO "goldensample_goldensample" VALUES(467,'18724006512A21413778','2025-07-09','good',147);
INSERT INTO "goldensample_goldensample" VALUES(468,'18724006513A21413778','2025-07-09','good',147);
INSERT INTO "goldensample_goldensample" VALUES(469,'24019011102A21413778','2025-07-09','bad',147);
INSERT INTO "goldensample_goldensample" VALUES(541,'11123003319I21419252','2026-05-26','good',175);
INSERT INTO "goldensample_goldensample" VALUES(542,'11123003311I21419252','2026-05-26','good',175);
INSERT INTO "goldensample_goldensample" VALUES(543,'11123003309I21419252','2026-05-26','good',175);
INSERT INTO "goldensample_goldensample" VALUES(544,'13619254503221412873','2025-08-27','calib',176);
INSERT INTO "goldensample_goldensample" VALUES(545,'13619254504221412873','2025-08-27','good',176);
INSERT INTO "goldensample_goldensample" VALUES(546,'17819257902221412873','2025-08-27','good',176);
INSERT INTO "goldensample_goldensample" VALUES(547,'13619254207221412873','2025-08-27','good',176);
INSERT INTO "goldensample_goldensample" VALUES(548,'13619254106221412873','2025-08-27','good',176);
INSERT INTO "goldensample_goldensample" VALUES(549,'28422653606D21412873','2025-08-27','bad',176);
INSERT INTO "goldensample_goldensample" VALUES(550,'28422653604D21412873','2025-08-27','bad',176);
INSERT INTO "goldensample_goldensample" VALUES(551,'28422653803D21412873','2025-08-27','bad',176);
INSERT INTO "goldensample_goldensample" VALUES(552,'28422653802D21412873','2025-08-27','bad',176);
INSERT INTO "goldensample_goldensample" VALUES(553,'27023000408N21412870','2025-08-27','calib',177);
INSERT INTO "goldensample_goldensample" VALUES(554,'25722515507D21412870','2025-08-27','bad',177);
INSERT INTO "goldensample_goldensample" VALUES(555,'09720588706221412870','2025-08-27','bad',177);
INSERT INTO "goldensample_goldensample" VALUES(556,'09720588701221412870','2025-08-27','bad',177);
INSERT INTO "goldensample_goldensample" VALUES(557,'25722515508D21412870','2025-08-27','bad',177);
INSERT INTO "goldensample_goldensample" VALUES(558,'13519252904221412870','2025-08-27','good',177);
INSERT INTO "goldensample_goldensample" VALUES(559,'25722515502D21412870','2025-08-27','good',177);
INSERT INTO "goldensample_goldensample" VALUES(560,'13519249602221412870','2025-08-27','good',177);
INSERT INTO "goldensample_goldensample" VALUES(561,'13519249604221412870','2025-08-27','good',177);
INSERT INTO "goldensample_goldensample" VALUES(571,'20421001504D21416654','2025-08-27','calib',180);
INSERT INTO "goldensample_goldensample" VALUES(572,'32621012502D21416654','2025-08-27','good',180);
INSERT INTO "goldensample_goldensample" VALUES(573,'34121009804D21416654','2025-08-27','bad',180);
INSERT INTO "goldensample_goldensample" VALUES(574,'20421000801D21416654','2025-08-27','calib',180);
INSERT INTO "goldensample_goldensample" VALUES(575,'32621001201D21416654','2025-08-27','good',180);
INSERT INTO "goldensample_goldensample" VALUES(576,'32621008801D21416654','2025-08-27','bad',180);
INSERT INTO "goldensample_goldensample" VALUES(577,'32621000203D21416656','2025-08-27','calib',181);
INSERT INTO "goldensample_goldensample" VALUES(578,'18122006603D21416656','2025-08-27','good',181);
INSERT INTO "goldensample_goldensample" VALUES(579,'32621000002D21416656','2025-08-27','calib',181);
INSERT INTO "goldensample_goldensample" VALUES(580,'18122006602D21416656','2025-08-27','good',181);
INSERT INTO "goldensample_goldensample" VALUES(581,'18122006604D21416656','2025-08-27','bad',181);
INSERT INTO "goldensample_goldensample" VALUES(582,'20421004102D21416658','2025-08-27','calib',183);
INSERT INTO "goldensample_goldensample" VALUES(583,'33621003707D21416658','2025-08-27','good',183);
INSERT INTO "goldensample_goldensample" VALUES(584,'33621004011D21416658','2025-08-27','bad',183);
INSERT INTO "goldensample_goldensample" VALUES(585,'20421004201D21416658','2025-08-27','calib',183);
INSERT INTO "goldensample_goldensample" VALUES(586,'33621003710D21416658','2025-08-27','good',183);
INSERT INTO "goldensample_goldensample" VALUES(587,'07923008510I21416658','2025-08-27','good',183);
INSERT INTO "goldensample_goldensample" VALUES(588,'33621001912D21416658','2025-08-27','bad',183);
INSERT INTO "goldensample_goldensample" VALUES(589,'14722020001D21417167','2025-08-27','calib',185);
INSERT INTO "goldensample_goldensample" VALUES(590,'19422008911D21417167','2025-08-27','good',185);
INSERT INTO "goldensample_goldensample" VALUES(591,'19422007703D21417167','2025-08-27','bad',185);
INSERT INTO "goldensample_goldensample" VALUES(592,'14722020004D21417167','2025-08-27','calib',185);
INSERT INTO "goldensample_goldensample" VALUES(593,'06823002404I21417167','2025-08-27','good',185);
INSERT INTO "goldensample_goldensample" VALUES(594,'19422007702D21417167','2025-08-27','bad',185);
INSERT INTO "goldensample_goldensample" VALUES(597,'20223006403L21421346','2025-08-27','good',187);
INSERT INTO "goldensample_goldensample" VALUES(598,'20223006402L21421346','2025-08-27','good',187);
INSERT INTO "goldensample_goldensample" VALUES(599,'20223006404L21421346','2025-08-27','bad',187);
INSERT INTO "goldensample_goldensample" VALUES(604,'03018002101120439256','2025-08-27','calib',189);
INSERT INTO "goldensample_goldensample" VALUES(605,'23418003002120439256','2025-08-27','good',189);
INSERT INTO "goldensample_goldensample" VALUES(606,'23418006802120439256','2025-08-27','good',189);
INSERT INTO "goldensample_goldensample" VALUES(607,'21118000201120439256','2025-08-27','bad',189);
INSERT INTO "goldensample_goldensample" VALUES(608,'01423016403D21412898','2025-08-28','calib',190);
INSERT INTO "goldensample_goldensample" VALUES(609,'11724031506N21412898','2025-08-28','good',190);
INSERT INTO "goldensample_goldensample" VALUES(610,'23220009603121412898','2025-08-28','good',190);
INSERT INTO "goldensample_goldensample" VALUES(611,'23220009904121412898','2025-08-28','good',190);
INSERT INTO "goldensample_goldensample" VALUES(612,'23220010104121412898','2025-08-28','good',190);
INSERT INTO "goldensample_goldensample" VALUES(614,'05623037305D21412902','2025-08-28','calib',192);
INSERT INTO "goldensample_goldensample" VALUES(615,'24620819205D21412902','2025-08-28','good',192);
INSERT INTO "goldensample_goldensample" VALUES(616,'24620820301D21412902','2025-08-28','good',192);
INSERT INTO "goldensample_goldensample" VALUES(617,'24620819106D21412902','2025-08-28','good',192);
INSERT INTO "goldensample_goldensample" VALUES(618,'24620820303D21412902','2025-08-28','good',192);
INSERT INTO "goldensample_goldensample" VALUES(619,'24620820304D21412902','2025-08-28','bad',192);
INSERT INTO "goldensample_goldensample" VALUES(620,'23319300308221412864','2025-08-28','bad',193);
INSERT INTO "goldensample_goldensample" VALUES(621,'23319300302221412864','2025-08-28','bad',193);
INSERT INTO "goldensample_goldensample" VALUES(622,'23319300303221412864','2025-08-28','bad',193);
INSERT INTO "goldensample_goldensample" VALUES(623,'23319300305221412864','2025-08-28','bad',193);
INSERT INTO "goldensample_goldensample" VALUES(624,'13519247603221412867','2025-08-28','calib',194);
INSERT INTO "goldensample_goldensample" VALUES(625,'13519248305221412867','2025-08-28','good',194);
INSERT INTO "goldensample_goldensample" VALUES(626,'17719250103221412867','2025-08-28','good',194);
INSERT INTO "goldensample_goldensample" VALUES(627,'13519247604221412867','2025-08-28','good',194);
INSERT INTO "goldensample_goldensample" VALUES(628,'13519247601221412867','2025-08-28','good',194);
INSERT INTO "goldensample_goldensample" VALUES(629,'11520304006221412867','2025-08-28','bad',194);
INSERT INTO "goldensample_goldensample" VALUES(630,'11520302803221412867','2025-08-28','bad',194);
INSERT INTO "goldensample_goldensample" VALUES(631,'11520300803221412867','2025-08-28','bad',194);
INSERT INTO "goldensample_goldensample" VALUES(632,'11520300801221412867','2025-08-28','bad',194);
INSERT INTO "goldensample_goldensample" VALUES(633,'20023037601H21421340','2025-08-28','calib',195);
INSERT INTO "goldensample_goldensample" VALUES(634,'20023037901H21421340','2025-08-28','good',195);
INSERT INTO "goldensample_goldensample" VALUES(635,'20023037402H21421340','2025-08-28','bad',195);
INSERT INTO "goldensample_goldensample" VALUES(636,'20123011402H21421343','2025-08-28','calib',196);
INSERT INTO "goldensample_goldensample" VALUES(637,'20123011301H21421343','2025-08-28','good',196);
INSERT INTO "goldensample_goldensample" VALUES(638,'20123011302H21421343','2025-08-28','bad',196);
INSERT INTO "goldensample_goldensample" VALUES(639,'31321466903B20439266','2025-08-28','calib',197);
INSERT INTO "goldensample_goldensample" VALUES(640,'31321465802B20439266','2025-08-28','good',197);
INSERT INTO "goldensample_goldensample" VALUES(641,'31321465803B20439266','2025-08-28','good',197);
INSERT INTO "goldensample_goldensample" VALUES(642,'23518003603120439266','2025-08-28','bad',197);
INSERT INTO "goldensample_goldensample" VALUES(643,'01623050704A21410485','2025-08-29','calib',198);
INSERT INTO "goldensample_goldensample" VALUES(644,'01623050705A21410485','2025-08-29','good',198);
INSERT INTO "goldensample_goldensample" VALUES(645,'01623050703A21410485','2025-08-29','good',198);
INSERT INTO "goldensample_goldensample" VALUES(646,'01623050706A21410485','2025-08-29','good',198);
INSERT INTO "goldensample_goldensample" VALUES(647,'01623050702A21410485','2025-08-29','good',198);
INSERT INTO "goldensample_goldensample" VALUES(648,'24618031404121410485','2025-08-29','bad',198);
INSERT INTO "goldensample_goldensample" VALUES(649,'24618031405121410485','2025-08-29','bad',198);
INSERT INTO "goldensample_goldensample" VALUES(650,'27018041506121410485','2025-08-29','bad',198);
INSERT INTO "goldensample_goldensample" VALUES(651,'24118036901121410485','2025-08-29','bad',198);
INSERT INTO "goldensample_goldensample" VALUES(659,'13023008805A21410665','2025-08-29','calib',200);
INSERT INTO "goldensample_goldensample" VALUES(660,'13023008601A21410660','2025-08-29','calib',201);
INSERT INTO "goldensample_goldensample" VALUES(661,'13023008706A21410660','2025-08-29','good',201);
INSERT INTO "goldensample_goldensample" VALUES(662,'13023008703A21410660','2025-08-29','good',201);
INSERT INTO "goldensample_goldensample" VALUES(663,'13023008801A21410660','2025-08-29','good',201);
INSERT INTO "goldensample_goldensample" VALUES(664,'13023008802A21410660','2025-08-29','good',201);
INSERT INTO "goldensample_goldensample" VALUES(665,'13023008705A21410660','2025-08-29','bad',201);
INSERT INTO "goldensample_goldensample" VALUES(666,'13023008804A21410660','2025-08-29','bad',201);
INSERT INTO "goldensample_goldensample" VALUES(667,'13023008603A21410660','2025-08-29','bad',201);
INSERT INTO "goldensample_goldensample" VALUES(668,'13023008806A21410660','2025-08-29','bad',201);
INSERT INTO "goldensample_goldensample" VALUES(669,'14323407003A21410233','2025-08-29','calib',202);
INSERT INTO "goldensample_goldensample" VALUES(670,'14323407209A21410233','2025-08-29','good',202);
INSERT INTO "goldensample_goldensample" VALUES(671,'14323407114A21410233','2025-08-29','good',202);
INSERT INTO "goldensample_goldensample" VALUES(672,'14323407106A21410233','2025-08-29','good',202);
INSERT INTO "goldensample_goldensample" VALUES(673,'14323407110A21410233','2025-08-29','good',202);
INSERT INTO "goldensample_goldensample" VALUES(674,'14323407012A21410233','2025-08-29','bad',202);
INSERT INTO "goldensample_goldensample" VALUES(675,'14323407014A21410233','2025-08-29','bad',202);
INSERT INTO "goldensample_goldensample" VALUES(676,'14323407011A21410233','2025-08-29','bad',202);
INSERT INTO "goldensample_goldensample" VALUES(677,'14323407006A21410233','2025-08-29','bad',202);
INSERT INTO "goldensample_goldensample" VALUES(678,'19918004803121410234','2025-08-29','calib',203);
INSERT INTO "goldensample_goldensample" VALUES(679,'03421546802A21410235','2025-08-29','calib',204);
INSERT INTO "goldensample_goldensample" VALUES(680,'12619159602221410235','2025-08-29','good',204);
INSERT INTO "goldensample_goldensample" VALUES(681,'12019128410221410235','2025-08-29','good',204);
INSERT INTO "goldensample_goldensample" VALUES(682,'12019128411221410235','2025-08-29','good',204);
INSERT INTO "goldensample_goldensample" VALUES(683,'12019128414221410235','2025-08-29','good',204);
INSERT INTO "goldensample_goldensample" VALUES(684,'27218016711121410235','2025-08-29','bad',204);
INSERT INTO "goldensample_goldensample" VALUES(685,'25418005703121410235','2025-08-29','bad',204);
INSERT INTO "goldensample_goldensample" VALUES(686,'27218016710121410235','2025-08-29','bad',204);
INSERT INTO "goldensample_goldensample" VALUES(687,'27218016709121410235','2025-08-29','bad',204);
INSERT INTO "goldensample_goldensample" VALUES(688,'10021538902D21410236','2025-08-29','calib',205);
INSERT INTO "goldensample_goldensample" VALUES(689,'27018008006121410236','2025-08-29','good',205);
INSERT INTO "goldensample_goldensample" VALUES(690,'19818005112121410236','2025-08-29','good',205);
INSERT INTO "goldensample_goldensample" VALUES(691,'01921028915A21410236','2025-08-29','good',205);
INSERT INTO "goldensample_goldensample" VALUES(692,'19818005414121410236','2025-08-29','good',205);
INSERT INTO "goldensample_goldensample" VALUES(693,'27218008516121410236','2025-08-29','bad',205);
INSERT INTO "goldensample_goldensample" VALUES(694,'14418003011121410236','2025-08-29','bad',205);
INSERT INTO "goldensample_goldensample" VALUES(695,'27218008316121410236','2025-08-29','bad',205);
INSERT INTO "goldensample_goldensample" VALUES(696,'27218008312121410236','2025-08-29','bad',205);
INSERT INTO "goldensample_goldensample" VALUES(697,'10421684314D21410231','2025-08-29','calib',206);
INSERT INTO "goldensample_goldensample" VALUES(698,'27118030707121410231','2025-08-29','good',206);
INSERT INTO "goldensample_goldensample" VALUES(699,'27118030708121410231','2025-08-29','good',206);
INSERT INTO "goldensample_goldensample" VALUES(700,'27118030705121410231','2025-08-29','good',206);
INSERT INTO "goldensample_goldensample" VALUES(701,'06023089910A21410231','2025-08-29','good',206);
INSERT INTO "goldensample_goldensample" VALUES(702,'27118031112121410231','2025-08-29','bad',206);
INSERT INTO "goldensample_goldensample" VALUES(703,'27118031010121410231','2025-08-29','bad',206);
INSERT INTO "goldensample_goldensample" VALUES(704,'27118031015121410231','2025-08-29','bad',206);
INSERT INTO "goldensample_goldensample" VALUES(705,'27118031116121410231','2025-08-29','bad',206);
INSERT INTO "goldensample_goldensample" VALUES(706,'17923002112A21410232','2025-08-29','calib',207);
INSERT INTO "goldensample_goldensample" VALUES(707,'27218008707121410232','2025-08-29','good',207);
INSERT INTO "goldensample_goldensample" VALUES(708,'27218008704121410232','2025-08-29','good',207);
INSERT INTO "goldensample_goldensample" VALUES(709,'27218008705121410232','2025-08-29','good',207);
INSERT INTO "goldensample_goldensample" VALUES(710,'27218009410121410232','2025-08-29','bad',207);
INSERT INTO "goldensample_goldensample" VALUES(711,'27218008713121410232','2025-08-29','bad',207);
INSERT INTO "goldensample_goldensample" VALUES(712,'27218009406121410232','2025-08-29','bad',207);
INSERT INTO "goldensample_goldensample" VALUES(713,'13223000604A20439460','2025-08-29','calib',208);
INSERT INTO "goldensample_goldensample" VALUES(714,'20623000103A20439460','2025-09-16','good',208);
INSERT INTO "goldensample_goldensample" VALUES(715,'05523014803A20439460','2025-09-16','good',208);
INSERT INTO "goldensample_goldensample" VALUES(716,'24418851205120439460','2025-08-29','bad',208);
INSERT INTO "goldensample_goldensample" VALUES(717,'24418851004120439460','2025-08-29','bad',208);
INSERT INTO "goldensample_goldensample" VALUES(718,'24418855709120439460','2025-08-29','bad',208);
INSERT INTO "goldensample_goldensample" VALUES(719,'24418851307120439460','2025-08-29','bad',208);
INSERT INTO "goldensample_goldensample" VALUES(720,'23618024205120439462','2025-08-29','calib',209);
INSERT INTO "goldensample_goldensample" VALUES(721,'17118609704120439462','2025-08-29','good',209);
INSERT INTO "goldensample_goldensample" VALUES(722,'17118621502120439462','2025-08-29','good',209);
INSERT INTO "goldensample_goldensample" VALUES(723,'15218433301120439462','2025-08-29','good',209);
INSERT INTO "goldensample_goldensample" VALUES(724,'23618025506120439462','2025-08-29','bad',209);
INSERT INTO "goldensample_goldensample" VALUES(725,'23018983905120439462','2025-08-29','bad',209);
INSERT INTO "goldensample_goldensample" VALUES(726,'15218433204120439462','2025-08-29','bad',209);
INSERT INTO "goldensample_goldensample" VALUES(727,'23618027803120439462','2025-08-29','bad',209);
INSERT INTO "goldensample_goldensample" VALUES(728,'24924001903N21412864','2025-09-06','calib',193);
INSERT INTO "goldensample_goldensample" VALUES(729,'24924002002N21412864','2025-09-06','good',193);
INSERT INTO "goldensample_goldensample" VALUES(730,'24924002008N21412864','2025-09-06','good',193);
INSERT INTO "goldensample_goldensample" VALUES(731,'24924002001N21412864','2025-09-06','good',193);
INSERT INTO "goldensample_goldensample" VALUES(746,'18619270102221412877','2025-09-06','calib',212);
INSERT INTO "goldensample_goldensample" VALUES(747,'18619270107221412877','2025-09-06','good',212);
INSERT INTO "goldensample_goldensample" VALUES(748,'18619270110221412877','2025-09-06','good',212);
INSERT INTO "goldensample_goldensample" VALUES(749,'18619270118221412877','2025-09-06','good',212);
INSERT INTO "goldensample_goldensample" VALUES(750,'07124006008N21412877','2025-09-06','good',212);
INSERT INTO "goldensample_goldensample" VALUES(751,'10020443704221412877','2025-09-06','bad',212);
INSERT INTO "goldensample_goldensample" VALUES(752,'10020442917221412877','2025-09-06','bad',212);
INSERT INTO "goldensample_goldensample" VALUES(753,'10020443118221412877','2025-09-06','bad',212);
INSERT INTO "goldensample_goldensample" VALUES(754,'10020443115221412877','2025-09-06','bad',212);
INSERT INTO "goldensample_goldensample" VALUES(757,'23220713706B20439268','2025-09-09','good',215);
INSERT INTO "goldensample_goldensample" VALUES(758,'23418002303120439268','2025-09-09','bad',215);
INSERT INTO "goldensample_goldensample" VALUES(759,'21118004201120439274','2025-09-09','good',216);
INSERT INTO "goldensample_goldensample" VALUES(760,'21118004303120439274','2025-09-09','good',216);
INSERT INTO "goldensample_goldensample" VALUES(761,'21118004006120439274','2025-09-09','bad',216);
INSERT INTO "goldensample_goldensample" VALUES(762,'01720515506B20439272','2025-09-09','calib',217);
INSERT INTO "goldensample_goldensample" VALUES(763,'04220516303B20439272','2025-09-09','good',217);
INSERT INTO "goldensample_goldensample" VALUES(764,'23518000706120439272','2025-09-09','bad',217);
INSERT INTO "goldensample_goldensample" VALUES(765,'19919446703220439270','2025-09-09','calib',218);
INSERT INTO "goldensample_goldensample" VALUES(766,'19919447003220439270','2025-09-09','good',218);
INSERT INTO "goldensample_goldensample" VALUES(767,'03520831905B20439270','2025-09-09','good',218);
INSERT INTO "goldensample_goldensample" VALUES(768,'19919446704220439270','2025-09-09','bad',218);
INSERT INTO "goldensample_goldensample" VALUES(769,'19919446706220439270','2025-09-09','bad',218);
INSERT INTO "goldensample_goldensample" VALUES(770,'15619004104120439262','2025-09-09','calib',219);
INSERT INTO "goldensample_goldensample" VALUES(771,'15619004101120439262','2025-09-09','good',219);
INSERT INTO "goldensample_goldensample" VALUES(772,'15619006501120439262','2025-09-09','bad',220);
INSERT INTO "goldensample_goldensample" VALUES(773,'18820833004B20439258','2025-09-09','calib',221);
INSERT INTO "goldensample_goldensample" VALUES(774,'23518001001120439258','2025-09-09','good',221);
INSERT INTO "goldensample_goldensample" VALUES(775,'23518001104120439258','2025-09-09','good',221);
INSERT INTO "goldensample_goldensample" VALUES(776,'23518002101120439258','2025-09-09','bad',221);
INSERT INTO "goldensample_goldensample" VALUES(777,'12818002103120439260','2025-09-09','calib',222);
INSERT INTO "goldensample_goldensample" VALUES(778,'21218000304120439260','2025-09-09','good',222);
INSERT INTO "goldensample_goldensample" VALUES(779,'23418000701120439260','2025-09-09','good',222);
INSERT INTO "goldensample_goldensample" VALUES(780,'25319554004220439260','2025-09-09','bad',222);
INSERT INTO "goldensample_goldensample" VALUES(781,'23418002003120439260','2025-09-09','bad',222);
INSERT INTO "goldensample_goldensample" VALUES(782,'23518000302120439264','2025-09-09','good',223);
INSERT INTO "goldensample_goldensample" VALUES(783,'23518001103120439264','2025-09-09','good',223);
INSERT INTO "goldensample_goldensample" VALUES(784,'23518000901120439264','2025-09-09','bad',223);
INSERT INTO "goldensample_goldensample" VALUES(785,'17823013613I21416652','2025-09-09','calib',224);
INSERT INTO "goldensample_goldensample" VALUES(786,'18424003209I21416652','2025-09-09','good',224);
INSERT INTO "goldensample_goldensample" VALUES(787,'02422004407D21416652','2025-09-09','bad',224);
INSERT INTO "goldensample_goldensample" VALUES(788,'20823011102I21416652','2025-09-09','calib',225);
INSERT INTO "goldensample_goldensample" VALUES(789,'02624000210I21416652','2025-09-09','good',225);
INSERT INTO "goldensample_goldensample" VALUES(790,'02422001502D21416652','2025-09-09','bad',225);
INSERT INTO "goldensample_goldensample" VALUES(791,'32324015401H21419246','2025-12-18','calib',242);
INSERT INTO "goldensample_goldensample" VALUES(792,'32324015402H21419246','2025-12-18','calib',242);
INSERT INTO "goldensample_goldensample" VALUES(795,'25324002324H21419252','2026-05-26','good',175);
INSERT INTO "goldensample_goldensample" VALUES(800,'18122006601D21416656','2025-08-27','bad',181);
INSERT INTO "goldensample_goldensample" VALUES(811,'31023007103h21414542','2026-03-27','calib',138);
INSERT INTO "goldensample_goldensample" VALUES(821,'31724043001A21413770','2025-11-21','calib',232);
INSERT INTO "goldensample_goldensample" VALUES(824,'06425007302N21412883','2026-03-19','good',131);
INSERT INTO "goldensample_goldensample" VALUES(825,'06425007502N21412883','2026-03-19','good',131);
INSERT INTO "goldensample_goldensample" VALUES(826,'06425007404N21412883','2026-03-19','good',131);
INSERT INTO "goldensample_goldensample" VALUES(827,'06425007504N21412883','2026-03-19','good',131);
INSERT INTO "goldensample_goldensample" VALUES(828,'01723075602B20439276','2026-03-26','calib',233);
INSERT INTO "goldensample_goldensample" VALUES(829,'23518005401120439276','2026-03-26','bad',233);
INSERT INTO "goldensample_goldensample" VALUES(830,'05923048002B20439276','2026-03-26','good',233);
INSERT INTO "goldensample_goldensample" VALUES(831,'05923047901B20439276','2026-03-26','good',233);
INSERT INTO "goldensample_goldensample" VALUES(832,'08625007720H21414539','2026-04-01','calib',137);
INSERT INTO "goldensample_goldensample" VALUES(834,'30422001313I21419252','2026-05-26','calib',175);
INSERT INTO "goldensample_goldensample" VALUES(835,'30422000602I21419252','2026-05-26','calib',175);
INSERT INTO "goldensample_goldensample" VALUES(836,'14225018314H21414542','2026-05-26','bad',138);
INSERT INTO "goldensample_goldensample" VALUES(838,'32123002502K21419246','2026-04-14','good',242);
INSERT INTO "goldensample_goldensample" VALUES(839,'30522001417H21419244','2026-03-27','calib',236);
INSERT INTO "goldensample_goldensample" VALUES(842,'30522001418H21419244','2026-03-27','bad',236);
INSERT INTO "goldensample_goldensample" VALUES(843,'30522001419H21419244','2026-03-27','calib',236);
INSERT INTO "goldensample_goldensample" VALUES(844,'30522001415H21419244','2026-03-27','good',236);
INSERT INTO "goldensample_goldensample" VALUES(845,'30522001420H21419244','2026-03-27','good',236);
INSERT INTO "goldensample_goldensample" VALUES(846,'30522001413H21419244','2026-03-27','bad',236);
INSERT INTO "goldensample_goldensample" VALUES(847,'30622000002H21419250','2026-03-27','calib',237);
INSERT INTO "goldensample_goldensample" VALUES(848,'06223005806H21419250','2026-03-27','good',237);
INSERT INTO "goldensample_goldensample" VALUES(849,'30622002202H21419250','2026-03-27','bad',237);
INSERT INTO "goldensample_goldensample" VALUES(850,'30622000005H21419250','2026-03-27','calib',237);
INSERT INTO "goldensample_goldensample" VALUES(851,'30622000003H21419250','2026-03-27','good',237);
INSERT INTO "goldensample_goldensample" VALUES(852,'30622002507H21419250','2026-03-27','bad',237);
INSERT INTO "goldensample_goldensample" VALUES(855,'27822000517121419242','2026-04-11','good',111);
INSERT INTO "goldensample_goldensample" VALUES(856,'27822000515121419242','2026-04-11','good',111);
INSERT INTO "goldensample_goldensample" VALUES(857,'20222000607H21419252','2026-05-26','bad',175);
INSERT INTO "goldensample_goldensample" VALUES(858,'11123003320I21419252','2026-05-26','good',175);
INSERT INTO "goldensample_goldensample" VALUES(859,'11123003310I21419252','2026-05-26','good',175);
INSERT INTO "goldensample_goldensample" VALUES(860,'20222000708H21419252','2026-05-26','bad',175);
INSERT INTO "goldensample_goldensample" VALUES(861,'24724014501I21419245','2025-10-11','calib',240);
INSERT INTO "goldensample_goldensample" VALUES(862,'24724012002I21419245','2025-10-11','good',240);
INSERT INTO "goldensample_goldensample" VALUES(863,'24724013102I21419245','2025-10-11','bad',240);
INSERT INTO "goldensample_goldensample" VALUES(864,'24724014502I21419245','2025-10-11','calib',240);
INSERT INTO "goldensample_goldensample" VALUES(865,'24724012001I21419245','2025-10-11','good',240);
INSERT INTO "goldensample_goldensample" VALUES(866,'24724013101I21419245','2025-10-11','bad',240);
INSERT INTO "goldensample_goldensample" VALUES(867,'14423021201K21419247','2025-08-02','calib',114);
INSERT INTO "goldensample_goldensample" VALUES(868,'30822004603H21419247','2026-03-03','bad',114);
INSERT INTO "goldensample_goldensample" VALUES(869,'14423021202K21419247','2025-08-02','calib',114);
INSERT INTO "goldensample_goldensample" VALUES(870,'30822003504H21419247','2026-03-03','bad',114);
INSERT INTO "goldensample_goldensample" VALUES(871,'25623022201K21419246','2026-04-14','good',242);
INSERT INTO "goldensample_goldensample" VALUES(872,'30922006003H21419246','2026-04-14','bad',242);
INSERT INTO "goldensample_goldensample" VALUES(873,'30922010504H21419246','2026-04-14','bad',242);
INSERT INTO "goldensample_goldensample" VALUES(875,'17123001804L21419325','2025-09-06','calib',68);
INSERT INTO "goldensample_goldensample" VALUES(876,'17123001706L21419325','2025-09-06','good',68);
INSERT INTO "goldensample_goldensample" VALUES(877,'17123001702L21419325','2025-09-06','bad',68);
INSERT INTO "goldensample_goldensample" VALUES(878,'17223002203L21419326','2025-09-06','calib',69);
INSERT INTO "goldensample_goldensample" VALUES(879,'17223001205L21419326','2025-09-06','good',69);
INSERT INTO "goldensample_goldensample" VALUES(880,'17223001201L21419326','2025-09-06','bad',69);
INSERT INTO "goldensample_goldensample" VALUES(887,'01322007217D21416859','2025-09-06','bad',42);
INSERT INTO "goldensample_goldensample" VALUES(888,'14523000520D21416859','2025-09-06','bad',42);
INSERT INTO "goldensample_goldensample" VALUES(889,'04525006303N21416859','2026-03-05','good',42);
INSERT INTO "goldensample_goldensample" VALUES(890,'04525006317N21416859','2026-03-05','calib',42);
INSERT INTO "goldensample_goldensample" VALUES(891,'04525006301N21416859','2026-03-05','calib',42);
INSERT INTO "goldensample_goldensample" VALUES(892,'04525006304N21416859','2026-03-05','good',42);
INSERT INTO "goldensample_goldensample" VALUES(893,'04525006318N21416859','2026-03-05','good',42);
INSERT INTO "goldensample_goldensample" VALUES(894,'04525006316N21416859','2026-03-05','good',42);
INSERT INTO "goldensample_goldensample" VALUES(895,'04525006315N21416859','2026-03-05','good',42);
INSERT INTO "goldensample_goldensample" VALUES(896,'04525006314N21416859','2026-03-05','calib',42);
INSERT INTO "goldensample_goldensample" VALUES(897,'04525006320N21416859','2026-03-05','good',42);
INSERT INTO "goldensample_goldensample" VALUES(898,'04525006319N21416859','2026-03-05','good',42);
INSERT INTO "goldensample_goldensample" VALUES(899,'04525006302N21416859','2026-03-05','good',42);
INSERT INTO "goldensample_goldensample" VALUES(900,'14523000504D21416859','2025-09-06','bad',42);
INSERT INTO "goldensample_goldensample" VALUES(901,'29321000521D21416859','2025-09-06','bad',42);
INSERT INTO "goldensample_goldensample" VALUES(902,'28621004572D21416859','2025-09-06','bad',42);
INSERT INTO "goldensample_goldensample" VALUES(903,'04525006313N21416859','2026-03-05','calib',42);
INSERT INTO "goldensample_goldensample" VALUES(905,'29822011401D21417022','2026-07-05','good',51);
INSERT INTO "goldensample_goldensample" VALUES(906,'14523000514D21416859','2025-09-06','bad',42);
INSERT INTO "goldensample_goldensample" VALUES(907,'09022002102A21417028','2026-05-07','bad',47);
INSERT INTO "goldensample_goldensample" VALUES(908,'01725005301L21422715','2026-01-22','good',79);
INSERT INTO "goldensample_goldensample" VALUES(909,'01725005403L21422715','2026-01-22','calib',79);
INSERT INTO "goldensample_goldensample" VALUES(910,'01725005303L21422715','2026-01-22','bad',79);
INSERT INTO "goldensample_goldensample" VALUES(911,'26824000703N21422816','2025-10-21','good',81);
INSERT INTO "goldensample_goldensample" VALUES(912,'26824002301N21422816','2025-10-21','bad',81);
INSERT INTO "goldensample_goldensample" VALUES(913,'18424003101N21422816','2025-10-21','calib',81);
INSERT INTO "goldensample_goldensample" VALUES(914,'06923003822H21414539','2026-03-27','calib',137);
INSERT INTO "goldensample_goldensample" VALUES(915,'06923003823H21414539','2026-03-27','calib',137);
INSERT INTO "goldensample_goldensample" VALUES(916,'07522898607D21416532','2026-04-01','good',244);
INSERT INTO "goldensample_goldensample" VALUES(917,'07522898606D21416532','2026-04-01','good',244);
INSERT INTO "goldensample_goldensample" VALUES(918,'27121892512D21416532','2026-04-01','bad',244);
INSERT INTO "goldensample_goldensample" VALUES(919,'27121891101D21416532','2026-04-01','bad',244);
INSERT INTO "goldensample_goldensample" VALUES(920,'24224005002I21416532','2025-09-06','calib',244);
INSERT INTO "goldensample_goldensample" VALUES(921,'06221884601D21416532','2025-09-06','calib',244);
INSERT INTO "goldensample_goldensample" VALUES(922,'07522956704D21416535','2026-04-01','calib',245);
INSERT INTO "goldensample_goldensample" VALUES(923,'07522956703D21416535','2026-04-01','calib',245);
INSERT INTO "goldensample_goldensample" VALUES(924,'29321908001D21416535','2026-04-01','good',245);
INSERT INTO "goldensample_goldensample" VALUES(925,'29321914904D21416535','2026-04-01','good',245);
INSERT INTO "goldensample_goldensample" VALUES(926,'29321906204D21416535','2026-04-01','bad',245);
INSERT INTO "goldensample_goldensample" VALUES(927,'29321915401D21416535','2026-04-01','bad',245);
INSERT INTO "goldensample_goldensample" VALUES(928,'28821608203D21416533','2026-04-01','bad',246);
INSERT INTO "goldensample_goldensample" VALUES(929,'28821608202D21416533','2026-04-01','bad',246);
INSERT INTO "goldensample_goldensample" VALUES(930,'28821611003D21416533','2026-04-01','good',246);
INSERT INTO "goldensample_goldensample" VALUES(931,'28821608702D21416533','2026-04-01','good',246);
INSERT INTO "goldensample_goldensample" VALUES(932,'06122009403D21416533','2026-04-01','calib',246);
INSERT INTO "goldensample_goldensample" VALUES(933,'06122009404D21416533','2026-04-01','calib',246);
INSERT INTO "goldensample_goldensample" VALUES(934,'17824009502I21416540','2026-06-02','calib',247);
INSERT INTO "goldensample_goldensample" VALUES(935,'24624015802I21416540','2026-06-02','good',247);
INSERT INTO "goldensample_goldensample" VALUES(936,'31021010102D21416540','2026-06-02','bad',247);
INSERT INTO "goldensample_goldensample" VALUES(937,'17824009501I21416540','2026-06-02','good',247);
INSERT INTO "goldensample_goldensample" VALUES(938,'24624017501I21416540','2026-06-02','calib',247);
INSERT INTO "goldensample_goldensample" VALUES(939,'31321000901D21416540','2026-06-02','bad',247);
INSERT INTO "goldensample_goldensample" VALUES(940,'30721013803D21416538','2026-04-01','good',248);
INSERT INTO "goldensample_goldensample" VALUES(941,'30721013804D21416538','2026-04-01','good',248);
INSERT INTO "goldensample_goldensample" VALUES(942,'30721001802D21416538','2026-04-01','bad',248);
INSERT INTO "goldensample_goldensample" VALUES(943,'30721001801D21416538','2026-04-01','bad',248);
INSERT INTO "goldensample_goldensample" VALUES(944,'06122005301D21416538','2026-04-01','calib',248);
INSERT INTO "goldensample_goldensample" VALUES(945,'06122005304D21416538','2026-04-01','calib',248);
INSERT INTO "goldensample_goldensample" VALUES(946,'24222040804I21416536','2026-04-01','calib',249);
INSERT INTO "goldensample_goldensample" VALUES(947,'15823022803I21416536','2026-04-01','calib',249);
INSERT INTO "goldensample_goldensample" VALUES(948,'36221004603D21416536','2026-04-01','good',249);
INSERT INTO "goldensample_goldensample" VALUES(949,'27821000202D21416536','2026-04-01','good',249);
INSERT INTO "goldensample_goldensample" VALUES(950,'36221004703D21416536','2026-04-01','bad',249);
INSERT INTO "goldensample_goldensample" VALUES(951,'36221002902D21416536','2026-04-01','bad',249);
INSERT INTO "goldensample_goldensample" VALUES(952,'03624006603I21416542','2026-01-22','calib',250);
INSERT INTO "goldensample_goldensample" VALUES(953,'03624016704I21416542','2026-01-22','good',250);
INSERT INTO "goldensample_goldensample" VALUES(954,'03624006601I21416542','2026-01-22','bad',250);
INSERT INTO "goldensample_goldensample" VALUES(955,'03624006704I21416542','2026-01-22','calib',250);
INSERT INTO "goldensample_goldensample" VALUES(956,'03624006703I21416542','2026-01-22','good',250);
INSERT INTO "goldensample_goldensample" VALUES(957,'03624006604I21416542','2026-01-22','bad',250);
INSERT INTO "goldensample_goldensample" VALUES(958,'31621007602D21416530','2026-01-22','bad',251);
INSERT INTO "goldensample_goldensample" VALUES(959,'31621006103D21416530','2026-01-22','bad',251);
INSERT INTO "goldensample_goldensample" VALUES(960,'03324002802I21416530','2026-01-22','calib',251);
INSERT INTO "goldensample_goldensample" VALUES(961,'03324002503I21416530','2026-01-22','calib',251);
INSERT INTO "goldensample_goldensample" VALUES(962,'03324003502I21416530','2026-01-22','good',251);
INSERT INTO "goldensample_goldensample" VALUES(963,'03324003501I21416530','2026-01-22','good',251);
INSERT INTO "goldensample_goldensample" VALUES(964,'17322006407H21416517','2026-08-02','good',252);
INSERT INTO "goldensample_goldensample" VALUES(965,'32524000008H21416517','2026-08-02','good',252);
INSERT INTO "goldensample_goldensample" VALUES(966,'32021004604A21416517','2026-08-02','bad',252);
INSERT INTO "goldensample_goldensample" VALUES(967,'32021006307A21416517','2026-08-02','bad',252);
INSERT INTO "goldensample_goldensample" VALUES(968,'10322002303D21416517','2026-08-02','calib',252);
INSERT INTO "goldensample_goldensample" VALUES(969,'10322002306D21416517','2026-08-02','calib',252);
INSERT INTO "goldensample_goldensample" VALUES(970,'30323001131H21416520','2025-11-06','good',253);
INSERT INTO "goldensample_goldensample" VALUES(971,'30323001130H21416520','2025-11-06','good',253);
INSERT INTO "goldensample_goldensample" VALUES(972,'25621001016D21416520','2025-11-06','bad',253);
INSERT INTO "goldensample_goldensample" VALUES(973,'25621001931D21416520','2025-11-06','bad',253);
INSERT INTO "goldensample_goldensample" VALUES(974,'30323001129H21416520','2025-11-06','calib',253);
INSERT INTO "goldensample_goldensample" VALUES(976,'30323001132H21416520','2025-11-06','calib',253);
INSERT INTO "goldensample_goldensample" VALUES(977,'07522964433B21416525','2026-08-02','good',254);
INSERT INTO "goldensample_goldensample" VALUES(978,'25621960237D21416525','2026-08-02','good',254);
INSERT INTO "goldensample_goldensample" VALUES(979,'07522964414B21416525','2026-08-02','good',254);
INSERT INTO "goldensample_goldensample" VALUES(980,'07522964413B21416525','2026-08-02','good',254);
INSERT INTO "goldensample_goldensample" VALUES(981,'25621961032D21416525','2026-08-02','good',254);
INSERT INTO "goldensample_goldensample" VALUES(982,'07522964436B21416525','2026-08-02','good',254);
INSERT INTO "goldensample_goldensample" VALUES(983,'25621961004D21416525','2026-08-02','bad',254);
INSERT INTO "goldensample_goldensample" VALUES(984,'25621960207D21416525','2026-08-02','bad',254);
INSERT INTO "goldensample_goldensample" VALUES(985,'10322964323D21416525','2026-08-02','calib',254);
INSERT INTO "goldensample_goldensample" VALUES(986,'10322964324D21416525','2026-08-02','calib',254);
INSERT INTO "goldensample_goldensample" VALUES(987,'26623012401H21416521','2025-09-27','good',255);
INSERT INTO "goldensample_goldensample" VALUES(988,'26623012404H21416521','2025-09-27','good',255);
INSERT INTO "goldensample_goldensample" VALUES(989,'25921006305D21416521','2025-09-27','bad',255);
INSERT INTO "goldensample_goldensample" VALUES(990,'25921007708D21416521','2025-09-27','bad',255);
INSERT INTO "goldensample_goldensample" VALUES(991,'25921005303D21416521','2025-09-27','calib',255);
INSERT INTO "goldensample_goldensample" VALUES(992,'27424000302H21416521','2025-09-27','calib',255);
INSERT INTO "goldensample_goldensample" VALUES(993,'25321004404D21416523','2026-08-02','good',256);
INSERT INTO "goldensample_goldensample" VALUES(994,'25321003601D21416523','2026-08-02','good',256);
INSERT INTO "goldensample_goldensample" VALUES(995,'29521002407D21416523','2026-08-02','bad',256);
INSERT INTO "goldensample_goldensample" VALUES(996,'25321005502D21416523','2026-08-02','bad',256);
INSERT INTO "goldensample_goldensample" VALUES(997,'25321003103D21416523','2026-08-02','calib',256);
INSERT INTO "goldensample_goldensample" VALUES(998,'25321003908D21416523','2026-08-02','calib',256);
INSERT INTO "goldensample_goldensample" VALUES(999,'33523029502H21417838','2026-05-07','good',38);
INSERT INTO "goldensample_goldensample" VALUES(1000,'11122004704H21417838','2026-05-07','bad',38);
INSERT INTO "goldensample_goldensample" VALUES(1001,'15823013604H21417838','2026-05-07','good',38);
INSERT INTO "goldensample_goldensample" VALUES(1002,'22222000702D21417841','2026-05-12','calib',57);
INSERT INTO "goldensample_goldensample" VALUES(1003,'06623000404H21417841','2026-05-12','good',57);
INSERT INTO "goldensample_goldensample" VALUES(1004,'24222003104H21417841','2026-05-12','bad',57);
INSERT INTO "goldensample_goldensample" VALUES(1005,'27424000216I21419242','2026-11-04','good',111);
INSERT INTO "goldensample_goldensample" VALUES(1006,'27424000219I21419242','2026-01-04','good',111);
INSERT INTO "goldensample_goldensample" VALUES(1007,'25324001612I21419242','2026-01-04','bad',111);
INSERT INTO "goldensample_goldensample" VALUES(1008,'12023042104B21414174','2025-07-12','good',257);
INSERT INTO "goldensample_goldensample" VALUES(1009,'12023042102B21414174','2025-07-12','good',257);
INSERT INTO "goldensample_goldensample" VALUES(1010,'12023030001B21414174','2025-07-12','good',257);
INSERT INTO "goldensample_goldensample" VALUES(1011,'12023042101B21414174','2025-07-12','good',257);
INSERT INTO "goldensample_goldensample" VALUES(1012,'12023030003B21414174','2025-07-12','bad',257);
INSERT INTO "goldensample_goldensample" VALUES(1013,'12023030002B21414174','2025-07-12','calib',257);
INSERT INTO "goldensample_goldensample" VALUES(1014,'24019008703A21414173','2025-07-12','bad',258);
INSERT INTO "goldensample_goldensample" VALUES(1015,'26724029601A21414173','2025-07-12','good',258);
INSERT INTO "goldensample_goldensample" VALUES(1016,'08224018603A21414173','2025-07-12','good',258);
INSERT INTO "goldensample_goldensample" VALUES(1017,'24224000704A21414173','2025-07-12','calib',258);
INSERT INTO "goldensample_goldensample" VALUES(1018,'26224039602A21414173','2025-07-12','good',258);
INSERT INTO "goldensample_goldensample" VALUES(1019,'23623009603J21419234','2025-09-02','calib',261);
INSERT INTO "goldensample_goldensample" VALUES(1020,'23623011506J21419234','2025-09-02','good',261);
INSERT INTO "goldensample_goldensample" VALUES(1021,'23623011503J21419234','2025-09-02','good',261);
INSERT INTO "goldensample_goldensample" VALUES(1022,'23623009608J21419234','2025-09-02','calib',261);
INSERT INTO "goldensample_goldensample" VALUES(1023,'07824027106L21419234','2025-09-02','bad',261);
INSERT INTO "goldensample_goldensample" VALUES(1024,'07824027105L21419234','2025-09-02','bad',261);
INSERT INTO "goldensample_goldensample" VALUES(1025,'04824039902L21419236','2026-03-03','good',262);
INSERT INTO "goldensample_goldensample" VALUES(1026,'04824039904L21419236','2026-03-03','good',262);
INSERT INTO "goldensample_goldensample" VALUES(1027,'04824039901L21419236','2026-03-03','good',262);
INSERT INTO "goldensample_goldensample" VALUES(1028,'04824039905L21419236','2026-03-03','good',262);
INSERT INTO "goldensample_goldensample" VALUES(1029,'04824040006L21419236','2026-03-03','bad',262);
INSERT INTO "goldensample_goldensample" VALUES(1030,'04824040005L21419236','2026-03-03','bad',262);
INSERT INTO "goldensample_goldensample" VALUES(1031,'04824039906L21419236','2026-03-03','calib',262);
INSERT INTO "goldensample_goldensample" VALUES(1032,'04824039903L21419236','2026-03-03','calib',262);
INSERT INTO "goldensample_goldensample" VALUES(1033,'04525009902L21419239','2026-03-03','good',263);
INSERT INTO "goldensample_goldensample" VALUES(1034,'04525009905L21419239','2026-03-03','good',263);
INSERT INTO "goldensample_goldensample" VALUES(1035,'04525009901L21419239','2026-03-03','bad',263);
INSERT INTO "goldensample_goldensample" VALUES(1036,'04525009906L21419239','2026-03-03','bad',263);
INSERT INTO "goldensample_goldensample" VALUES(1037,'04525009904L21419239','2026-03-03','calib',263);
INSERT INTO "goldensample_goldensample" VALUES(1038,'04525009903L21419239','2026-03-03','calib',263);
INSERT INTO "goldensample_goldensample" VALUES(1039,'08924011203L21419234','2026-04-28','good',264);
INSERT INTO "goldensample_goldensample" VALUES(1040,'08924011206L21419234','2026-04-28','good',264);
INSERT INTO "goldensample_goldensample" VALUES(1041,'08924011001L21419234','2026-04-28','bad',264);
INSERT INTO "goldensample_goldensample" VALUES(1042,'08924011204L21419234','2026-04-28','bad',264);
INSERT INTO "goldensample_goldensample" VALUES(1043,'08924010305L21419234','2026-04-28','calib',264);
INSERT INTO "goldensample_goldensample" VALUES(1044,'08924011202L21419234','2026-04-28','calib',264);
INSERT INTO "goldensample_goldensample" VALUES(1047,'10025003601I21419236','2026-04-11','bad',265);
INSERT INTO "goldensample_goldensample" VALUES(1048,'10025003701I21419236','2026-04-11','calib',265);
INSERT INTO "goldensample_goldensample" VALUES(1049,'10025003605I21419236','2026-04-11','good',265);
INSERT INTO "goldensample_goldensample" VALUES(1050,'10025003602I21419236','2026-04-11','bad',265);
INSERT INTO "goldensample_goldensample" VALUES(1051,'10025003702I21419236','2026-04-11','calib',265);
INSERT INTO "goldensample_goldensample" VALUES(1052,'10025003604I21419236','2026-04-11','good',265);
INSERT INTO "goldensample_goldensample" VALUES(1053,'30522001416H21419244','2026-03-27','good',236);
INSERT INTO "goldensample_goldensample" VALUES(1054,'30522001414H21419244','2026-03-27','good',236);
INSERT INTO "goldensample_goldensample" VALUES(1055,'23822002401I21416711','2026-05-13','calib',266);
INSERT INTO "goldensample_goldensample" VALUES(1056,'23822001603I21416711','2026-05-13','calib',266);
INSERT INTO "goldensample_goldensample" VALUES(1057,'23822001801I21416711','2026-05-13','bad',266);
INSERT INTO "goldensample_goldensample" VALUES(1058,'23822000403I21416711','2026-05-13','bad',266);
INSERT INTO "goldensample_goldensample" VALUES(1059,'15425004801I21416711','2026-05-13','good',266);
INSERT INTO "goldensample_goldensample" VALUES(1060,'15425004803I21416711','2026-05-13','good',266);
INSERT INTO "goldensample_goldensample" VALUES(1061,'23822002304I21416711','2026-05-13','calib',266);
INSERT INTO "goldensample_goldensample" VALUES(1062,'23822001002I21416711','2026-05-13','calib',266);
INSERT INTO "goldensample_goldensample" VALUES(1063,'23822000804I21416711','2026-05-13','good',266);
INSERT INTO "goldensample_goldensample" VALUES(1064,'23822001802I21416711','2026-05-13','good',266);
INSERT INTO "goldensample_goldensample" VALUES(1065,'23822001804I21416711','2026-05-13','bad',266);
INSERT INTO "goldensample_goldensample" VALUES(1066,'23822000802I21416711','2026-05-13','bad',266);
INSERT INTO "goldensample_goldensample" VALUES(1067,'23722000701I21416706','2026-05-13','good',267);
INSERT INTO "goldensample_goldensample" VALUES(1068,'23722001103I21416706','2026-05-13','good',267);
INSERT INTO "goldensample_goldensample" VALUES(1069,'23722000201I21416706','2026-05-13','bad',267);
INSERT INTO "goldensample_goldensample" VALUES(1070,'23722000203I21416706','2026-05-13','bad',267);
INSERT INTO "goldensample_goldensample" VALUES(1071,'23722002901I21416706','2026-05-13','calib',267);
INSERT INTO "goldensample_goldensample" VALUES(1072,'24922020901I21416706','2026-05-13','calib',267);
INSERT INTO "goldensample_goldensample" VALUES(1073,'23722001204I21416706','2026-05-13','calib',267);
INSERT INTO "goldensample_goldensample" VALUES(1074,'23022000502I21416706','2026-05-13','calib',267);
INSERT INTO "goldensample_goldensample" VALUES(1075,'23722000904I21416706','2026-05-13','bad',267);
INSERT INTO "goldensample_goldensample" VALUES(1076,'23722002302I21416706','2026-05-13','bad',267);
INSERT INTO "goldensample_goldensample" VALUES(1077,'27822001618121419241','2026-11-04','good',268);
INSERT INTO "goldensample_goldensample" VALUES(1078,'27822001619121419241','2026-11-04','good',268);
INSERT INTO "goldensample_goldensample" VALUES(1079,'27822001611121419241','2026-11-04','good',268);
INSERT INTO "goldensample_goldensample" VALUES(1080,'27822001612121419241','2026-11-04','bad',268);
INSERT INTO "goldensample_goldensample" VALUES(1081,'19725023001I21416540','2026-07-18','good',247);
INSERT INTO "goldensample_goldensample" VALUES(1082,'20525020624N21416859','2026-07-28','good',42);
INSERT INTO "goldensample_goldensample" VALUES(1083,'20525020608N21416859','2026-07-28','good',42);
INSERT INTO "goldensample_goldensample" VALUES(1084,'20525020612N21416859','2026-07-28','good',42);
INSERT INTO "goldensample_goldensample" VALUES(1085,'20525020617N21416859','2026-07-28','good',42);
INSERT INTO "goldensample_goldensample" VALUES(1086,'20525020601N21416859','2026-07-28','good',42);
INSERT INTO "goldensample_goldensample" VALUES(1087,'20525020615N21416859','2026-07-28','good',42);
CREATE TABLE "goldensample_groupvariantcode" ("id" integer NOT NULL PRIMARY KEY AUTOINCREMENT, "name" varchar(255) NOT NULL, "last_time_tested" datetime NULL);
INSERT INTO "goldensample_groupvariantcode" VALUES(19,'21417838','2025-07-28 11:59:09.479663');
INSERT INTO "goldensample_groupvariantcode" VALUES(20,'21417024',NULL);
INSERT INTO "goldensample_groupvariantcode" VALUES(21,'21416859','2025-07-28 11:33:47.346598');
INSERT INTO "goldensample_groupvariantcode" VALUES(22,'21416589',NULL);
INSERT INTO "goldensample_groupvariantcode" VALUES(24,'21417028','2025-08-01 00:57:53.518400');
INSERT INTO "goldensample_groupvariantcode" VALUES(25,'21419319','2025-07-30 11:16:53.431328');
INSERT INTO "goldensample_groupvariantcode" VALUES(26,'21422188',NULL);
INSERT INTO "goldensample_groupvariantcode" VALUES(27,'21417022','2025-08-04 20:51:41.640297');
INSERT INTO "goldensample_groupvariantcode" VALUES(29,'21417026','2025-08-05 07:43:16.879746');
INSERT INTO "goldensample_groupvariantcode" VALUES(30,'21417841','2025-07-29 20:12:01.864915');
INSERT INTO "goldensample_groupvariantcode" VALUES(31,'21413766',NULL);
INSERT INTO "goldensample_groupvariantcode" VALUES(33,'21417835',NULL);
INSERT INTO "goldensample_groupvariantcode" VALUES(34,'21419321','2025-07-30 14:00:46.845089');
INSERT INTO "goldensample_groupvariantcode" VALUES(35,'21419325','2025-08-05 04:43:53.887553');
INSERT INTO "goldensample_groupvariantcode" VALUES(36,'21419326','2025-07-14 16:37:37.943250');
INSERT INTO "goldensample_groupvariantcode" VALUES(37,'21422183','2025-08-04 16:44:00.459764');
INSERT INTO "goldensample_groupvariantcode" VALUES(38,'20692184',NULL);
INSERT INTO "goldensample_groupvariantcode" VALUES(40,'21422704','2025-08-05 06:11:59.662413');
INSERT INTO "goldensample_groupvariantcode" VALUES(41,'21422716',NULL);
INSERT INTO "goldensample_groupvariantcode" VALUES(42,'21422715','2025-08-04 16:49:46.061900');
INSERT INTO "goldensample_groupvariantcode" VALUES(43,'21422815',NULL);
INSERT INTO "goldensample_groupvariantcode" VALUES(44,'21422816','2025-08-04 05:14:20.162905');
INSERT INTO "goldensample_groupvariantcode" VALUES(45,'21422689','2025-07-25 02:08:30.701467');
INSERT INTO "goldensample_groupvariantcode" VALUES(46,'21422720','2025-08-04 05:17:23.753744');
INSERT INTO "goldensample_groupvariantcode" VALUES(47,'21422686','2025-07-30 15:22:57.777679');
INSERT INTO "goldensample_groupvariantcode" VALUES(48,'21422711','2025-07-29 19:41:20.035402');
INSERT INTO "goldensample_groupvariantcode" VALUES(49,'21422700',NULL);
INSERT INTO "goldensample_groupvariantcode" VALUES(50,'21422723','2025-07-22 18:26:42.455167');
INSERT INTO "goldensample_groupvariantcode" VALUES(51,'21415534',NULL);
INSERT INTO "goldensample_groupvariantcode" VALUES(53,'21419237','2025-07-31 20:56:55.457449');
INSERT INTO "goldensample_groupvariantcode" VALUES(54,'21422186',NULL);
INSERT INTO "goldensample_groupvariantcode" VALUES(55,'21422638','2025-08-05 07:27:51.948573');
INSERT INTO "goldensample_groupvariantcode" VALUES(56,'21422593','2025-07-09 11:48:26.520388');
INSERT INTO "goldensample_groupvariantcode" VALUES(57,'21422595','2025-07-23 12:17:33.854341');
INSERT INTO "goldensample_groupvariantcode" VALUES(58,'21422633','2025-07-29 11:16:16.805170');
INSERT INTO "goldensample_groupvariantcode" VALUES(59,'21422598','2025-07-23 08:33:17.656212');
INSERT INTO "goldensample_groupvariantcode" VALUES(60,'21415532',NULL);
INSERT INTO "goldensample_groupvariantcode" VALUES(62,'21419242','2025-08-01 13:08:56.116057');
INSERT INTO "goldensample_groupvariantcode" VALUES(63,'21416668',NULL);
INSERT INTO "goldensample_groupvariantcode" VALUES(64,'21419247',NULL);
INSERT INTO "goldensample_groupvariantcode" VALUES(67,'21419248',NULL);
INSERT INTO "goldensample_groupvariantcode" VALUES(70,'21416535','2025-07-31 18:06:17.428935');
INSERT INTO "goldensample_groupvariantcode" VALUES(73,'21412883',NULL);
INSERT INTO "goldensample_groupvariantcode" VALUES(74,'21412886',NULL);
INSERT INTO "goldensample_groupvariantcode" VALUES(77,'21414539','2025-08-05 07:38:34.201852');
INSERT INTO "goldensample_groupvariantcode" VALUES(78,'21414542','2025-08-01 13:53:31.153709');
INSERT INTO "goldensample_groupvariantcode" VALUES(79,'21413819',NULL);
INSERT INTO "goldensample_groupvariantcode" VALUES(80,'21413832',NULL);
INSERT INTO "goldensample_groupvariantcode" VALUES(81,'21414171',NULL);
INSERT INTO "goldensample_groupvariantcode" VALUES(82,'21416670','2025-07-10 19:08:22.956839');
INSERT INTO "goldensample_groupvariantcode" VALUES(83,'21413776',NULL);
INSERT INTO "goldensample_groupvariantcode" VALUES(84,'21413830',NULL);
INSERT INTO "goldensample_groupvariantcode" VALUES(86,'21413778',NULL);
INSERT INTO "goldensample_groupvariantcode" VALUES(87,'21413768',NULL);
INSERT INTO "goldensample_groupvariantcode" VALUES(88,'21414174','2025-07-02 07:35:08.884640');
INSERT INTO "goldensample_groupvariantcode" VALUES(89,'21414172',NULL);
INSERT INTO "goldensample_groupvariantcode" VALUES(90,'21414237',NULL);
INSERT INTO "goldensample_groupvariantcode" VALUES(91,'21413756',NULL);
INSERT INTO "goldensample_groupvariantcode" VALUES(92,'21416442',NULL);
INSERT INTO "goldensample_groupvariantcode" VALUES(93,'21413770',NULL);
INSERT INTO "goldensample_groupvariantcode" VALUES(95,'21413774',NULL);
INSERT INTO "goldensample_groupvariantcode" VALUES(96,'21414176',NULL);
INSERT INTO "goldensample_groupvariantcode" VALUES(97,'21413826',NULL);
INSERT INTO "goldensample_groupvariantcode" VALUES(98,'21413759',NULL);
INSERT INTO "goldensample_groupvariantcode" VALUES(106,'21419252','2025-07-29 14:17:03.545202');
INSERT INTO "goldensample_groupvariantcode" VALUES(107,'21412873',NULL);
INSERT INTO "goldensample_groupvariantcode" VALUES(108,'21412870',NULL);
INSERT INTO "goldensample_groupvariantcode" VALUES(109,'21416654',NULL);
INSERT INTO "goldensample_groupvariantcode" VALUES(110,'21416656','2025-07-16 07:42:29.654934');
INSERT INTO "goldensample_groupvariantcode" VALUES(111,'21416658',NULL);
INSERT INTO "goldensample_groupvariantcode" VALUES(112,'21417167',NULL);
INSERT INTO "goldensample_groupvariantcode" VALUES(113,'21421346',NULL);
INSERT INTO "goldensample_groupvariantcode" VALUES(114,'20439256',NULL);
INSERT INTO "goldensample_groupvariantcode" VALUES(115,'21412898',NULL);
INSERT INTO "goldensample_groupvariantcode" VALUES(116,'21412902',NULL);
INSERT INTO "goldensample_groupvariantcode" VALUES(117,'21412864',NULL);
INSERT INTO "goldensample_groupvariantcode" VALUES(118,'21412867',NULL);
INSERT INTO "goldensample_groupvariantcode" VALUES(119,'21421340',NULL);
INSERT INTO "goldensample_groupvariantcode" VALUES(120,'21421343',NULL);
INSERT INTO "goldensample_groupvariantcode" VALUES(121,'20439266',NULL);
INSERT INTO "goldensample_groupvariantcode" VALUES(122,'21410485',NULL);
INSERT INTO "goldensample_groupvariantcode" VALUES(124,'21410665',NULL);
INSERT INTO "goldensample_groupvariantcode" VALUES(125,'21410660',NULL);
INSERT INTO "goldensample_groupvariantcode" VALUES(126,'21410233',NULL);
INSERT INTO "goldensample_groupvariantcode" VALUES(127,'21410234',NULL);
INSERT INTO "goldensample_groupvariantcode" VALUES(128,'21410235',NULL);
INSERT INTO "goldensample_groupvariantcode" VALUES(129,'21410236',NULL);
INSERT INTO "goldensample_groupvariantcode" VALUES(130,'21410231',NULL);
INSERT INTO "goldensample_groupvariantcode" VALUES(131,'21410232',NULL);
INSERT INTO "goldensample_groupvariantcode" VALUES(132,'20439460','2025-07-02 09:14:35.840795');
INSERT INTO "goldensample_groupvariantcode" VALUES(133,'20439462',NULL);
INSERT INTO "goldensample_groupvariantcode" VALUES(134,'893',NULL);
INSERT INTO "goldensample_groupvariantcode" VALUES(135,'895',NULL);
INSERT INTO "goldensample_groupvariantcode" VALUES(136,'21412877',NULL);
INSERT INTO "goldensample_groupvariantcode" VALUES(138,'21413816',NULL);
INSERT INTO "goldensample_groupvariantcode" VALUES(139,'20439268',NULL);
INSERT INTO "goldensample_groupvariantcode" VALUES(140,'20439274',NULL);
INSERT INTO "goldensample_groupvariantcode" VALUES(141,'20439272',NULL);
INSERT INTO "goldensample_groupvariantcode" VALUES(142,'20439270',NULL);
INSERT INTO "goldensample_groupvariantcode" VALUES(143,'20439262',NULL);
INSERT INTO "goldensample_groupvariantcode" VALUES(144,'20439258',NULL);
INSERT INTO "goldensample_groupvariantcode" VALUES(145,'20439260',NULL);
INSERT INTO "goldensample_groupvariantcode" VALUES(146,'20439264',NULL);
INSERT INTO "goldensample_groupvariantcode" VALUES(147,'21416652',NULL);
INSERT INTO "goldensample_groupvariantcode" VALUES(148,'21419246','2025-06-25 09:37:41.704878');
INSERT INTO "goldensample_groupvariantcode" VALUES(149,'21414235',NULL);
INSERT INTO "goldensample_groupvariantcode" VALUES(150,'21413780',NULL);
INSERT INTO "goldensample_groupvariantcode" VALUES(151,'21413782',NULL);
INSERT INTO "goldensample_groupvariantcode" VALUES(152,'20102890',NULL);
INSERT INTO "goldensample_groupvariantcode" VALUES(153,'20439276',NULL);
INSERT INTO "goldensample_groupvariantcode" VALUES(154,'21419244','2025-07-29 08:35:50.930582');
INSERT INTO "goldensample_groupvariantcode" VALUES(155,'21419250','2025-07-28 22:53:10.323469');
INSERT INTO "goldensample_groupvariantcode" VALUES(156,'21419245',NULL);
INSERT INTO "goldensample_groupvariantcode" VALUES(157,'21416532','2025-08-01 07:05:44.607350');
INSERT INTO "goldensample_groupvariantcode" VALUES(158,'21416533','2025-08-05 02:27:23.863265');
INSERT INTO "goldensample_groupvariantcode" VALUES(159,'21416540','2025-07-26 22:04:50.079618');
INSERT INTO "goldensample_groupvariantcode" VALUES(160,'21416538','2025-08-01 22:07:53.483992');
INSERT INTO "goldensample_groupvariantcode" VALUES(161,'21416536','2025-07-31 13:48:31.476184');
INSERT INTO "goldensample_groupvariantcode" VALUES(162,'21416542','2025-08-01 08:35:06.278375');
INSERT INTO "goldensample_groupvariantcode" VALUES(163,'21416530','2025-08-05 09:33:07.120421');
INSERT INTO "goldensample_groupvariantcode" VALUES(164,'21416517','2025-08-04 12:57:17.973023');
INSERT INTO "goldensample_groupvariantcode" VALUES(165,'21416520','2025-08-04 18:21:24.057326');
INSERT INTO "goldensample_groupvariantcode" VALUES(166,'21416525','2025-08-04 09:26:11.195353');
INSERT INTO "goldensample_groupvariantcode" VALUES(167,'21416521','2025-08-04 15:44:44.940946');
INSERT INTO "goldensample_groupvariantcode" VALUES(168,'21416523','2025-07-21 22:24:52.126649');
INSERT INTO "goldensample_groupvariantcode" VALUES(169,'21414173',NULL);
INSERT INTO "goldensample_groupvariantcode" VALUES(170,'21419234','2025-08-05 04:07:33.285311');
INSERT INTO "goldensample_groupvariantcode" VALUES(171,'21419236','2025-07-28 15:15:36.667229');
INSERT INTO "goldensample_groupvariantcode" VALUES(172,'21419239','2025-07-30 22:08:48.421458');
INSERT INTO "goldensample_groupvariantcode" VALUES(173,'21416711',NULL);
INSERT INTO "goldensample_groupvariantcode" VALUES(174,'21416706',NULL);
INSERT INTO "goldensample_groupvariantcode" VALUES(175,'21419241','2025-08-01 10:11:39.467291');
CREATE TABLE "goldensample_mapsample" ("id" integer NOT NULL PRIMARY KEY AUTOINCREMENT, "i_input" varchar(255) NOT NULL, "i_output" varchar(255) NOT NULL);
INSERT INTO "goldensample_mapsample" VALUES(1,'21416536','21416537');
INSERT INTO "goldensample_mapsample" VALUES(2,'21419234','21419233');
INSERT INTO "goldensample_mapsample" VALUES(3,'21419237','21419238');
INSERT INTO "goldensample_mapsample" VALUES(4,'21419233','21419234');
INSERT INTO "goldensample_mapsample" VALUES(5,'21419319','21419318');
INSERT INTO "goldensample_mapsample" VALUES(6,'21419318','21419319');
INSERT INTO "goldensample_mapsample" VALUES(7,'21419321','21419320');
INSERT INTO "goldensample_mapsample" VALUES(8,'21419320','21419321');
INSERT INTO "goldensample_mapsample" VALUES(9,'21419324','21419325');
INSERT INTO "goldensample_mapsample" VALUES(10,'21419325','21419324');
INSERT INTO "goldensample_mapsample" VALUES(11,'21422638','21422637');
INSERT INTO "goldensample_mapsample" VALUES(12,'21422720','21422719');
INSERT INTO "goldensample_mapsample" VALUES(13,'21422704','21422703');
INSERT INTO "goldensample_mapsample" VALUES(14,'21422703','21422704');
INSERT INTO "goldensample_mapsample" VALUES(15,'21419239','21419240');
INSERT INTO "goldensample_mapsample" VALUES(16,'21416533','21416534');
INSERT INTO "goldensample_mapsample" VALUES(17,'21419236','21419235');
INSERT INTO "goldensample_mapsample" VALUES(18,'21416532','21416532');
INSERT INTO "goldensample_mapsample" VALUES(19,'21416859','21416859');
INSERT INTO "goldensample_mapsample" VALUES(20,'21419246','21419246');
INSERT INTO "goldensample_mapsample" VALUES(21,'21417022','21417023');
INSERT INTO "goldensample_mapsample" VALUES(22,'21422723','21422723');
INSERT INTO "goldensample_mapsample" VALUES(23,'21422815','21422815');
INSERT INTO "goldensample_mapsample" VALUES(24,'21422816','21422815');
INSERT INTO "goldensample_mapsample" VALUES(25,'21416538','21416539');
INSERT INTO "goldensample_mapsample" VALUES(26,'21416542','21416543');
INSERT INTO "goldensample_mapsample" VALUES(27,'21422715','21422716');
INSERT INTO "goldensample_mapsample" VALUES(28,'21414539','21414540');
INSERT INTO "goldensample_mapsample" VALUES(29,'21417026','21417027');
INSERT INTO "goldensample_mapsample" VALUES(30,'21416530','21416531');
INSERT INTO "goldensample_mapsample" VALUES(31,'21422689','21422690');
INSERT INTO "goldensample_mapsample" VALUES(32,'21416525','21416525');
INSERT INTO "goldensample_mapsample" VALUES(33,'21416520','21416519');
INSERT INTO "goldensample_mapsample" VALUES(34,'21416519','21416520');
INSERT INTO "goldensample_mapsample" VALUES(35,'21416523','21416524');
INSERT INTO "goldensample_mapsample" VALUES(36,'21414542','21414543');
INSERT INTO "goldensample_mapsample" VALUES(37,'21417028','21417029');
INSERT INTO "goldensample_mapsample" VALUES(38,'21422686','21422687');
INSERT INTO "goldensample_mapsample" VALUES(39,'21416521','21416522');
INSERT INTO "goldensample_mapsample" VALUES(40,'21419250','21419251');
INSERT INTO "goldensample_mapsample" VALUES(41,'21419251','21419250');
INSERT INTO "goldensample_mapsample" VALUES(42,'21416540','21416541');
INSERT INTO "goldensample_mapsample" VALUES(43,'21419252','21419252');
INSERT INTO "goldensample_mapsample" VALUES(44,'21422711','21422711');
INSERT INTO "goldensample_mapsample" VALUES(45,'1','0');
INSERT INTO "goldensample_mapsample" VALUES(46,'2','1');
INSERT INTO "goldensample_mapsample" VALUES(47,'21419242','21419242');
INSERT INTO "goldensample_mapsample" VALUES(48,'21416517','21416518');
INSERT INTO "goldensample_mapsample" VALUES(49,'21417841','21417842');
INSERT INTO "goldensample_mapsample" VALUES(50,'21416539','21416538');
INSERT INTO "goldensample_mapsample" VALUES(51,'21419244','21419243');
INSERT INTO "goldensample_mapsample" VALUES(52,'21419243','21419244');
INSERT INTO "goldensample_mapsample" VALUES(53,'21417838','21417838');
INSERT INTO "goldensample_mapsample" VALUES(54,'21416535','21416535');
INSERT INTO "goldensample_mapsample" VALUES(55,'20107497','20107497');
INSERT INTO "goldensample_mapsample" VALUES(56,'21422183','21422183');
INSERT INTO "goldensample_mapsample" VALUES(57,'21419241','21419241');
INSERT INTO "goldensample_mapsample" VALUES(58,'21416670','21416671');
INSERT INTO "goldensample_mapsample" VALUES(59,'21416656','21416657');
INSERT INTO "goldensample_mapsample" VALUES(60,'21416654','21416655');
INSERT INTO "goldensample_mapsample" VALUES(61,'21419326','21419327');
INSERT INTO "goldensample_mapsample" VALUES(62,'21419327','21419326');
INSERT INTO "goldensample_mapsample" VALUES(63,'20107498','20107497');
INSERT INTO "goldensample_mapsample" VALUES(64,'21419252','21419251');
INSERT INTO "goldensample_mapsample" VALUES(65,'21422703','21422702');
INSERT INTO "goldensample_mapsample" VALUES(66,'21422598','21422597');
INSERT INTO "goldensample_mapsample" VALUES(67,'21422595','21422594');
INSERT INTO "goldensample_mapsample" VALUES(68,'21422711','21422710');
INSERT INTO "goldensample_mapsample" VALUES(69,'21419318','21419317');
INSERT INTO "goldensample_mapsample" VALUES(70,'21422183','21422182');
CREATE TABLE "goldensample_variantcode" ("id" integer NOT NULL PRIMARY KEY AUTOINCREMENT, "code" varchar(255) NOT NULL, "name" varchar(255) NULL, "group_id" bigint NULL REFERENCES "goldensample_groupvariantcode" ("id") DEFERRABLE INITIALLY DEFERRED);
INSERT INTO "goldensample_variantcode" VALUES(38,'30101234 / 35','HORNET T2 REVERSE',19);
INSERT INTO "goldensample_variantcode" VALUES(40,'30101131 / 32','TONALE AR965 T1 STOP TAIL TURN SAE',20);
INSERT INTO "goldensample_variantcode" VALUES(42,'30101122 / 23','TONALE DRL AR965 KIT',21);
INSERT INTO "goldensample_variantcode" VALUES(47,'30101135 / 36','TONALE AR965 T2 REV FOG',24);
INSERT INTO "goldensample_variantcode" VALUES(48,'30101442 / 43','SK49X T1 TURN/TAIL ECE UK',25);
INSERT INTO "goldensample_variantcode" VALUES(50,'30101773','CR3 T2 TAIL ECU+LED SET',26);
INSERT INTO "goldensample_variantcode" VALUES(51,'30101129 / 30','TONALE AR965 T1 STOP TAIL TURN ECE',27);
INSERT INTO "goldensample_variantcode" VALUES(55,'30101133 / 34','TONALE AR965 T2 STOP TAIL',29);
INSERT INTO "goldensample_variantcode" VALUES(57,'30101236 / 37','HORNET T2 TAIL',30);
INSERT INTO "goldensample_variantcode" VALUES(64,'30101232 / 33','HORNET T1 STOP TURN',33);
INSERT INTO "goldensample_variantcode" VALUES(66,'30101444 / 45','SK49X T1 STOP',34);
INSERT INTO "goldensample_variantcode" VALUES(68,'30101448','SK49X T2 REV FOG/REV ECE/UK LH',35);
INSERT INTO "goldensample_variantcode" VALUES(69,'30101449','SK49X T2 REV FOG/REV ECE/UK RH',36);
INSERT INTO "goldensample_variantcode" VALUES(71,'30101770 / 71','CR3 T1 STOP TURN',37);
INSERT INTO "goldensample_variantcode" VALUES(74,'30100976','MARELLI-PORSCHE',38);
INSERT INTO "goldensample_variantcode" VALUES(77,'30101895 / 96','TAYRON T2-647 TAIL+TURN',40);
INSERT INTO "goldensample_variantcode" VALUES(79,'30101886 / 87','TAYRON T1-640 STOP TURN',42);
INSERT INTO "goldensample_variantcode" VALUES(81,'30101891 / 92','TAYRON T2-630 TAIL FOLIA UK',44);
INSERT INTO "goldensample_variantcode" VALUES(82,'30101884 / 85','TAYRON T1-630 TAIL',45);
INSERT INTO "goldensample_variantcode" VALUES(84,'30101893 / 94','TAYRON T2-630 TAIL FOLIA',46);
INSERT INTO "goldensample_variantcode" VALUES(86,'30101890','TAYRON T2-650 LOGO CENTRAL',47);
INSERT INTO "goldensample_variantcode" VALUES(87,'30101897 / 98','TAYRON T2-670 REVERSE FOG',48);
INSERT INTO "goldensample_variantcode" VALUES(89,'30101888','TAYRON T2 UPPER TAIL LH',49);
INSERT INTO "goldensample_variantcode" VALUES(90,'30101889','TAYRON T2 UPPER TAIL RH',49);
INSERT INTO "goldensample_variantcode" VALUES(91,'30101899 / 00','TAYRON T2-670 REVERSE FOG UK',50);
INSERT INTO "goldensample_variantcode" VALUES(93,'30100974','MARELLI-POESCHE 992',51);
INSERT INTO "goldensample_variantcode" VALUES(96,'30101400 / 01','TIGUAN HIGH T2 TAIL LG REV/FOG UK',53);
INSERT INTO "goldensample_variantcode" VALUES(99,'30101990 / 91','DAIMLER KIT LH/RH',55);
INSERT INTO "goldensample_variantcode" VALUES(101,'30101992','MARELLI-DAIMLER',56);
INSERT INTO "goldensample_variantcode" VALUES(102,'30101995','MARELLI-DAIMLER',57);
INSERT INTO "goldensample_variantcode" VALUES(105,'30101993 / 94','DAIMLER PCB8 FOG',58);
INSERT INTO "goldensample_variantcode" VALUES(107,'30101996','MARELLI-DAIMLER',59);
INSERT INTO "goldensample_variantcode" VALUES(108,'30100975','MARELLI-PORSCHE 992',60);
INSERT INTO "goldensample_variantcode" VALUES(111,'30101375','VARROC L550HL LB/HB 1',62);
INSERT INTO "goldensample_variantcode" VALUES(112,'30101057 / 58','M182 T2 STOP TURN ECE/SAE',63);
INSERT INTO "goldensample_variantcode" VALUES(114,'30101382 / 83','VARROC L550HL BLADE SAE',64);
INSERT INTO "goldensample_variantcode" VALUES(121,'30101384 / 85','VARROC L550HL SMALL OUTER',67);
INSERT INTO "goldensample_variantcode" VALUES(131,'30100691','OLSA T6 TURN HIGT SX',73);
INSERT INTO "goldensample_variantcode" VALUES(132,'30100692','OLSA T6 TURN HIGT DX',74);
INSERT INTO "goldensample_variantcode" VALUES(137,'30100854','JAGUAR X391 FOG',77);
INSERT INTO "goldensample_variantcode" VALUES(138,'30100855','JAGUAR X391 REV',78);
INSERT INTO "goldensample_variantcode" VALUES(142,'30101059 / 60','M182 T2 STOP TURN ECE/SAE',82);
INSERT INTO "goldensample_variantcode" VALUES(147,'30100766','MAGNA-ID CROZZ',86);
INSERT INTO "goldensample_variantcode" VALUES(175,'30101388 / 89','VARROC L550HL SMALL INNER',106);
INSERT INTO "goldensample_variantcode" VALUES(176,'30100698','OLSA T6 FOG LOW DX WINGDOOR',107);
INSERT INTO "goldensample_variantcode" VALUES(177,'30100697','OLSA T6 FOG LOW SX WINGDOOR',108);
INSERT INTO "goldensample_variantcode" VALUES(180,'30101043 / 44','M182 T1 STOP TURN SAE/ECE',109);
INSERT INTO "goldensample_variantcode" VALUES(181,'30101045 / 46','M182 T1 STOP TURN SAE/ECE',110);
INSERT INTO "goldensample_variantcode" VALUES(183,'30101047 / 48','M182 T1 TAIL ECE/SAE',111);
INSERT INTO "goldensample_variantcode" VALUES(185,'30101159 / 60','M182 T1 TAIL ECE/SAE',112);
INSERT INTO "goldensample_variantcode" VALUES(186,'30101160','MAGNA-MASERATI 182',112);
INSERT INTO "goldensample_variantcode" VALUES(187,'30101614','MAGNA-ID CROZZ',113);
INSERT INTO "goldensample_variantcode" VALUES(189,'30281609','MAGNA-VW FIAT',114);
INSERT INTO "goldensample_variantcode" VALUES(190,'30100693','OLSA T6 FOG REVERSE HIGH SX',115);
INSERT INTO "goldensample_variantcode" VALUES(192,'30100694','OLSA T6 FOG REVERSE HIGH DX',116);
INSERT INTO "goldensample_variantcode" VALUES(193,'30100695','OLSA T6 FOG LOW SX BACKDOOR',117);
INSERT INTO "goldensample_variantcode" VALUES(194,'30100696','OLSA T6 FOG LOW DX BACKDOOR',118);
INSERT INTO "goldensample_variantcode" VALUES(195,'30101612','MAGNA-ID CROZZ',119);
INSERT INTO "goldensample_variantcode" VALUES(196,'30101613','MAGNA-ID CROZZ',120);
INSERT INTO "goldensample_variantcode" VALUES(197,'30281614','MAGNA-VW',121);
INSERT INTO "goldensample_variantcode" VALUES(198,'30281756','MAGNA-FIAT',122);
INSERT INTO "goldensample_variantcode" VALUES(200,'30281839','MAGNA-FIAT',124);
INSERT INTO "goldensample_variantcode" VALUES(201,'30281838','MAGNA-FIAT',125);
INSERT INTO "goldensample_variantcode" VALUES(202,'30281760','MAGNA-FIAT',126);
INSERT INTO "goldensample_variantcode" VALUES(203,'30281761','MAGNA-FIAT',127);
INSERT INTO "goldensample_variantcode" VALUES(204,'30281762','MAGNA-FIAT',128);
INSERT INTO "goldensample_variantcode" VALUES(205,'30281763','MAGNA-FIAT',129);
INSERT INTO "goldensample_variantcode" VALUES(206,'30281758','MAGNA-FIAT',130);
INSERT INTO "goldensample_variantcode" VALUES(207,'30281759','MAGNA-FIAT',131);
INSERT INTO "goldensample_variantcode" VALUES(208,'30281687','MAGNA-FIAT',132);
INSERT INTO "goldensample_variantcode" VALUES(209,'30281688','MAGNA-FIAT',133);
INSERT INTO "goldensample_variantcode" VALUES(212,'30100689','OLSA T6 TAIL 2 HIGT SX',136);
INSERT INTO "goldensample_variantcode" VALUES(215,'30281615','MAGNA-VW',139);
INSERT INTO "goldensample_variantcode" VALUES(216,'30281618','MAGNA-VW',140);
INSERT INTO "goldensample_variantcode" VALUES(217,'30281617','MAGNA-VW',141);
INSERT INTO "goldensample_variantcode" VALUES(218,'30281616','MAGNA-VW',142);
INSERT INTO "goldensample_variantcode" VALUES(219,'30281612','MAGNA-VW',143);
INSERT INTO "goldensample_variantcode" VALUES(220,'30218612','MAGNA-VW',143);
INSERT INTO "goldensample_variantcode" VALUES(221,'30281610','MAGNA-VW',144);
INSERT INTO "goldensample_variantcode" VALUES(222,'30281611','MAGNA-VW',145);
INSERT INTO "goldensample_variantcode" VALUES(223,'30281613','MAGNA-VW',146);
INSERT INTO "goldensample_variantcode" VALUES(224,'30101041','M182 T1 SM LH',147);
INSERT INTO "goldensample_variantcode" VALUES(225,'30101042','M182 T1 SM RH',147);
INSERT INTO "goldensample_variantcode" VALUES(232,'30101762','MAGNA-ID CROZZ',93);
INSERT INTO "goldensample_variantcode" VALUES(233,'30281619','MAGNA-VW',153);
INSERT INTO "goldensample_variantcode" VALUES(236,'30101376 / 77','VARROC L550HL SM',154);
INSERT INTO "goldensample_variantcode" VALUES(237,'30101386 / 87','VARROC L550HL MIDDLE',155);
INSERT INTO "goldensample_variantcode" VALUES(240,'30101378 / 79','VARROC L550HL DRL_DI INNER OUTER',156);
INSERT INTO "goldensample_variantcode" VALUES(242,'30101380 / 81','VARROC L550HL BLADE ECE',148);
INSERT INTO "goldensample_variantcode" VALUES(244,'30101063 / 67','AUDI Q6 T1 TAIL SIDE',157);
INSERT INTO "goldensample_variantcode" VALUES(245,'30101065 / 69','AUDI Q6 T1 STOP',70);
INSERT INTO "goldensample_variantcode" VALUES(246,'30101064 / 68','AUDI Q6 T1 TAIL TURN',158);
INSERT INTO "goldensample_variantcode" VALUES(247,'30101074 / 77','AUDI Q6 T2 LOWER 01',159);
INSERT INTO "goldensample_variantcode" VALUES(248,'30101072 / 73','AUDI Q6 T2 UPPER 02',160);
INSERT INTO "goldensample_variantcode" VALUES(249,'30101070 / 71','AUDI Q6 T2 UPPER 01',161);
INSERT INTO "goldensample_variantcode" VALUES(250,'30101075 / 76','AUDI Q6 T2 LOWER 02',162);
INSERT INTO "goldensample_variantcode" VALUES(251,'30101062 / 66','AUDI Q6 T1 TAIL UPPER',163);
INSERT INTO "goldensample_variantcode" VALUES(252,'30101023 / 24','CADDY CITYVAN FOG/REV',164);
INSERT INTO "goldensample_variantcode" VALUES(253,'30101025 / 26','CADDY CITYVAN TURN',165);
INSERT INTO "goldensample_variantcode" VALUES(254,'30101031 / 32','CADDY CITYVAN TAIL A',166);
INSERT INTO "goldensample_variantcode" VALUES(255,'30101027 / 28','CADDY CITYVAN TAIL B',167);
INSERT INTO "goldensample_variantcode" VALUES(256,'30101029 / 30','CADDY CITYVAN STOP TAIL',168);
INSERT INTO "goldensample_variantcode" VALUES(257,'30100779','ID CROZZ HIGH - T2 STOP RH',88);
INSERT INTO "goldensample_variantcode" VALUES(258,'30100778','ID CROZZ HIGH - T2 STOP LH',169);
INSERT INTO "goldensample_variantcode" VALUES(261,'30101396 / 97','TIGUAN VW336 HIGH T1 TURN STOP',170);
INSERT INTO "goldensample_variantcode" VALUES(262,'30101398 / 99','TIGUAN VW336 HIGH T2 TURN STOP',171);
INSERT INTO "goldensample_variantcode" VALUES(263,'30101402 / 03','TIGUAN HIGH T2 TAIL LG REV/FOG UK',172);
INSERT INTO "goldensample_variantcode" VALUES(264,'30101793 / 94','TIGUAN VW336 HIGH T1 TURN STOP',170);
INSERT INTO "goldensample_variantcode" VALUES(265,'30101795 / 96','TIGUAN VW336 HIGH T2 TURN STOP',171);
INSERT INTO "goldensample_variantcode" VALUES(266,'30101127 / 28','M182 T2 MAIN+FOG ECE/SAE',173);
INSERT INTO "goldensample_variantcode" VALUES(267,'30101125 / 26','M182 T2 MAIN+FOG ECE/SAE',174);
INSERT INTO "goldensample_variantcode" VALUES(268,'30101374','Varroc_L550HL - LB_HB2',175);
CREATE TABLE "map_object" ("id" integer NOT NULL PRIMARY KEY AUTOINCREMENT, "name" varchar(255) NOT NULL, "color" varchar(7) NOT NULL);
CREATE UNIQUE INDEX "auth_group_permissions_group_id_permission_id_0cd325b0_uniq" ON "auth_group_permissions" ("group_id", "permission_id");
CREATE INDEX "auth_group_permissions_group_id_b120cbf9" ON "auth_group_permissions" ("group_id");
CREATE INDEX "auth_group_permissions_permission_id_84c5c92e" ON "auth_group_permissions" ("permission_id");
CREATE UNIQUE INDEX "auth_user_groups_user_id_group_id_94350c0c_uniq" ON "auth_user_groups" ("user_id", "group_id");
CREATE INDEX "auth_user_groups_user_id_6a12ed8b" ON "auth_user_groups" ("user_id");
CREATE INDEX "auth_user_groups_group_id_97559544" ON "auth_user_groups" ("group_id");
CREATE UNIQUE INDEX "auth_user_user_permissions_user_id_permission_id_14a6b632_uniq" ON "auth_user_user_permissions" ("user_id", "permission_id");
CREATE INDEX "auth_user_user_permissions_user_id_a95ead1b" ON "auth_user_user_permissions" ("user_id");
CREATE INDEX "auth_user_user_permissions_permission_id_1fbb5f2c" ON "auth_user_user_permissions" ("permission_id");
CREATE INDEX "django_admin_log_content_type_id_c4bce8eb" ON "django_admin_log" ("content_type_id");
CREATE INDEX "django_admin_log_user_id_c564eba6" ON "django_admin_log" ("user_id");
CREATE UNIQUE INDEX "django_content_type_app_label_model_76bd3d3b_uniq" ON "django_content_type" ("app_label", "model");
CREATE UNIQUE INDEX "auth_permission_content_type_id_codename_01ab375a_uniq" ON "auth_permission" ("content_type_id", "codename");
CREATE INDEX "auth_permission_content_type_id_2f476e4b" ON "auth_permission" ("content_type_id");
CREATE INDEX "base_counter_fixture_id_7fac7330" ON "base_counter" ("fixture_id");
CREATE INDEX "base_counterhistory_fixture_id_a1a7c525" ON "base_counterhistory" ("fixture_id");
CREATE INDEX "django_session_expire_date_a5c62663" ON "django_session" ("expire_date");
CREATE INDEX "base_fixture_counter_last_maint_id_fade6777" ON "base_fixture" ("counter_last_maint_id");
CREATE INDEX "base_fixture_counter_all_id_347f5f27" ON "base_fixture" ("counter_all_id");
CREATE UNIQUE INDEX "django_eventstream_event_channel_eid_20f68a1a_uniq" ON "django_eventstream_event" ("channel", "eid");
CREATE INDEX "django_eventstream_event_channel_49bacd5e" ON "django_eventstream_event" ("channel");
CREATE INDEX "django_eventstream_event_type_0e7a664e" ON "django_eventstream_event" ("type");
CREATE INDEX "django_eventstream_event_eid_2da5c1c0" ON "django_eventstream_event" ("eid");
CREATE INDEX "django_eventstream_event_created_039c5d02" ON "django_eventstream_event" ("created");
CREATE INDEX "django_eventstream_eventcounter_updated_0b6f9a25" ON "django_eventstream_eventcounter" ("updated");
CREATE INDEX "goldensample_goldensample_variant_id_b95f1a19" ON "goldensample_goldensample" ("variant_id");
CREATE INDEX "goldensample_variantcode_group_id_fe1d9bd5" ON "goldensample_variantcode" ("group_id");
CREATE INDEX "checkprocess_productobjectprocesslog_product_object_process_id_d0f96ab8" ON "checkprocess_productobjectprocesslog" ("product_object_process_id");
CREATE INDEX "checkprocess_productobjectprocesslog_place_id_f0fac8ce" ON "checkprocess_productobjectprocesslog" ("place_id");
CREATE UNIQUE INDEX "checkprocess_productobjectprocess_product_object_id_process_id_6814418d_uniq" ON "checkprocess_productobjectprocess" ("product_object_id", "process_id");
CREATE INDEX "checkprocess_productobjectprocess_process_id_d12dd0ae" ON "checkprocess_productobjectprocess" ("process_id");
CREATE INDEX "checkprocess_productobjectprocess_product_object_id_e5de6216" ON "checkprocess_productobjectprocess" ("product_object_id");
CREATE INDEX "checkprocess_apptokill_line_name_id_258adc01" ON "checkprocess_apptokill" ("line_name_id");
CREATE INDEX "checkprocess_place_process_id_8c20a863" ON "checkprocess_place" ("process_id");
CREATE INDEX "checkprocess_productprocess_product_id_d3104993" ON "checkprocess_productprocess" ("product_id");
CREATE INDEX "checkprocess_productobject_product_id_707c239d" ON "checkprocess_productobject" ("product_id");
CREATE INDEX "checkprocess_productobject_current_place_id_5f41ee9e" ON "checkprocess_productobject" ("current_place_id");
CREATE INDEX "checkprocess_productobject_current_process_id_0f803c5b" ON "checkprocess_productobject" ("current_process_id");
CREATE INDEX "checkprocess_productobject_mother_object_id_61ce5ac9" ON "checkprocess_productobject" ("mother_object_id");
CREATE INDEX "checkprocess_backmapprocess_back_id_914adaab" ON "checkprocess_backmapprocess" ("back_id");
CREATE INDEX "checkprocess_backmapprocess_front_id_06c6b89d" ON "checkprocess_backmapprocess" ("front_id");
CREATE INDEX "checkprocess_edge_source_id_c00f6770" ON "checkprocess_edge" ("source_id");
CREATE INDEX "checkprocess_edge_target_id_206f15d6" ON "checkprocess_edge" ("target_id");
CREATE INDEX "checkprocess_subproduct_product_id_302a9e47" ON "checkprocess_subproduct" ("product_id");
DELETE FROM "sqlite_sequence";
INSERT INTO "sqlite_sequence" VALUES('django_migrations',65);
INSERT INTO "sqlite_sequence" VALUES('django_admin_log',683);
INSERT INTO "sqlite_sequence" VALUES('django_content_type',29);
INSERT INTO "sqlite_sequence" VALUES('auth_permission',116);
INSERT INTO "sqlite_sequence" VALUES('auth_group',0);
INSERT INTO "sqlite_sequence" VALUES('auth_user',3);
INSERT INTO "sqlite_sequence" VALUES('base_countersumfromlastmaint',79);
INSERT INTO "sqlite_sequence" VALUES('base_fullcounter',79);
INSERT INTO "sqlite_sequence" VALUES('base_counterhistory',35);
INSERT INTO "sqlite_sequence" VALUES('base_fixture',80);
INSERT INTO "sqlite_sequence" VALUES('goldensample_goldensample',1087);
INSERT INTO "sqlite_sequence" VALUES('goldensample_variantcode',268);
INSERT INTO "sqlite_sequence" VALUES('goldensample_counterongolden',1034);
INSERT INTO "sqlite_sequence" VALUES('base_machine',0);
INSERT INTO "sqlite_sequence" VALUES('goldensample_groupvariantcode',175);
INSERT INTO "sqlite_sequence" VALUES('goldensample_mapsample',70);
INSERT INTO "sqlite_sequence" VALUES('checkprocess_productobjectprocess',632);
INSERT INTO "sqlite_sequence" VALUES('checkprocess_productobjectprocesslog',245);
INSERT INTO "sqlite_sequence" VALUES('checkprocess_apptokill',1);
INSERT INTO "sqlite_sequence" VALUES('checkprocess_place',11);
INSERT INTO "sqlite_sequence" VALUES('checkprocess_productprocess',7);
INSERT INTO "sqlite_sequence" VALUES('checkprocess_productobject',144);
INSERT INTO "sqlite_sequence" VALUES('checkprocess_product',2);
INSERT INTO "sqlite_sequence" VALUES('checkprocess_backmapprocess',1);
INSERT INTO "sqlite_sequence" VALUES('checkprocess_subproduct',0);
COMMIT;
