BEGIN TRANSACTION;
CREATE TABLE "auth_group" ("id" integer NOT NULL PRIMARY KEY AUTOINCREMENT, "name" varchar(150) NOT NULL UNIQUE);
CREATE TABLE "auth_group_permissions" ("id" integer NOT NULL PRIMARY KEY AUTOINCREMENT, "group_id" integer NOT NULL REFERENCES "auth_group" ("id") DEFERRABLE INITIALLY DEFERRED, "permission_id" integer NOT NULL REFERENCES "auth_permission" ("id") DEFERRABLE INITIALLY DEFERRED);
CREATE TABLE "auth_permission" ("id" integer NOT NULL PRIMARY KEY AUTOINCREMENT, "content_type_id" integer NOT NULL REFERENCES "django_content_type" ("id") DEFERRABLE INITIALLY DEFERRED, "codename" varchar(100) NOT NULL, "name" varchar(255) NOT NULL);
INSERT INTO "auth_permission" VALUES(1,1,'add_logentry','Can add log entry');
INSERT INTO "auth_permission" VALUES(2,1,'change_logentry','Can change log entry');
INSERT INTO "auth_permission" VALUES(3,1,'delete_logentry','Can delete log entry');
INSERT INTO "auth_permission" VALUES(4,1,'view_logentry','Can view log entry');
INSERT INTO "auth_permission" VALUES(5,2,'add_permission','Can add permission');
INSERT INTO "auth_permission" VALUES(6,2,'change_permission','Can change permission');
INSERT INTO "auth_permission" VALUES(7,2,'delete_permission','Can delete permission');
INSERT INTO "auth_permission" VALUES(8,2,'view_permission','Can view permission');
INSERT INTO "auth_permission" VALUES(9,3,'add_group','Can add group');
INSERT INTO "auth_permission" VALUES(10,3,'change_group','Can change group');
INSERT INTO "auth_permission" VALUES(11,3,'delete_group','Can delete group');
INSERT INTO "auth_permission" VALUES(12,3,'view_group','Can view group');
INSERT INTO "auth_permission" VALUES(13,4,'add_user','Can add user');
INSERT INTO "auth_permission" VALUES(14,4,'change_user','Can change user');
INSERT INTO "auth_permission" VALUES(15,4,'delete_user','Can delete user');
INSERT INTO "auth_permission" VALUES(16,4,'view_user','Can view user');
INSERT INTO "auth_permission" VALUES(17,5,'add_contenttype','Can add content type');
INSERT INTO "auth_permission" VALUES(18,5,'change_contenttype','Can change content type');
INSERT INTO "auth_permission" VALUES(19,5,'delete_contenttype','Can delete content type');
INSERT INTO "auth_permission" VALUES(20,5,'view_contenttype','Can view content type');
INSERT INTO "auth_permission" VALUES(21,6,'add_session','Can add session');
INSERT INTO "auth_permission" VALUES(22,6,'change_session','Can change session');
INSERT INTO "auth_permission" VALUES(23,6,'delete_session','Can delete session');
INSERT INTO "auth_permission" VALUES(24,6,'view_session','Can view session');
INSERT INTO "auth_permission" VALUES(25,7,'add_event','Can add event');
INSERT INTO "auth_permission" VALUES(26,7,'change_event','Can change event');
INSERT INTO "auth_permission" VALUES(27,7,'delete_event','Can delete event');
INSERT INTO "auth_permission" VALUES(28,7,'view_event','Can view event');
INSERT INTO "auth_permission" VALUES(29,8,'add_eventcounter','Can add event counter');
INSERT INTO "auth_permission" VALUES(30,8,'change_eventcounter','Can change event counter');
INSERT INTO "auth_permission" VALUES(31,8,'delete_eventcounter','Can delete event counter');
INSERT INTO "auth_permission" VALUES(32,8,'view_eventcounter','Can view event counter');
INSERT INTO "auth_permission" VALUES(33,9,'add_countersumfromlastmaint','Can add counter sum from last maint');
INSERT INTO "auth_permission" VALUES(34,9,'change_countersumfromlastmaint','Can change counter sum from last maint');
INSERT INTO "auth_permission" VALUES(35,9,'delete_countersumfromlastmaint','Can delete counter sum from last maint');
INSERT INTO "auth_permission" VALUES(36,9,'view_countersumfromlastmaint','Can view counter sum from last maint');
INSERT INTO "auth_permission" VALUES(37,10,'add_fixture','Can add fixture');
INSERT INTO "auth_permission" VALUES(38,10,'change_fixture','Can change fixture');
INSERT INTO "auth_permission" VALUES(39,10,'delete_fixture','Can delete fixture');
INSERT INTO "auth_permission" VALUES(40,10,'view_fixture','Can view fixture');
INSERT INTO "auth_permission" VALUES(41,11,'add_counter','Can add counter');
INSERT INTO "auth_permission" VALUES(42,11,'change_counter','Can change counter');
INSERT INTO "auth_permission" VALUES(43,11,'delete_counter','Can delete counter');
INSERT INTO "auth_permission" VALUES(44,11,'view_counter','Can view counter');
INSERT INTO "auth_permission" VALUES(45,12,'add_fullcounter','Can add full counter');
INSERT INTO "auth_permission" VALUES(46,12,'change_fullcounter','Can change full counter');
INSERT INTO "auth_permission" VALUES(47,12,'delete_fullcounter','Can delete full counter');
INSERT INTO "auth_permission" VALUES(48,12,'view_fullcounter','Can view full counter');
INSERT INTO "auth_permission" VALUES(49,13,'add_counterhistory','Can add counter history');
INSERT INTO "auth_permission" VALUES(50,13,'change_counterhistory','Can change counter history');
INSERT INTO "auth_permission" VALUES(51,13,'delete_counterhistory','Can delete counter history');
INSERT INTO "auth_permission" VALUES(52,13,'view_counterhistory','Can view counter history');
INSERT INTO "auth_permission" VALUES(53,14,'add_machine','Can add machine');
INSERT INTO "auth_permission" VALUES(54,14,'change_machine','Can change machine');
INSERT INTO "auth_permission" VALUES(55,14,'delete_machine','Can delete machine');
INSERT INTO "auth_permission" VALUES(56,14,'view_machine','Can view machine');
INSERT INTO "auth_permission" VALUES(57,15,'add_machinecondition','Can add machine condition');
INSERT INTO "auth_permission" VALUES(58,15,'change_machinecondition','Can change machine condition');
INSERT INTO "auth_permission" VALUES(59,15,'delete_machinecondition','Can delete machine condition');
INSERT INTO "auth_permission" VALUES(60,15,'view_machinecondition','Can view machine condition');
INSERT INTO "auth_permission" VALUES(61,16,'add_object','Can add object');
INSERT INTO "auth_permission" VALUES(62,16,'change_object','Can change object');
INSERT INTO "auth_permission" VALUES(63,16,'delete_object','Can delete object');
INSERT INTO "auth_permission" VALUES(64,16,'view_object','Can view object');
INSERT INTO "auth_permission" VALUES(65,17,'add_variantcode','Can add variant code');
INSERT INTO "auth_permission" VALUES(66,17,'change_variantcode','Can change variant code');
INSERT INTO "auth_permission" VALUES(67,17,'delete_variantcode','Can delete variant code');
INSERT INTO "auth_permission" VALUES(68,17,'view_variantcode','Can view variant code');
INSERT INTO "auth_permission" VALUES(69,18,'add_groupvariantcode','Can add group variant code');
INSERT INTO "auth_permission" VALUES(70,18,'change_groupvariantcode','Can change group variant code');
INSERT INTO "auth_permission" VALUES(71,18,'delete_groupvariantcode','Can delete group variant code');
INSERT INTO "auth_permission" VALUES(72,18,'view_groupvariantcode','Can view group variant code');
INSERT INTO "auth_permission" VALUES(73,19,'add_goldensample','Can add golden sample');
INSERT INTO "auth_permission" VALUES(74,19,'change_goldensample','Can change golden sample');
INSERT INTO "auth_permission" VALUES(75,19,'delete_goldensample','Can delete golden sample');
INSERT INTO "auth_permission" VALUES(76,19,'view_goldensample','Can view golden sample');
INSERT INTO "auth_permission" VALUES(77,20,'add_counterongolden','Can add counter on golden');
INSERT INTO "auth_permission" VALUES(78,20,'change_counterongolden','Can change counter on golden');
INSERT INTO "auth_permission" VALUES(79,20,'delete_counterongolden','Can delete counter on golden');
INSERT INTO "auth_permission" VALUES(80,20,'view_counterongolden','Can view counter on golden');
INSERT INTO "auth_permission" VALUES(81,21,'add_mapsample','Can add map sample');
INSERT INTO "auth_permission" VALUES(82,21,'change_mapsample','Can change map sample');
INSERT INTO "auth_permission" VALUES(83,21,'delete_mapsample','Can delete map sample');
INSERT INTO "auth_permission" VALUES(84,21,'view_mapsample','Can view map sample');
INSERT INTO "auth_permission" VALUES(85,22,'add_product','Can add product');
INSERT INTO "auth_permission" VALUES(86,22,'change_product','Can change product');
INSERT INTO "auth_permission" VALUES(87,22,'delete_product','Can delete product');
INSERT INTO "auth_permission" VALUES(88,22,'view_product','Can view product');
INSERT INTO "auth_permission" VALUES(89,23,'add_productprocess','Can add product process');
INSERT INTO "auth_permission" VALUES(90,23,'change_productprocess','Can change product process');
INSERT INTO "auth_permission" VALUES(91,23,'delete_productprocess','Can delete product process');
INSERT INTO "auth_permission" VALUES(92,23,'view_productprocess','Can view product process');
INSERT INTO "auth_permission" VALUES(93,24,'add_productobject','Can add product object');
INSERT INTO "auth_permission" VALUES(94,24,'change_productobject','Can change product object');
INSERT INTO "auth_permission" VALUES(95,24,'delete_productobject','Can delete product object');
INSERT INTO "auth_permission" VALUES(96,24,'view_productobject','Can view product object');
INSERT INTO "auth_permission" VALUES(97,25,'add_productobjectprocess','Can add product object process');
INSERT INTO "auth_permission" VALUES(98,25,'change_productobjectprocess','Can change product object process');
INSERT INTO "auth_permission" VALUES(99,25,'delete_productobjectprocess','Can delete product object process');
INSERT INTO "auth_permission" VALUES(100,25,'view_productobjectprocess','Can view product object process');
INSERT INTO "auth_permission" VALUES(101,26,'add_productobjectprocesslog','Can add product object process log');
INSERT INTO "auth_permission" VALUES(102,26,'change_productobjectprocesslog','Can change product object process log');
INSERT INTO "auth_permission" VALUES(103,26,'delete_productobjectprocesslog','Can delete product object process log');
INSERT INTO "auth_permission" VALUES(104,26,'view_productobjectprocesslog','Can view product object process log');
INSERT INTO "auth_permission" VALUES(105,27,'add_place','Can add place');
INSERT INTO "auth_permission" VALUES(106,27,'change_place','Can change place');
INSERT INTO "auth_permission" VALUES(107,27,'delete_place','Can delete place');
INSERT INTO "auth_permission" VALUES(108,27,'view_place','Can view place');
INSERT INTO "auth_permission" VALUES(109,28,'add_apptokill','Can add app to kill');
INSERT INTO "auth_permission" VALUES(110,28,'change_apptokill','Can change app to kill');
INSERT INTO "auth_permission" VALUES(111,28,'delete_apptokill','Can delete app to kill');
INSERT INTO "auth_permission" VALUES(112,28,'view_apptokill','Can view app to kill');
INSERT INTO "auth_permission" VALUES(113,29,'add_backmapprocess','Can add back map process');
INSERT INTO "auth_permission" VALUES(114,29,'change_backmapprocess','Can change back map process');
INSERT INTO "auth_permission" VALUES(115,29,'delete_backmapprocess','Can delete back map process');
INSERT INTO "auth_permission" VALUES(116,29,'view_backmapprocess','Can view back map process');
INSERT INTO "auth_permission" VALUES(117,30,'add_node','Can add node');
INSERT INTO "auth_permission" VALUES(118,30,'change_node','Can change node');
INSERT INTO "auth_permission" VALUES(119,30,'delete_node','Can delete node');
INSERT INTO "auth_permission" VALUES(120,30,'view_node','Can view node');
INSERT INTO "auth_permission" VALUES(121,31,'add_edge','Can add edge');
INSERT INTO "auth_permission" VALUES(122,31,'change_edge','Can change edge');
INSERT INTO "auth_permission" VALUES(123,31,'delete_edge','Can delete edge');
INSERT INTO "auth_permission" VALUES(124,31,'view_edge','Can view edge');
INSERT INTO "auth_permission" VALUES(125,32,'add_subproduct','Can add sub product');
INSERT INTO "auth_permission" VALUES(126,32,'change_subproduct','Can change sub product');
INSERT INTO "auth_permission" VALUES(127,32,'delete_subproduct','Can delete sub product');
INSERT INTO "auth_permission" VALUES(128,32,'view_subproduct','Can view sub product');
INSERT INTO "auth_permission" VALUES(129,33,'add_productprocesscondition','Can add product process condition');
INSERT INTO "auth_permission" VALUES(130,33,'change_productprocesscondition','Can change product process condition');
INSERT INTO "auth_permission" VALUES(131,33,'delete_productprocesscondition','Can delete product process condition');
INSERT INTO "auth_permission" VALUES(132,33,'view_productprocesscondition','Can view product process condition');
INSERT INTO "auth_permission" VALUES(133,34,'add_productprocessdefault','Can add product process default');
INSERT INTO "auth_permission" VALUES(134,34,'change_productprocessdefault','Can change product process default');
INSERT INTO "auth_permission" VALUES(135,34,'delete_productprocessdefault','Can delete product process default');
INSERT INTO "auth_permission" VALUES(136,34,'view_productprocessdefault','Can view product process default');
INSERT INTO "auth_permission" VALUES(137,35,'add_productprocessending','Can add product process ending');
INSERT INTO "auth_permission" VALUES(138,35,'change_productprocessending','Can change product process ending');
INSERT INTO "auth_permission" VALUES(139,35,'delete_productprocessending','Can delete product process ending');
INSERT INTO "auth_permission" VALUES(140,35,'view_productprocessending','Can view product process ending');
INSERT INTO "auth_permission" VALUES(141,36,'add_productprocessstart','Can add product process start');
INSERT INTO "auth_permission" VALUES(142,36,'change_productprocessstart','Can change product process start');
INSERT INTO "auth_permission" VALUES(143,36,'delete_productprocessstart','Can delete product process start');
INSERT INTO "auth_permission" VALUES(144,36,'view_productprocessstart','Can view product process start');
INSERT INTO "auth_permission" VALUES(145,37,'add_onetoonemap','Can add one to one map');
INSERT INTO "auth_permission" VALUES(146,37,'change_onetoonemap','Can change one to one map');
INSERT INTO "auth_permission" VALUES(147,37,'delete_onetoonemap','Can delete one to one map');
INSERT INTO "auth_permission" VALUES(148,37,'view_onetoonemap','Can view one to one map');
INSERT INTO "auth_permission" VALUES(149,38,'add_lastproductonplace','Can add last product on place');
INSERT INTO "auth_permission" VALUES(150,38,'change_lastproductonplace','Can change last product on place');
INSERT INTO "auth_permission" VALUES(151,38,'delete_lastproductonplace','Can delete last product on place');
INSERT INTO "auth_permission" VALUES(152,38,'view_lastproductonplace','Can view last product on place');
CREATE TABLE "auth_user" ("id" integer NOT NULL PRIMARY KEY AUTOINCREMENT, "password" varchar(128) NOT NULL, "last_login" datetime NULL, "is_superuser" bool NOT NULL, "username" varchar(150) NOT NULL UNIQUE, "last_name" varchar(150) NOT NULL, "email" varchar(254) NOT NULL, "is_staff" bool NOT NULL, "is_active" bool NOT NULL, "date_joined" datetime NOT NULL, "first_name" varchar(150) NOT NULL);
INSERT INTO "auth_user" VALUES(1,'pbkdf2_sha256$870000$rskK81K8e2In0B3sLJbmCa$q0QgmsWoRj0oZSKlalCL36uKLXU3m9s4TNgcbm8gVmE=','2025-08-04 08:30:26.232117',1,'Szabson','','szymonzaba75@gmial.com',1,1,'2025-07-11 11:08:44.881571','');
CREATE TABLE "auth_user_groups" ("id" integer NOT NULL PRIMARY KEY AUTOINCREMENT, "user_id" integer NOT NULL REFERENCES "auth_user" ("id") DEFERRABLE INITIALLY DEFERRED, "group_id" integer NOT NULL REFERENCES "auth_group" ("id") DEFERRABLE INITIALLY DEFERRED);
CREATE TABLE "auth_user_user_permissions" ("id" integer NOT NULL PRIMARY KEY AUTOINCREMENT, "user_id" integer NOT NULL REFERENCES "auth_user" ("id") DEFERRABLE INITIALLY DEFERRED, "permission_id" integer NOT NULL REFERENCES "auth_permission" ("id") DEFERRABLE INITIALLY DEFERRED);
CREATE TABLE "base_counter" ("id" integer NOT NULL PRIMARY KEY AUTOINCREMENT, "time_date" datetime NOT NULL, "fixture_id" bigint NULL REFERENCES "base_fixture" ("id") DEFERRABLE INITIALLY DEFERRED);
CREATE TABLE "base_counterhistory" ("id" integer NOT NULL PRIMARY KEY AUTOINCREMENT, "date" datetime NOT NULL, "counter" integer NOT NULL, "fixture_id" bigint NULL REFERENCES "base_fixture" ("id") DEFERRABLE INITIALLY DEFERRED);
CREATE TABLE "base_countersumfromlastmaint" ("id" integer NOT NULL PRIMARY KEY AUTOINCREMENT, "counter" integer NOT NULL);
CREATE TABLE "base_fixture" ("id" integer NOT NULL PRIMARY KEY AUTOINCREMENT, "name" varchar(255) NOT NULL, "created_date" datetime NOT NULL, "counter_last_maint_id" bigint NULL REFERENCES "base_countersumfromlastmaint" ("id") DEFERRABLE INITIALLY DEFERRED, "counter_all_id" bigint NULL REFERENCES "base_fullcounter" ("id") DEFERRABLE INITIALLY DEFERRED, "cycles_limit" integer NOT NULL);
CREATE TABLE "base_fullcounter" ("id" integer NOT NULL PRIMARY KEY AUTOINCREMENT, "counter" integer NOT NULL);
CREATE TABLE "base_machine" ("id" integer NOT NULL PRIMARY KEY AUTOINCREMENT, "machine_name" varchar(255) NOT NULL, "machine_id" varchar(255) NULL);
CREATE TABLE "base_machinecondition" ("id" integer NOT NULL PRIMARY KEY AUTOINCREMENT, "last_variant" varchar(255) NULL, "machine_id" bigint NOT NULL UNIQUE REFERENCES "base_machine" ("id") DEFERRABLE INITIALLY DEFERRED);
CREATE TABLE "checkprocess_apptokill" ("id" integer NOT NULL PRIMARY KEY AUTOINCREMENT, "killing_flag" bool NOT NULL, "line_name_id" bigint NOT NULL REFERENCES "checkprocess_place" ("id") DEFERRABLE INITIALLY DEFERRED);
INSERT INTO "checkprocess_apptokill" VALUES(1,0,4);
CREATE TABLE "checkprocess_edge" ("id" char(32) NOT NULL PRIMARY KEY, "animated" bool NOT NULL, "source_id" char(32) NOT NULL REFERENCES "checkprocess_productprocess" ("id") DEFERRABLE INITIALLY DEFERRED, "target_id" char(32) NOT NULL REFERENCES "checkprocess_productprocess" ("id") DEFERRABLE INITIALLY DEFERRED, "type" varchar(50) NOT NULL, "label" varchar(255) NULL, "source_handle" varchar(255) NULL, "target_handle" varchar(255) NULL);
INSERT INTO "checkprocess_edge" VALUES('e5da14fd047248d7adb8117f916b9912',0,'f78d47cacecd462caf76036178800b0b','2c175313cbd54df39f2670bb32eb2c67','smoothstep','',NULL,NULL);
INSERT INTO "checkprocess_edge" VALUES('86ee3d57d0984ec987ad2bfe3b36689b',0,'2c175313cbd54df39f2670bb32eb2c67','fc94edf9165143e08684744fe16b41c3','smoothstep','',NULL,NULL);
INSERT INTO "checkprocess_edge" VALUES('360af82319614979a89d1bf9c8af50a9',0,'fc94edf9165143e08684744fe16b41c3','9601dd70976a4d43afc174375b7145aa','smoothstep','',NULL,NULL);
INSERT INTO "checkprocess_edge" VALUES('af329b15d599496cbf5b7d6576e57af2',0,'2c175313cbd54df39f2670bb32eb2c67','7d885af5264f4f5e9f7f180bb6ad0337','smoothstep','',NULL,NULL);
INSERT INTO "checkprocess_edge" VALUES('e3d0a3fda2394acfa4b7ff5b1c135c53',0,'7d885af5264f4f5e9f7f180bb6ad0337','43fe9272629e4b1f8a7626116862011c','smoothstep','',NULL,NULL);
INSERT INTO "checkprocess_edge" VALUES('b44bd74d9b544c098da1773380ac4518',1,'fc94edf9165143e08684744fe16b41c3','f78d47cacecd462caf76036178800b0b','smoothstep','',NULL,NULL);
INSERT INTO "checkprocess_edge" VALUES('604b7159537b4256ba559cbecc68d019',0,'2c175313cbd54df39f2670bb32eb2c67','f78d47cacecd462caf76036178800b0b','smoothstep','','bottom-out',NULL);
INSERT INTO "checkprocess_edge" VALUES('79679c97342d4d62a9a6460d8cecdfc7',0,'43fe9272629e4b1f8a7626116862011c','2c175313cbd54df39f2670bb32eb2c67','smoothstep','',NULL,'bottom-in');
INSERT INTO "checkprocess_edge" VALUES('28b691e9303d4d3297178d053e7bfd39',0,'33be61a514fa4c27a58fe70765a703ab','94e8714ced4645f3a7f0a2d2e7c8d393','smoothstep','',NULL,NULL);
INSERT INTO "checkprocess_edge" VALUES('de8dc66e3f244a31a44d95ec0f9ea026',0,'94e8714ced4645f3a7f0a2d2e7c8d393','9366ca8da0cd4f65a8f2bfc9542214a8','smoothstep','',NULL,NULL);
INSERT INTO "checkprocess_edge" VALUES('d68720d2662544da8382ffe02c4c4b03',0,'9366ca8da0cd4f65a8f2bfc9542214a8','7ebd5049648d48d7970b5a9b1c15cd74','smoothstep','',NULL,NULL);
INSERT INTO "checkprocess_edge" VALUES('91aefe7481a341ce9819bd66278b3d9a',1,'9366ca8da0cd4f65a8f2bfc9542214a8','94e8714ced4645f3a7f0a2d2e7c8d393','smoothstep',NULL,NULL,'bottom-in');
CREATE TABLE "checkprocess_place" ("id" integer NOT NULL PRIMARY KEY AUTOINCREMENT, "name" varchar(255) NOT NULL, "process_id" char(32) NULL REFERENCES "checkprocess_productprocess" ("id") DEFERRABLE INITIALLY DEFERRED, "only_one_product_object" bool NOT NULL);
INSERT INTO "checkprocess_place" VALUES(1,'Lodowka1',NULL,0);
INSERT INTO "checkprocess_place" VALUES(2,'Lodowka 1',NULL,0);
INSERT INTO "checkprocess_place" VALUES(3,'Szafa 1','94e8714ced4645f3a7f0a2d2e7c8d393',0);
INSERT INTO "checkprocess_place" VALUES(4,'Linia14','9366ca8da0cd4f65a8f2bfc9542214a8',1);
INSERT INTO "checkprocess_place" VALUES(5,'Kosz','7ebd5049648d48d7970b5a9b1c15cd74',0);
INSERT INTO "checkprocess_place" VALUES(6,'Lodowka 2',NULL,0);
INSERT INTO "checkprocess_place" VALUES(7,'Lodowka 3',NULL,0);
CREATE TABLE "checkprocess_product" ("id" integer NOT NULL PRIMARY KEY AUTOINCREMENT, "name" varchar(255) NOT NULL);
INSERT INTO "checkprocess_product" VALUES(6,'Sito');
INSERT INTO "checkprocess_product" VALUES(7,'Pasta Lutownicza');
CREATE TABLE "checkprocess_productobject" ("id" integer NOT NULL PRIMARY KEY AUTOINCREMENT, "serial_number" varchar(255) NOT NULL UNIQUE, "created_at" datetime NOT NULL, "product_id" bigint NOT NULL REFERENCES "checkprocess_product" ("id") DEFERRABLE INITIALLY DEFERRED, "expire_date" date NULL, "current_place_id" bigint NULL REFERENCES "checkprocess_place" ("id") DEFERRABLE INITIALLY DEFERRED, "current_process_id" char(32) NULL REFERENCES "checkprocess_productprocess" ("id") DEFERRABLE INITIALLY DEFERRED, "exp_date_in_process" date NULL, "full_sn" varchar(255) NULL UNIQUE, "production_date" date NULL, "quranteen_time" datetime NULL, "is_mother" bool NOT NULL, "ex_mother" varchar(255) NULL, "end" bool NOT NULL, "mother_object_id" bigint NULL REFERENCES "checkprocess_productobject" ("id") DEFERRABLE INITIALLY DEFERRED, "sub_product_id" bigint NULL REFERENCES "checkprocess_subproduct" ("id") DEFERRABLE INITIALLY DEFERRED);
INSERT INTO "checkprocess_productobject" VALUES(28,'529106535149','2025-08-04 10:44:49.097581',7,'2025-11-13',5,'7ebd5049648d48d7970b5a9b1c15cd74','2025-08-18','[)>@06@1P262298@1T52910653@3SS529106535149@Q0KGM600@6D20250517@14D20251113@@','2025-05-17','2025-08-04 10:45:02',0,NULL,1,NULL,4);
INSERT INTO "checkprocess_productobject" VALUES(29,'529124257202','2025-08-04 12:19:19.238384',7,'2025-11-26',NULL,'33be61a514fa4c27a58fe70765a703ab','2025-08-18','[)>@06@1P262298@1T52912425@3SS529124257202@Q0KGM600@6D20250530@14D20251126@@','2025-05-30','2025-08-05 12:19:54.392107',0,NULL,1,NULL,4);
INSERT INTO "checkprocess_productobject" VALUES(30,'529124257216','2025-08-05 08:18:06.993970',7,'2025-11-26',5,'7ebd5049648d48d7970b5a9b1c15cd74',NULL,'[)>@06@1P262298@1T52912425@3SS529124257216@Q0KGM600@6D20250530@14D20251126@@','2025-05-30',NULL,0,NULL,1,NULL,4);
INSERT INTO "checkprocess_productobject" VALUES(31,'529124257199','2025-08-05 10:06:17.919452',7,'2025-11-26',2,'33be61a514fa4c27a58fe70765a703ab',NULL,NULL,'2025-05-30',NULL,0,NULL,0,NULL,4);
INSERT INTO "checkprocess_productobject" VALUES(32,'529106535146','2025-08-05 10:06:17.924578',7,'2025-11-13',2,'33be61a514fa4c27a58fe70765a703ab',NULL,NULL,'2025-05-17',NULL,0,NULL,0,NULL,4);
INSERT INTO "checkprocess_productobject" VALUES(33,'529124257220','2025-08-05 10:06:17.926573',7,'2025-11-26',2,'33be61a514fa4c27a58fe70765a703ab',NULL,NULL,'2025-05-30',NULL,0,NULL,0,NULL,4);
INSERT INTO "checkprocess_productobject" VALUES(34,'529106535124','2025-08-05 10:10:16.193139',7,'2025-11-13',6,'33be61a514fa4c27a58fe70765a703ab',NULL,NULL,'2025-05-17',NULL,0,NULL,0,NULL,4);
INSERT INTO "checkprocess_productobject" VALUES(35,'529124257224','2025-08-05 10:10:16.195136',7,'2025-11-26',6,'33be61a514fa4c27a58fe70765a703ab',NULL,NULL,'2025-05-30',NULL,0,NULL,0,NULL,4);
INSERT INTO "checkprocess_productobject" VALUES(36,'529106534106','2025-08-05 10:17:21.704866',7,'2025-11-13',7,'33be61a514fa4c27a58fe70765a703ab',NULL,NULL,'2025-05-17',NULL,0,NULL,0,NULL,4);
INSERT INTO "checkprocess_productobject" VALUES(37,'529106534100','2025-08-05 10:17:21.707860',7,'2025-11-13',7,'33be61a514fa4c27a58fe70765a703ab',NULL,NULL,'2025-05-17',NULL,0,NULL,0,NULL,4);
INSERT INTO "checkprocess_productobject" VALUES(38,'529106534990','2025-08-05 10:17:21.709907',7,'2025-11-13',7,'33be61a514fa4c27a58fe70765a703ab',NULL,NULL,'2025-05-17',NULL,0,NULL,0,NULL,4);
CREATE TABLE "checkprocess_productobjectprocess" ("id" integer NOT NULL PRIMARY KEY AUTOINCREMENT, "process_id" char(32) NOT NULL REFERENCES "checkprocess_productprocess" ("id") DEFERRABLE INITIALLY DEFERRED, "product_object_id" bigint NOT NULL REFERENCES "checkprocess_productobject" ("id") DEFERRABLE INITIALLY DEFERRED);
CREATE TABLE "checkprocess_productobjectprocesslog" ("id" integer NOT NULL PRIMARY KEY AUTOINCREMENT, "entry_time" datetime NOT NULL, "who_entry" varchar(255) NULL, "exit_time" datetime NULL, "who_exit" varchar(255) NULL, "place_id" bigint NULL REFERENCES "checkprocess_place" ("id") DEFERRABLE INITIALLY DEFERRED, "process_id" char(32) NULL REFERENCES "checkprocess_productprocess" ("id") DEFERRABLE INITIALLY DEFERRED, "product_object_id" bigint NOT NULL REFERENCES "checkprocess_productobject" ("id") DEFERRABLE INITIALLY DEFERRED);
INSERT INTO "checkprocess_productobjectprocesslog" VALUES(30,'2025-08-04 10:44:49.102590','123131','2025-08-04 10:45:02.604577','123123',2,'33be61a514fa4c27a58fe70765a703ab',28);
INSERT INTO "checkprocess_productobjectprocesslog" VALUES(31,'2025-08-04 10:45:17.185783','123123','2025-08-04 10:46:17.877082','1231',3,'94e8714ced4645f3a7f0a2d2e7c8d393',28);
INSERT INTO "checkprocess_productobjectprocesslog" VALUES(32,'2025-08-04 10:57:15.922287','123123','2025-08-04 11:00:07.309539','123123',4,'9366ca8da0cd4f65a8f2bfc9542214a8',28);
INSERT INTO "checkprocess_productobjectprocesslog" VALUES(33,'2025-08-04 11:01:51.982946','123123',NULL,NULL,5,'7ebd5049648d48d7970b5a9b1c15cd74',28);
INSERT INTO "checkprocess_productobjectprocesslog" VALUES(34,'2025-08-04 12:19:19.242374','1231','2025-08-04 12:19:54.395099','123123',2,'33be61a514fa4c27a58fe70765a703ab',29);
INSERT INTO "checkprocess_productobjectprocesslog" VALUES(35,'2025-08-05 07:50:15.818649','231231',NULL,NULL,5,'7ebd5049648d48d7970b5a9b1c15cd74',29);
INSERT INTO "checkprocess_productobjectprocesslog" VALUES(36,'2025-08-05 07:51:50.207953','231231',NULL,NULL,5,'7ebd5049648d48d7970b5a9b1c15cd74',28);
INSERT INTO "checkprocess_productobjectprocesslog" VALUES(37,'2025-08-05 08:18:06.996963','123213',NULL,NULL,2,'33be61a514fa4c27a58fe70765a703ab',30);
INSERT INTO "checkprocess_productobjectprocesslog" VALUES(38,'2025-08-05 08:18:41.059709','123123',NULL,NULL,5,'7ebd5049648d48d7970b5a9b1c15cd74',30);
INSERT INTO "checkprocess_productobjectprocesslog" VALUES(39,'2025-08-05 10:06:17.923587','lalala',NULL,NULL,2,'33be61a514fa4c27a58fe70765a703ab',31);
INSERT INTO "checkprocess_productobjectprocesslog" VALUES(40,'2025-08-05 10:06:17.925575','lalala',NULL,NULL,2,'33be61a514fa4c27a58fe70765a703ab',32);
INSERT INTO "checkprocess_productobjectprocesslog" VALUES(41,'2025-08-05 10:06:17.926573','lalala',NULL,NULL,2,'33be61a514fa4c27a58fe70765a703ab',33);
INSERT INTO "checkprocess_productobjectprocesslog" VALUES(42,'2025-08-05 10:10:16.194136','12313',NULL,NULL,6,'33be61a514fa4c27a58fe70765a703ab',34);
INSERT INTO "checkprocess_productobjectprocesslog" VALUES(43,'2025-08-05 10:10:16.196132','12313',NULL,NULL,6,'33be61a514fa4c27a58fe70765a703ab',35);
INSERT INTO "checkprocess_productobjectprocesslog" VALUES(44,'2025-08-05 10:17:21.706861','12313',NULL,NULL,7,'33be61a514fa4c27a58fe70765a703ab',36);
INSERT INTO "checkprocess_productobjectprocesslog" VALUES(45,'2025-08-05 10:17:21.708857','12313',NULL,NULL,7,'33be61a514fa4c27a58fe70765a703ab',37);
INSERT INTO "checkprocess_productobjectprocesslog" VALUES(46,'2025-08-05 10:17:21.709907','12313',NULL,NULL,7,'33be61a514fa4c27a58fe70765a703ab',38);
CREATE TABLE "checkprocess_productprocess" ("pos_x" real NOT NULL, "id" char(32) NOT NULL PRIMARY KEY, "is_required" bool NOT NULL, "product_id" bigint NOT NULL REFERENCES "checkprocess_product" ("id") DEFERRABLE INITIALLY DEFERRED, "label" varchar(255) NOT NULL, "pos_y" real NOT NULL, "type" varchar(255) NOT NULL);
INSERT INTO "checkprocess_productprocess" VALUES(100.0,'f78d47cacecd462caf76036178800b0b',1,6,'Szafa',300.0,'add_receive');
INSERT INTO "checkprocess_productprocess" VALUES(300.0,'2c175313cbd54df39f2670bb32eb2c67',1,6,'Kontrola',300.0,'condition');
INSERT INTO "checkprocess_productprocess" VALUES(506.0,'fc94edf9165143e08684744fe16b41c3',1,6,'Naprawa',154.0,'normal');
INSERT INTO "checkprocess_productprocess" VALUES(712.0,'9601dd70976a4d43afc174375b7145aa',1,6,'Kosz na śmieci',154.0,'end');
INSERT INTO "checkprocess_productprocess" VALUES(506.0,'7d885af5264f4f5e9f7f180bb6ad0337',1,6,'Linia',300.0,'normal');
INSERT INTO "checkprocess_productprocess" VALUES(709.0,'43fe9272629e4b1f8a7626116862011c',1,6,'Myjka',300.0,'normal');
INSERT INTO "checkprocess_productprocess" VALUES(259.0,'33be61a514fa4c27a58fe70765a703ab',1,7,'Lodówka',269.0,'add_receive');
INSERT INTO "checkprocess_productprocess" VALUES(426.0,'94e8714ced4645f3a7f0a2d2e7c8d393',1,7,'Szafa produkcyjna',269.0,'normal');
INSERT INTO "checkprocess_productprocess" VALUES(594.0,'9366ca8da0cd4f65a8f2bfc9542214a8',1,7,'Linia',269.0,'normal');
INSERT INTO "checkprocess_productprocess" VALUES(762.0,'7ebd5049648d48d7970b5a9b1c15cd74',1,7,'Kosz na śmieci',269.0,'end');
CREATE TABLE "checkprocess_productprocesscondition" ("id" integer NOT NULL PRIMARY KEY AUTOINCREMENT, "product_process_id" char(32) NOT NULL REFERENCES "checkprocess_productprocess" ("id") DEFERRABLE INITIALLY DEFERRED, "pass_fail" bool NOT NULL);
INSERT INTO "checkprocess_productprocesscondition" VALUES(5,'2c175313cbd54df39f2670bb32eb2c67',1);
CREATE TABLE "checkprocess_productprocessdefault" ("id" integer NOT NULL PRIMARY KEY AUTOINCREMENT, "product_process_id" char(32) NOT NULL REFERENCES "checkprocess_productprocess" ("id") DEFERRABLE INITIALLY DEFERRED, "how_much_days_exp_date" integer NULL, "quranteen_time" integer NULL, "respect_quranteen_time" bool NOT NULL, "expecting_child" bool NOT NULL, "killing_app" bool NOT NULL);
INSERT INTO "checkprocess_productprocessdefault" VALUES(19,'fc94edf9165143e08684744fe16b41c3',NULL,NULL,0,0,0);
INSERT INTO "checkprocess_productprocessdefault" VALUES(20,'7d885af5264f4f5e9f7f180bb6ad0337',NULL,NULL,0,0,0);
INSERT INTO "checkprocess_productprocessdefault" VALUES(21,'43fe9272629e4b1f8a7626116862011c',NULL,NULL,0,0,0);
INSERT INTO "checkprocess_productprocessdefault" VALUES(22,'94e8714ced4645f3a7f0a2d2e7c8d393',NULL,NULL,0,0,0);
INSERT INTO "checkprocess_productprocessdefault" VALUES(23,'9366ca8da0cd4f65a8f2bfc9542214a8',NULL,NULL,0,0,1);
CREATE TABLE "checkprocess_productprocessending" ("id" integer NOT NULL PRIMARY KEY AUTOINCREMENT, "product_process_id" char(32) NOT NULL REFERENCES "checkprocess_productprocess" ("id") DEFERRABLE INITIALLY DEFERRED);
INSERT INTO "checkprocess_productprocessending" VALUES(6,'9601dd70976a4d43afc174375b7145aa');
INSERT INTO "checkprocess_productprocessending" VALUES(7,'7ebd5049648d48d7970b5a9b1c15cd74');
CREATE TABLE "checkprocess_productprocessstart" ("id" integer NOT NULL PRIMARY KEY AUTOINCREMENT, "product_process_id" char(32) NOT NULL REFERENCES "checkprocess_productprocess" ("id") DEFERRABLE INITIALLY DEFERRED, "how_much_days_exp_date" integer NULL, "quranteen_time" integer NULL, "respect_quranteen_time" bool NOT NULL, "expecting_child" bool NOT NULL, "killing_app" bool NOT NULL);
INSERT INTO "checkprocess_productprocessstart" VALUES(2,'f78d47cacecd462caf76036178800b0b',NULL,NULL,0,0,0);
INSERT INTO "checkprocess_productprocessstart" VALUES(3,'33be61a514fa4c27a58fe70765a703ab',14,24,0,0,0);
CREATE TABLE "checkprocess_subproduct" ("id" integer NOT NULL PRIMARY KEY AUTOINCREMENT, "child_limit" integer NULL, "product_id" bigint NOT NULL REFERENCES "checkprocess_product" ("id") DEFERRABLE INITIALLY DEFERRED, "name" varchar(255) NOT NULL);
INSERT INTO "checkprocess_subproduct" VALUES(2,20,6,'Tecno lab');
INSERT INTO "checkprocess_subproduct" VALUES(3,20,7,'AIM');
INSERT INTO "checkprocess_subproduct" VALUES(4,20,7,'Alpha');
CREATE TABLE "django_admin_log" ("id" integer NOT NULL PRIMARY KEY AUTOINCREMENT, "object_id" text NULL, "object_repr" varchar(200) NOT NULL, "action_flag" smallint unsigned NOT NULL CHECK ("action_flag" >= 0), "change_message" text NOT NULL, "content_type_id" integer NULL REFERENCES "django_content_type" ("id") DEFERRABLE INITIALLY DEFERRED, "user_id" integer NOT NULL REFERENCES "auth_user" ("id") DEFERRABLE INITIALLY DEFERRED, "action_time" datetime NOT NULL);
INSERT INTO "django_admin_log" VALUES(1,'1','Pasta',1,'[{"added": {}}]',22,1,'2025-07-11 11:09:05.070305');
INSERT INTO "django_admin_log" VALUES(2,'1','SubProduct object (1)',1,'[{"added": {}}]',32,1,'2025-07-11 11:11:08.889347');
INSERT INTO "django_admin_log" VALUES(3,'fc94edf9-1651-43e0-8684-744fe16b41c3','Naprawa (Pasta)',3,'',23,1,'2025-07-15 07:05:37.624977');
INSERT INTO "django_admin_log" VALUES(4,'f78d47ca-cecd-462c-af76-036178800b0b','Szafa (Pasta)',3,'',23,1,'2025-07-15 07:05:37.624977');
INSERT INTO "django_admin_log" VALUES(5,'9601dd70-976a-4d43-afc1-74375b7145aa','Śmietnik (Pasta)',3,'',23,1,'2025-07-15 07:05:37.624977');
INSERT INTO "django_admin_log" VALUES(6,'7d885af5-264f-4f5e-9f7f-180bb6ad0337','Linia (Pasta)',3,'',23,1,'2025-07-15 07:05:37.624977');
INSERT INTO "django_admin_log" VALUES(7,'43fe9272-629e-4b1f-8a76-26116862011c','Myjka (Pasta)',3,'',23,1,'2025-07-15 07:05:37.624977');
INSERT INTO "django_admin_log" VALUES(8,'2c175313-cbd5-4df3-9f26-70bb32eb2c67','Kontrola (Pasta)',3,'',23,1,'2025-07-15 07:05:37.624977');
INSERT INTO "django_admin_log" VALUES(9,'fc94edf9-1651-43e0-8684-744fe16b41c3','Naprawa (Pasta)',3,'',23,1,'2025-07-15 07:17:42.888231');
INSERT INTO "django_admin_log" VALUES(10,'f78d47ca-cecd-462c-af76-036178800b0b','Szafa (Pasta)',3,'',23,1,'2025-07-15 07:17:42.888231');
INSERT INTO "django_admin_log" VALUES(11,'9601dd70-976a-4d43-afc1-74375b7145aa','Śmietnik (Pasta)',3,'',23,1,'2025-07-15 07:17:42.888231');
INSERT INTO "django_admin_log" VALUES(12,'7d885af5-264f-4f5e-9f7f-180bb6ad0337','Linia (Pasta)',3,'',23,1,'2025-07-15 07:17:42.888231');
INSERT INTO "django_admin_log" VALUES(13,'43fe9272-629e-4b1f-8a76-26116862011c','Myjka (Pasta)',3,'',23,1,'2025-07-15 07:17:42.888231');
INSERT INTO "django_admin_log" VALUES(14,'2c175313-cbd5-4df3-9f26-70bb32eb2c67','Kontrola (Pasta)',3,'',23,1,'2025-07-15 07:17:42.888231');
INSERT INTO "django_admin_log" VALUES(15,'fc94edf9-1651-43e0-8684-744fe16b41c3','Naprawa (Pasta)',3,'',23,1,'2025-07-15 07:19:56.718533');
INSERT INTO "django_admin_log" VALUES(16,'f78d47ca-cecd-462c-af76-036178800b0b','Szafa (Pasta)',3,'',23,1,'2025-07-15 07:19:56.718533');
INSERT INTO "django_admin_log" VALUES(17,'9601dd70-976a-4d43-afc1-74375b7145aa','Śmietnik (Pasta)',3,'',23,1,'2025-07-15 07:19:56.718533');
INSERT INTO "django_admin_log" VALUES(18,'7d885af5-264f-4f5e-9f7f-180bb6ad0337','Linia (Pasta)',3,'',23,1,'2025-07-15 07:19:56.718533');
INSERT INTO "django_admin_log" VALUES(19,'43fe9272-629e-4b1f-8a76-26116862011c','Myjka (Pasta)',3,'',23,1,'2025-07-15 07:19:56.718533');
INSERT INTO "django_admin_log" VALUES(20,'2c175313-cbd5-4df3-9f26-70bb32eb2c67','Kontrola (Pasta)',3,'',23,1,'2025-07-15 07:19:56.718533');
INSERT INTO "django_admin_log" VALUES(21,'fc94edf9-1651-43e0-8684-744fe16b41c3','Naprawa (Pasta)',3,'',23,1,'2025-07-15 07:25:53.252309');
INSERT INTO "django_admin_log" VALUES(22,'f78d47ca-cecd-462c-af76-036178800b0b','Szafa (Pasta)',3,'',23,1,'2025-07-15 07:25:53.252309');
INSERT INTO "django_admin_log" VALUES(23,'9601dd70-976a-4d43-afc1-74375b7145aa','Śmietnik (Pasta)',3,'',23,1,'2025-07-15 07:25:53.252309');
INSERT INTO "django_admin_log" VALUES(24,'7d885af5-264f-4f5e-9f7f-180bb6ad0337','Linia (Pasta)',3,'',23,1,'2025-07-15 07:25:53.252309');
INSERT INTO "django_admin_log" VALUES(25,'43fe9272-629e-4b1f-8a76-26116862011c','Myjka (Pasta)',3,'',23,1,'2025-07-15 07:25:53.252309');
INSERT INTO "django_admin_log" VALUES(26,'2c175313-cbd5-4df3-9f26-70bb32eb2c67','Kontrola (Pasta)',3,'',23,1,'2025-07-15 07:25:53.252309');
INSERT INTO "django_admin_log" VALUES(27,'f78d47ca-cecd-462c-af76-036178800b0b','Szafa (Pasta)',3,'',23,1,'2025-07-15 07:27:30.596422');
INSERT INTO "django_admin_log" VALUES(28,'2c175313-cbd5-4df3-9f26-70bb32eb2c67','Kontrola (Pasta)',3,'',23,1,'2025-07-15 07:27:30.596422');
INSERT INTO "django_admin_log" VALUES(29,'2','Pasta Lutownicza',1,'[{"added": {}}]',22,1,'2025-07-15 08:55:17.243706');
INSERT INTO "django_admin_log" VALUES(30,'1','Sito',2,'[{"changed": {"fields": ["Name"]}}]',22,1,'2025-07-15 08:55:21.973258');
INSERT INTO "django_admin_log" VALUES(31,'272ffab1-0990-4d0a-80cc-8efb9acf1878','Kosz na śmieci (Pasta Lutownicza)',2,'[{"changed": {"fields": ["Pos y"]}}]',23,1,'2025-07-15 09:42:34.188374');
INSERT INTO "django_admin_log" VALUES(32,'272ffab1-0990-4d0a-80cc-8efb9acf1878','Kosz na śmieci (Pasta Lutownicza)',2,'[{"changed": {"fields": ["Pos y"]}}]',23,1,'2025-07-15 09:42:43.664056');
INSERT INTO "django_admin_log" VALUES(33,'1','Sito',3,'',22,1,'2025-07-15 09:45:43.252604');
INSERT INTO "django_admin_log" VALUES(34,'3','Sito',1,'[{"added": {}}]',22,1,'2025-07-15 09:45:48.706349');
INSERT INTO "django_admin_log" VALUES(35,'fc94edf9-1651-43e0-8684-744fe16b41c3','Naprawa (Sito)',2,'[{"changed": {"fields": ["Pos y"]}}]',23,1,'2025-07-15 10:05:13.142611');
INSERT INTO "django_admin_log" VALUES(36,'9601dd70-976a-4d43-afc1-74375b7145aa','Śmietnik (Sito)',2,'[{"changed": {"fields": ["Pos y"]}}]',23,1,'2025-07-15 10:05:37.171537');
INSERT INTO "django_admin_log" VALUES(37,'9601dd70-976a-4d43-afc1-74375b7145aa','Śmietnik (Sito)',2,'[{"changed": {"fields": ["Pos y"]}}]',23,1,'2025-07-15 10:05:54.344201');
INSERT INTO "django_admin_log" VALUES(38,'fc94edf9-1651-43e0-8684-744fe16b41c3','Naprawa (Sito)',2,'[{"changed": {"fields": ["Pos y"]}}]',23,1,'2025-07-15 10:06:06.071425');
INSERT INTO "django_admin_log" VALUES(39,'f78d47ca-cecd-462c-af76-036178800b0b','Szafa (Sito)',2,'[{"changed": {"fields": ["Pos y"]}}]',23,1,'2025-07-15 10:06:28.118285');
INSERT INTO "django_admin_log" VALUES(40,'7d885af5-264f-4f5e-9f7f-180bb6ad0337','Linia (Sito)',2,'[{"changed": {"fields": ["Pos y"]}}]',23,1,'2025-07-15 10:06:45.259130');
INSERT INTO "django_admin_log" VALUES(41,'43fe9272-629e-4b1f-8a76-26116862011c','Myjka (Sito)',2,'[{"changed": {"fields": ["Pos y"]}}]',23,1,'2025-07-15 10:06:57.606824');
INSERT INTO "django_admin_log" VALUES(42,'2c175313-cbd5-4df3-9f26-70bb32eb2c67','Kontrola (Sito)',2,'[{"changed": {"fields": ["Pos y"]}}]',23,1,'2025-07-15 10:07:03.759015');
INSERT INTO "django_admin_log" VALUES(43,'7d885af5-264f-4f5e-9f7f-180bb6ad0337','Linia (Sito)',2,'[{"changed": {"fields": ["Pos y"]}}]',23,1,'2025-07-15 10:07:19.362846');
INSERT INTO "django_admin_log" VALUES(44,'43fe9272-629e-4b1f-8a76-26116862011c','Myjka (Sito)',2,'[{"changed": {"fields": ["Pos y"]}}]',23,1,'2025-07-15 10:07:24.124931');
INSERT INTO "django_admin_log" VALUES(45,'2c175313-cbd5-4df3-9f26-70bb32eb2c67','Kontrola (Sito)',2,'[{"changed": {"fields": ["Pos y"]}}]',23,1,'2025-07-15 10:07:28.752676');
INSERT INTO "django_admin_log" VALUES(46,'9601dd70-976a-4d43-afc1-74375b7145aa','Śmietnik (Sito)',2,'[{"changed": {"fields": ["Pos y"]}}]',23,1,'2025-07-15 10:08:14.208318');
INSERT INTO "django_admin_log" VALUES(47,'9601dd70-976a-4d43-afc1-74375b7145aa','Śmietnik (Sito)',2,'[{"changed": {"fields": ["Pos y"]}}]',23,1,'2025-07-15 10:08:29.478059');
INSERT INTO "django_admin_log" VALUES(48,'3','Sito',3,'',22,1,'2025-07-15 10:58:26.715863');
INSERT INTO "django_admin_log" VALUES(49,'4','Sito',1,'[{"added": {}}]',22,1,'2025-07-15 10:58:29.628701');
INSERT INTO "django_admin_log" VALUES(50,'f78d47ca-cecd-462c-af76-036178800b0b','Szafa (Sito)',2,'[{"changed": {"fields": ["Type"]}}]',23,1,'2025-07-15 11:03:03.024524');
INSERT INTO "django_admin_log" VALUES(51,'4','Sito',3,'',22,1,'2025-07-15 11:14:33.252680');
INSERT INTO "django_admin_log" VALUES(52,'5','Pasta',1,'[{"added": {}}]',22,1,'2025-07-15 11:14:38.469084');
INSERT INTO "django_admin_log" VALUES(53,'5','Sito',2,'[{"changed": {"fields": ["Name"]}}]',22,1,'2025-07-15 11:15:35.348994');
INSERT INTO "django_admin_log" VALUES(54,'5','Sito',3,'',22,1,'2025-07-15 11:19:40.681517');
INSERT INTO "django_admin_log" VALUES(55,'6','Sito',1,'[{"added": {}}]',22,1,'2025-07-15 11:19:49.639808');
INSERT INTO "django_admin_log" VALUES(56,'2','Pasta Lutownicza',3,'',22,1,'2025-07-15 11:58:17.361639');
INSERT INTO "django_admin_log" VALUES(57,'7','Pasta Lutownicza',1,'[{"added": {}}]',22,1,'2025-07-15 11:58:27.869450');
INSERT INTO "django_admin_log" VALUES(58,'33be61a5-14fa-4c27-a58f-e70765a703ab','Lodówka (Pasta Lutownicza)',2,'[{"changed": {"fields": ["Type"]}}]',23,1,'2025-07-15 11:59:35.710320');
INSERT INTO "django_admin_log" VALUES(59,'91aefe74-81a3-41ce-9819-bd66278b3d9a','Edge object (91aefe74-81a3-41ce-9819-bd66278b3d9a)',2,'[{"changed": {"fields": ["Animated"]}}]',31,1,'2025-07-15 12:56:32.608108');
INSERT INTO "django_admin_log" VALUES(60,'2','Tecno lab',1,'[{"added": {}}]',32,1,'2025-07-21 11:16:44.086397');
INSERT INTO "django_admin_log" VALUES(61,'3','AIM',1,'[{"added": {}}]',32,1,'2025-07-21 11:16:51.997910');
INSERT INTO "django_admin_log" VALUES(62,'4','Alpha',1,'[{"added": {}}]',32,1,'2025-07-21 11:16:58.837779');
INSERT INTO "django_admin_log" VALUES(63,'3','ProductProcessStart object (3)',1,'[{"added": {}}]',36,1,'2025-07-25 07:34:45.044589');
INSERT INTO "django_admin_log" VALUES(64,'3','Szafa 1',1,'[{"added": {}}]',27,1,'2025-07-25 08:51:12.091050');
INSERT INTO "django_admin_log" VALUES(65,'4','Linia14',1,'[{"added": {}}]',27,1,'2025-07-25 10:03:17.082895');
INSERT INTO "django_admin_log" VALUES(66,'3','ProductProcessStart object (3)',2,'[]',36,1,'2025-07-28 06:57:54.078282');
INSERT INTO "django_admin_log" VALUES(67,'13','528123257216 (Pasta Lutownicza)',3,'',24,1,'2025-07-28 07:02:09.693913');
INSERT INTO "django_admin_log" VALUES(68,'12','529123257216 (Pasta Lutownicza)',3,'',24,1,'2025-07-28 07:02:09.693913');
INSERT INTO "django_admin_log" VALUES(69,'11','529124257216 (Pasta Lutownicza)',3,'',24,1,'2025-07-28 07:02:09.693913');
INSERT INTO "django_admin_log" VALUES(70,'15','429143257216 (Pasta Lutownicza)',3,'',24,1,'2025-07-28 07:06:52.207803');
INSERT INTO "django_admin_log" VALUES(71,'16','429143257216 (Pasta Lutownicza)',3,'',24,1,'2025-07-28 07:11:51.478202');
INSERT INTO "django_admin_log" VALUES(72,'17','429143257216 (Pasta Lutownicza)',3,'',24,1,'2025-07-28 07:26:45.092766');
INSERT INTO "django_admin_log" VALUES(73,'18','429143257216 (Pasta Lutownicza)',3,'',24,1,'2025-07-28 07:34:30.257929');
INSERT INTO "django_admin_log" VALUES(74,'19','429143257216 (Pasta Lutownicza)',3,'',24,1,'2025-07-28 07:36:51.939714');
INSERT INTO "django_admin_log" VALUES(75,'23','ProductProcessDefault object (23)',2,'[{"changed": {"fields": ["Respect quranteen time"]}}]',34,1,'2025-07-28 07:59:09.890973');
INSERT INTO "django_admin_log" VALUES(76,'20','429143257216 (Pasta Lutownicza)',2,'[{"changed": {"fields": ["Quranteen time"]}}]',24,1,'2025-07-28 07:59:46.978220');
INSERT INTO "django_admin_log" VALUES(77,'23','ProductProcessDefault object (23)',2,'[{"changed": {"fields": ["Respect quranteen time", "Killing app"]}}]',34,1,'2025-07-28 08:05:55.214687');
INSERT INTO "django_admin_log" VALUES(78,'1','AppToKill object (1)',1,'[{"added": {}}]',28,1,'2025-07-28 08:06:07.104710');
INSERT INTO "django_admin_log" VALUES(79,'14','529143257216 (Pasta Lutownicza)',3,'',24,1,'2025-07-28 08:11:53.848912');
INSERT INTO "django_admin_log" VALUES(80,'10','TX16350 (Sito)',3,'',24,1,'2025-07-28 08:11:53.848912');
INSERT INTO "django_admin_log" VALUES(81,'9','TX16532 (Sito)',3,'',24,1,'2025-07-28 08:11:53.848912');
INSERT INTO "django_admin_log" VALUES(82,'8','TX14532 (Sito)',3,'',24,1,'2025-07-28 08:11:53.848912');
INSERT INTO "django_admin_log" VALUES(83,'7','TX14502 (Sito)',3,'',24,1,'2025-07-28 08:11:53.848912');
INSERT INTO "django_admin_log" VALUES(84,'6','25164P56349 (Pasta Lutownicza)',3,'',24,1,'2025-07-28 08:11:53.848912');
INSERT INTO "django_admin_log" VALUES(85,'5','25163P56349(P (Pasta Lutownicza)',3,'',24,1,'2025-07-28 08:11:53.848912');
INSERT INTO "django_admin_log" VALUES(86,'4','25162 (Pasta Lutownicza)',3,'',24,1,'2025-07-28 08:11:53.848912');
INSERT INTO "django_admin_log" VALUES(87,'3','529206534217 (Pasta Lutownicza)',3,'',24,1,'2025-07-28 08:11:53.848912');
INSERT INTO "django_admin_log" VALUES(88,'2','529106534217 (Pasta Lutownicza)',3,'',24,1,'2025-07-28 08:11:53.848912');
INSERT INTO "django_admin_log" VALUES(89,'1','529106534117 (Pasta Lutownicza)',3,'',24,1,'2025-07-28 08:11:53.848912');
INSERT INTO "django_admin_log" VALUES(90,'20','429143257216 (Pasta Lutownicza)',3,'',24,1,'2025-07-28 08:13:06.991245');
INSERT INTO "django_admin_log" VALUES(91,'1','AppToKill object (1)',2,'[{"changed": {"fields": ["Process"]}}]',28,1,'2025-07-28 08:46:40.939521');
INSERT INTO "django_admin_log" VALUES(92,'21','429143257216 (Pasta Lutownicza)',2,'[{"changed": {"fields": ["Quranteen time"]}}]',24,1,'2025-07-28 09:03:04.390057');
INSERT INTO "django_admin_log" VALUES(93,'24','429143355216 (Pasta Lutownicza)',3,'',24,1,'2025-07-29 11:45:37.011722');
INSERT INTO "django_admin_log" VALUES(94,'23','429243357216 (Pasta Lutownicza)',3,'',24,1,'2025-07-29 11:45:37.011722');
INSERT INTO "django_admin_log" VALUES(95,'22','429143357216 (Pasta Lutownicza)',3,'',24,1,'2025-07-29 11:45:37.011722');
INSERT INTO "django_admin_log" VALUES(96,'21','429143257216 (Pasta Lutownicza)',3,'',24,1,'2025-07-29 11:45:37.011722');
INSERT INTO "django_admin_log" VALUES(97,'23','ProductProcessDefault object (23)',2,'[{"changed": {"fields": ["Production process type"]}}]',34,1,'2025-07-30 05:23:29.451728');
INSERT INTO "django_admin_log" VALUES(98,'3','ProductProcessStart object (3)',2,'[{"changed": {"fields": ["Add multi"]}}]',36,1,'2025-07-30 08:27:48.421238');
INSERT INTO "django_admin_log" VALUES(99,'1','OneToOneMap object (1)',1,'[{"added": {}}]',37,1,'2025-08-04 08:33:20.996017');
INSERT INTO "django_admin_log" VALUES(100,'2','OneToOneMap object (2)',1,'[{"added": {}}]',37,1,'2025-08-04 08:53:26.721965');
INSERT INTO "django_admin_log" VALUES(101,'28','529106535149 (Pasta Lutownicza)',2,'[{"changed": {"fields": ["Quranteen time"]}}]',24,1,'2025-08-04 10:46:03.202490');
INSERT INTO "django_admin_log" VALUES(102,'27','529124257216 (Pasta Lutownicza)',3,'',24,1,'2025-08-04 10:46:52.017593');
INSERT INTO "django_admin_log" VALUES(103,'26','529106534987 (Pasta Lutownicza)',3,'',24,1,'2025-08-04 10:46:52.017593');
INSERT INTO "django_admin_log" VALUES(104,'25','429143357216 (Pasta Lutownicza)',3,'',24,1,'2025-08-04 10:46:52.017593');
INSERT INTO "django_admin_log" VALUES(105,'5','Kosz',1,'[{"added": {}}]',27,1,'2025-08-04 11:01:41.863929');
CREATE TABLE "django_content_type" ("id" integer NOT NULL PRIMARY KEY AUTOINCREMENT, "app_label" varchar(100) NOT NULL, "model" varchar(100) NOT NULL);
INSERT INTO "django_content_type" VALUES(1,'admin','logentry');
INSERT INTO "django_content_type" VALUES(2,'auth','permission');
INSERT INTO "django_content_type" VALUES(3,'auth','group');
INSERT INTO "django_content_type" VALUES(4,'auth','user');
INSERT INTO "django_content_type" VALUES(5,'contenttypes','contenttype');
INSERT INTO "django_content_type" VALUES(6,'sessions','session');
INSERT INTO "django_content_type" VALUES(7,'django_eventstream','event');
INSERT INTO "django_content_type" VALUES(8,'django_eventstream','eventcounter');
INSERT INTO "django_content_type" VALUES(9,'base','countersumfromlastmaint');
INSERT INTO "django_content_type" VALUES(10,'base','fixture');
INSERT INTO "django_content_type" VALUES(11,'base','counter');
INSERT INTO "django_content_type" VALUES(12,'base','fullcounter');
INSERT INTO "django_content_type" VALUES(13,'base','counterhistory');
INSERT INTO "django_content_type" VALUES(14,'base','machine');
INSERT INTO "django_content_type" VALUES(15,'base','machinecondition');
INSERT INTO "django_content_type" VALUES(16,'map','object');
INSERT INTO "django_content_type" VALUES(17,'goldensample','variantcode');
INSERT INTO "django_content_type" VALUES(18,'goldensample','groupvariantcode');
INSERT INTO "django_content_type" VALUES(19,'goldensample','goldensample');
INSERT INTO "django_content_type" VALUES(20,'goldensample','counterongolden');
INSERT INTO "django_content_type" VALUES(21,'goldensample','mapsample');
INSERT INTO "django_content_type" VALUES(22,'checkprocess','product');
INSERT INTO "django_content_type" VALUES(23,'checkprocess','productprocess');
INSERT INTO "django_content_type" VALUES(24,'checkprocess','productobject');
INSERT INTO "django_content_type" VALUES(25,'checkprocess','productobjectprocess');
INSERT INTO "django_content_type" VALUES(26,'checkprocess','productobjectprocesslog');
INSERT INTO "django_content_type" VALUES(27,'checkprocess','place');
INSERT INTO "django_content_type" VALUES(28,'checkprocess','apptokill');
INSERT INTO "django_content_type" VALUES(29,'checkprocess','backmapprocess');
INSERT INTO "django_content_type" VALUES(30,'checkprocess','node');
INSERT INTO "django_content_type" VALUES(31,'checkprocess','edge');
INSERT INTO "django_content_type" VALUES(32,'checkprocess','subproduct');
INSERT INTO "django_content_type" VALUES(33,'checkprocess','productprocesscondition');
INSERT INTO "django_content_type" VALUES(34,'checkprocess','productprocessdefault');
INSERT INTO "django_content_type" VALUES(35,'checkprocess','productprocessending');
INSERT INTO "django_content_type" VALUES(36,'checkprocess','productprocessstart');
INSERT INTO "django_content_type" VALUES(37,'checkprocess','onetoonemap');
INSERT INTO "django_content_type" VALUES(38,'checkprocess','lastproductonplace');
CREATE TABLE "django_eventstream_event" ("id" integer NOT NULL PRIMARY KEY AUTOINCREMENT, "channel" varchar(255) NOT NULL, "type" varchar(255) NOT NULL, "data" text NOT NULL, "eid" bigint NOT NULL, "created" datetime NOT NULL);
CREATE TABLE "django_eventstream_eventcounter" ("id" integer NOT NULL PRIMARY KEY AUTOINCREMENT, "name" varchar(255) NOT NULL UNIQUE, "value" bigint NOT NULL, "updated" datetime NOT NULL);
CREATE TABLE "django_migrations" ("id" integer NOT NULL PRIMARY KEY AUTOINCREMENT, "app" varchar(255) NOT NULL, "name" varchar(255) NOT NULL, "applied" datetime NOT NULL);
INSERT INTO "django_migrations" VALUES(1,'contenttypes','0001_initial','2025-07-11 11:08:17.540178');
INSERT INTO "django_migrations" VALUES(2,'auth','0001_initial','2025-07-11 11:08:17.562097');
INSERT INTO "django_migrations" VALUES(3,'admin','0001_initial','2025-07-11 11:08:17.581093');
INSERT INTO "django_migrations" VALUES(4,'admin','0002_logentry_remove_auto_add','2025-07-11 11:08:17.598037');
INSERT INTO "django_migrations" VALUES(5,'admin','0003_logentry_add_action_flag_choices','2025-07-11 11:08:17.610004');
INSERT INTO "django_migrations" VALUES(6,'contenttypes','0002_remove_content_type_name','2025-07-11 11:08:17.635936');
INSERT INTO "django_migrations" VALUES(7,'auth','0002_alter_permission_name_max_length','2025-07-11 11:08:17.652856');
INSERT INTO "django_migrations" VALUES(8,'auth','0003_alter_user_email_max_length','2025-07-11 11:08:17.669897');
INSERT INTO "django_migrations" VALUES(9,'auth','0004_alter_user_username_opts','2025-07-11 11:08:17.681777');
INSERT INTO "django_migrations" VALUES(10,'auth','0005_alter_user_last_login_null','2025-07-11 11:08:17.697733');
INSERT INTO "django_migrations" VALUES(11,'auth','0006_require_contenttypes_0002','2025-07-11 11:08:17.704716');
INSERT INTO "django_migrations" VALUES(12,'auth','0007_alter_validators_add_error_messages','2025-07-11 11:08:17.717284');
INSERT INTO "django_migrations" VALUES(13,'auth','0008_alter_user_username_max_length','2025-07-11 11:08:17.733286');
INSERT INTO "django_migrations" VALUES(14,'auth','0009_alter_user_last_name_max_length','2025-07-11 11:08:17.783112');
INSERT INTO "django_migrations" VALUES(15,'auth','0010_alter_group_name_max_length','2025-07-11 11:08:17.803057');
INSERT INTO "django_migrations" VALUES(16,'auth','0011_update_proxy_permissions','2025-07-11 11:08:17.814028');
INSERT INTO "django_migrations" VALUES(17,'auth','0012_alter_user_first_name_max_length','2025-07-11 11:08:17.830983');
INSERT INTO "django_migrations" VALUES(18,'base','0001_initial','2025-07-11 11:08:17.848935');
INSERT INTO "django_migrations" VALUES(19,'base','0002_alter_fixture_counter_summ','2025-07-11 11:08:17.860902');
INSERT INTO "django_migrations" VALUES(20,'base','0003_counterfromlastbackup','2025-07-11 11:08:17.875882');
INSERT INTO "django_migrations" VALUES(21,'base','0004_counterfromlastbackup_time_date','2025-07-11 11:08:17.888853');
INSERT INTO "django_migrations" VALUES(22,'base','0005_remove_counterfromlastbackup_time_date','2025-07-11 11:08:17.897805');
INSERT INTO "django_migrations" VALUES(23,'base','0006_counterfromlastbackup_date','2025-07-11 11:08:17.910770');
INSERT INTO "django_migrations" VALUES(24,'base','0007_fullcounter_and_more','2025-07-11 11:08:17.935702');
INSERT INTO "django_migrations" VALUES(25,'base','0008_counterhistory_delete_counterfromlastbackup','2025-07-11 11:08:17.952657');
INSERT INTO "django_migrations" VALUES(26,'base','0009_fixture_cycles_limit','2025-07-11 11:08:17.965622');
INSERT INTO "django_migrations" VALUES(27,'base','0010_machine','2025-07-11 11:08:17.976593');
INSERT INTO "django_migrations" VALUES(28,'base','0011_alter_machine_machine_id_machinecondition','2025-07-11 11:08:17.987577');
INSERT INTO "django_migrations" VALUES(29,'checkprocess','0001_initial','2025-07-11 11:08:18.002524');
INSERT INTO "django_migrations" VALUES(30,'checkprocess','0002_productobject_productobjectprocess_and_more','2025-07-11 11:08:18.026471');
INSERT INTO "django_migrations" VALUES(31,'checkprocess','0003_alter_productobject_product','2025-07-11 11:08:18.036433');
INSERT INTO "django_migrations" VALUES(32,'checkprocess','0004_alter_productobject_product','2025-07-11 11:08:18.047421');
INSERT INTO "django_migrations" VALUES(33,'checkprocess','0005_alter_productobjectprocess_process','2025-07-11 11:08:18.058378');
INSERT INTO "django_migrations" VALUES(34,'checkprocess','0006_productobject_expire_date','2025-07-11 11:08:18.070829');
INSERT INTO "django_migrations" VALUES(35,'checkprocess','0007_place_productobject_mother_object_and_more','2025-07-11 11:08:18.096273');
INSERT INTO "django_migrations" VALUES(36,'checkprocess','0008_place_process','2025-07-11 11:08:18.114225');
INSERT INTO "django_migrations" VALUES(37,'checkprocess','0009_productobject_current_place_and_more','2025-07-11 11:08:18.139162');
INSERT INTO "django_migrations" VALUES(38,'checkprocess','0010_productobject_exp_date_in_process_and_more','2025-07-11 11:08:18.196006');
INSERT INTO "django_migrations" VALUES(39,'checkprocess','0011_productobjectprocess_is_end_productprocess_can_multi_and_more','2025-07-11 11:08:18.237894');
INSERT INTO "django_migrations" VALUES(40,'checkprocess','0012_productobject_quranteen_time','2025-07-11 11:08:18.251857');
INSERT INTO "django_migrations" VALUES(41,'checkprocess','0013_productprocess_respect_quranteen_time','2025-07-11 11:08:18.264825');
INSERT INTO "django_migrations" VALUES(42,'checkprocess','0014_productobject_is_mother','2025-07-11 11:08:18.284770');
INSERT INTO "django_migrations" VALUES(43,'checkprocess','0015_productprocess_expecting_child','2025-07-11 11:08:18.302755');
INSERT INTO "django_migrations" VALUES(44,'checkprocess','0016_productobject_ex_mother','2025-07-11 11:08:18.318679');
INSERT INTO "django_migrations" VALUES(45,'checkprocess','0017_apptokill','2025-07-11 11:08:18.337664');
INSERT INTO "django_migrations" VALUES(46,'checkprocess','0018_productprocess_killing_app','2025-07-11 11:08:18.355605');
INSERT INTO "django_migrations" VALUES(47,'checkprocess','0019_place_only_one_product_object','2025-07-11 11:08:18.375527');
INSERT INTO "django_migrations" VALUES(48,'checkprocess','0020_remove_productobjectprocess_is_end_productobject_end_and_more','2025-07-11 11:08:18.411464');
INSERT INTO "django_migrations" VALUES(49,'checkprocess','0021_productobject_re_use','2025-07-11 11:08:18.431378');
INSERT INTO "django_migrations" VALUES(50,'checkprocess','0022_product_child_limit','2025-07-11 11:08:18.444343');
INSERT INTO "django_migrations" VALUES(51,'checkprocess','0023_backmapprocess','2025-07-11 11:08:18.468281');
INSERT INTO "django_migrations" VALUES(52,'checkprocess','0024_remove_productobject_re_use_and_more','2025-07-11 11:08:18.508211');
INSERT INTO "django_migrations" VALUES(53,'checkprocess','0025_product_parser_type','2025-07-11 11:08:18.522163');
INSERT INTO "django_migrations" VALUES(54,'checkprocess','0026_node_remove_product_child_limit_and_more','2025-07-11 11:08:18.553612');
INSERT INTO "django_migrations" VALUES(55,'django_eventstream','0001_initial','2025-07-11 11:08:18.569580');
INSERT INTO "django_migrations" VALUES(56,'goldensample','0001_initial','2025-07-11 11:08:18.586497');
INSERT INTO "django_migrations" VALUES(57,'goldensample','0002_rename_productfamily_groupvariantcode_and_more','2025-07-11 11:08:18.634017');
INSERT INTO "django_migrations" VALUES(58,'goldensample','0003_variantcode_name_counterongolden','2025-07-11 11:08:18.649903');
INSERT INTO "django_migrations" VALUES(59,'goldensample','0004_alter_variantcode_group','2025-07-11 11:08:18.662886');
INSERT INTO "django_migrations" VALUES(60,'goldensample','0005_groupvariantcode_last_time_tested','2025-07-11 11:08:18.677826');
INSERT INTO "django_migrations" VALUES(61,'goldensample','0006_alter_groupvariantcode_last_time_tested','2025-07-11 11:08:18.691164');
INSERT INTO "django_migrations" VALUES(62,'goldensample','0007_mapsample','2025-07-11 11:08:18.699151');
INSERT INTO "django_migrations" VALUES(63,'map','0001_initial','2025-07-11 11:08:18.711118');
INSERT INTO "django_migrations" VALUES(64,'sessions','0001_initial','2025-07-11 11:08:18.726998');
INSERT INTO "django_migrations" VALUES(65,'checkprocess','0027_subproduct_name','2025-07-11 11:10:49.072379');
INSERT INTO "django_migrations" VALUES(66,'checkprocess','0028_alter_edge_source_alter_edge_target_and_more','2025-07-15 06:39:15.484331');
INSERT INTO "django_migrations" VALUES(67,'checkprocess','0029_alter_productprocesscondition_pass_fail','2025-07-15 07:27:20.506483');
INSERT INTO "django_migrations" VALUES(68,'checkprocess','0030_alter_edge_label','2025-07-15 09:35:40.337321');
INSERT INTO "django_migrations" VALUES(69,'checkprocess','0031_edge_source_handle_edge_target_handle','2025-07-15 11:14:23.518733');
INSERT INTO "django_migrations" VALUES(70,'checkprocess','0032_remove_subproduct_parser_type','2025-07-21 09:24:11.552673');
INSERT INTO "django_migrations" VALUES(71,'checkprocess','0033_productobject_sub_product','2025-07-21 11:10:40.392157');
INSERT INTO "django_migrations" VALUES(72,'checkprocess','0034_remove_productobjectprocesslog_product_object_process_and_more','2025-07-24 11:48:11.378385');
CREATE TABLE "django_session" ("session_key" varchar(40) NOT NULL PRIMARY KEY, "session_data" text NOT NULL, "expire_date" datetime NOT NULL);
INSERT INTO "django_session" VALUES('fm8jyhma08ta8b52ali7x5ic9dkwi0mg','.eJxVjDsOwyAQBe9CHSF-iyFlep8BLSwEJxGWjF1FuXtsyUXSzsx7bxZwW2vYel7CROzKJLv8sojpmdsh6IHtPvM0t3WZIj8SftrOx5ny63a2fwcVe93XXggZCZxz2iJI0ta6AQmRACBbI4pSQpJUPiudZSpkDGgPsZSh7Jx9vsRIN2w:1uaBcd:6i5JSDzOExYDictqPoWRg4yrubfmKU00uYdHVTnt1jU','2025-07-25 11:08:55.080508');
INSERT INTO "django_session" VALUES('vkf4f57lukw78gahqighe3qymblk4t0g','.eJxVjDsOwyAQBe9CHSF-iyFlep8BLSwEJxGWjF1FuXtsyUXSzsx7bxZwW2vYel7CROzKJLv8sojpmdsh6IHtPvM0t3WZIj8SftrOx5ny63a2fwcVe93XXggZCZxz2iJI0ta6AQmRACBbI4pSQpJUPiudZSpkDGgPsZSh7Jx9vsRIN2w:1ubcAk:0f3t5RK2lbrevFPQzuMYQxYcCpnoJ43rkjBuJmwR_E4','2025-07-29 09:42:02.680783');
INSERT INTO "django_session" VALUES('28eppbcwxvz0yvi2ddqfg07khhrgour4','.eJxVjEEOwiAQRe_C2hBgBFqX7nuGZoYZpGpoUtqV8e7apAvd_vfef6kRt7WMW5NlnFhdlFWn340wPaTugO9Yb7NOc12XifSu6IM2Pcwsz-vh_h0UbOVb99mSAUafIjlGE4FY0EAPiHBOlqw4YHJBIAcJ0AUfsXPGZOOdpKzeH_oAOD4:1uiqaQ:zxQZIq_V_fp_i-bLhWMz5Ve1tiofZpdRRRLNEZf6eoU','2025-08-18 08:30:26.239062');
CREATE TABLE "goldensample_counterongolden" ("id" integer NOT NULL PRIMARY KEY AUTOINCREMENT, "counter" integer NOT NULL, "golden_sample_id" bigint NOT NULL UNIQUE REFERENCES "goldensample_goldensample" ("id") DEFERRABLE INITIALLY DEFERRED);
CREATE TABLE "goldensample_goldensample" ("id" integer NOT NULL PRIMARY KEY AUTOINCREMENT, "golden_code" varchar(255) NOT NULL, "expire_date" date NOT NULL, "type_golden" varchar(255) NOT NULL, "variant_id" bigint NOT NULL REFERENCES "goldensample_variantcode" ("id") DEFERRABLE INITIALLY DEFERRED);
CREATE TABLE "goldensample_groupvariantcode" ("id" integer NOT NULL PRIMARY KEY AUTOINCREMENT, "name" varchar(255) NOT NULL, "last_time_tested" datetime NULL);
INSERT INTO "goldensample_groupvariantcode" VALUES(1,'dasdasdasdasdasdasdasdasd',NULL);
CREATE TABLE "goldensample_mapsample" ("id" integer NOT NULL PRIMARY KEY AUTOINCREMENT, "i_input" varchar(255) NOT NULL, "i_output" varchar(255) NOT NULL);
CREATE TABLE "goldensample_variantcode" ("id" integer NOT NULL PRIMARY KEY AUTOINCREMENT, "code" varchar(255) NOT NULL, "name" varchar(255) NULL, "group_id" bigint NULL REFERENCES "goldensample_groupvariantcode" ("id") DEFERRABLE INITIALLY DEFERRED);
INSERT INTO "goldensample_variantcode" VALUES(1,'aaaa','aaaa',1);
CREATE TABLE "map_object" ("id" integer NOT NULL PRIMARY KEY AUTOINCREMENT, "name" varchar(255) NOT NULL, "color" varchar(7) NOT NULL);
CREATE UNIQUE INDEX "auth_group_permissions_group_id_permission_id_0cd325b0_uniq" ON "auth_group_permissions" ("group_id", "permission_id");
CREATE INDEX "auth_group_permissions_group_id_b120cbf9" ON "auth_group_permissions" ("group_id");
CREATE INDEX "auth_group_permissions_permission_id_84c5c92e" ON "auth_group_permissions" ("permission_id");
CREATE UNIQUE INDEX "auth_user_groups_user_id_group_id_94350c0c_uniq" ON "auth_user_groups" ("user_id", "group_id");
CREATE INDEX "auth_user_groups_user_id_6a12ed8b" ON "auth_user_groups" ("user_id");
CREATE INDEX "auth_user_groups_group_id_97559544" ON "auth_user_groups" ("group_id");
CREATE UNIQUE INDEX "auth_user_user_permissions_user_id_permission_id_14a6b632_uniq" ON "auth_user_user_permissions" ("user_id", "permission_id");
CREATE INDEX "auth_user_user_permissions_user_id_a95ead1b" ON "auth_user_user_permissions" ("user_id");
CREATE INDEX "auth_user_user_permissions_permission_id_1fbb5f2c" ON "auth_user_user_permissions" ("permission_id");
CREATE INDEX "django_admin_log_content_type_id_c4bce8eb" ON "django_admin_log" ("content_type_id");
CREATE INDEX "django_admin_log_user_id_c564eba6" ON "django_admin_log" ("user_id");
CREATE UNIQUE INDEX "django_content_type_app_label_model_76bd3d3b_uniq" ON "django_content_type" ("app_label", "model");
CREATE UNIQUE INDEX "auth_permission_content_type_id_codename_01ab375a_uniq" ON "auth_permission" ("content_type_id", "codename");
CREATE INDEX "auth_permission_content_type_id_2f476e4b" ON "auth_permission" ("content_type_id");
CREATE INDEX "base_counter_fixture_id_7fac7330" ON "base_counter" ("fixture_id");
CREATE INDEX "base_counterhistory_fixture_id_a1a7c525" ON "base_counterhistory" ("fixture_id");
CREATE INDEX "base_fixture_counter_last_maint_id_fade6777" ON "base_fixture" ("counter_last_maint_id");
CREATE INDEX "base_fixture_counter_all_id_347f5f27" ON "base_fixture" ("counter_all_id");
CREATE UNIQUE INDEX "django_eventstream_event_channel_eid_20f68a1a_uniq" ON "django_eventstream_event" ("channel", "eid");
CREATE INDEX "django_eventstream_event_channel_49bacd5e" ON "django_eventstream_event" ("channel");
CREATE INDEX "django_eventstream_event_type_0e7a664e" ON "django_eventstream_event" ("type");
CREATE INDEX "django_eventstream_event_eid_2da5c1c0" ON "django_eventstream_event" ("eid");
CREATE INDEX "django_eventstream_event_created_039c5d02" ON "django_eventstream_event" ("created");
CREATE INDEX "django_eventstream_eventcounter_updated_0b6f9a25" ON "django_eventstream_eventcounter" ("updated");
CREATE INDEX "goldensample_goldensample_variant_id_b95f1a19" ON "goldensample_goldensample" ("variant_id");
CREATE INDEX "goldensample_variantcode_group_id_fe1d9bd5" ON "goldensample_variantcode" ("group_id");
CREATE INDEX "django_session_expire_date_a5c62663" ON "django_session" ("expire_date");
CREATE INDEX "checkprocess_subproduct_product_id_302a9e47" ON "checkprocess_subproduct" ("product_id");
CREATE INDEX "checkprocess_productobject_product_id_707c239d" ON "checkprocess_productobject" ("product_id");
CREATE INDEX "checkprocess_productobject_current_place_id_5f41ee9e" ON "checkprocess_productobject" ("current_place_id");
CREATE INDEX "checkprocess_productobject_current_process_id_0f803c5b" ON "checkprocess_productobject" ("current_process_id");
CREATE INDEX "checkprocess_productobject_mother_object_id_61ce5ac9" ON "checkprocess_productobject" ("mother_object_id");
CREATE INDEX "checkprocess_place_process_id_8c20a863" ON "checkprocess_place" ("process_id");
CREATE UNIQUE INDEX "checkprocess_productobjectprocess_product_object_id_process_id_6814418d_uniq" ON "checkprocess_productobjectprocess" ("product_object_id", "process_id");
CREATE INDEX "checkprocess_productobjectprocess_process_id_d12dd0ae" ON "checkprocess_productobjectprocess" ("process_id");
CREATE INDEX "checkprocess_productobjectprocess_product_object_id_e5de6216" ON "checkprocess_productobjectprocess" ("product_object_id");
CREATE INDEX "checkprocess_edge_source_id_c00f6770" ON "checkprocess_edge" ("source_id");
CREATE INDEX "checkprocess_edge_target_id_206f15d6" ON "checkprocess_edge" ("target_id");
CREATE INDEX "checkprocess_productobject_sub_product_id_87666299" ON "checkprocess_productobject" ("sub_product_id");
CREATE INDEX "checkprocess_productobjectprocesslog_place_id_f0fac8ce" ON "checkprocess_productobjectprocesslog" ("place_id");
CREATE INDEX "checkprocess_productobjectprocesslog_process_id_b7b3e2c6" ON "checkprocess_productobjectprocesslog" ("process_id");
CREATE INDEX "checkprocess_productobjectprocesslog_product_object_id_95d0f2f5" ON "checkprocess_productobjectprocesslog" ("product_object_id");
CREATE UNIQUE INDEX "checkprocess_place_name_process_id_603b78a2_uniq" ON "checkprocess_place" ("name", "process_id");
CREATE INDEX "checkprocess_productprocess_product_id_d3104993" ON "checkprocess_productprocess" ("product_id");
CREATE INDEX "checkprocess_apptokill_line_name_id_258adc01" ON "checkprocess_apptokill" ("line_name_id");
CREATE INDEX "checkprocess_productprocessstart_product_process_id_35708a09" ON "checkprocess_productprocessstart" ("product_process_id");
CREATE INDEX "checkprocess_productprocessending_product_process_id_8e3772e3" ON "checkprocess_productprocessending" ("product_process_id");
CREATE INDEX "checkprocess_productprocessdefault_product_process_id_a753acc7" ON "checkprocess_productprocessdefault" ("product_process_id");
CREATE INDEX "checkprocess_productprocesscondition_product_process_id_4ce3c75f" ON "checkprocess_productprocesscondition" ("product_process_id");
DELETE FROM "sqlite_sequence";
INSERT INTO "sqlite_sequence" VALUES('django_migrations',80);
INSERT INTO "sqlite_sequence" VALUES('django_admin_log',105);
INSERT INTO "sqlite_sequence" VALUES('django_content_type',38);
INSERT INTO "sqlite_sequence" VALUES('auth_permission',152);
INSERT INTO "sqlite_sequence" VALUES('auth_group',0);
INSERT INTO "sqlite_sequence" VALUES('auth_user',1);
INSERT INTO "sqlite_sequence" VALUES('base_fixture',0);
INSERT INTO "sqlite_sequence" VALUES('base_machine',0);
INSERT INTO "sqlite_sequence" VALUES('checkprocess_product',7);
INSERT INTO "sqlite_sequence" VALUES('goldensample_variantcode',1);
INSERT INTO "sqlite_sequence" VALUES('goldensample_groupvariantcode',1);
INSERT INTO "sqlite_sequence" VALUES('checkprocess_subproduct',4);
INSERT INTO "sqlite_sequence" VALUES('checkprocess_productobject',38);
INSERT INTO "sqlite_sequence" VALUES('checkprocess_place',7);
INSERT INTO "sqlite_sequence" VALUES('checkprocess_productobjectprocess',0);
INSERT INTO "sqlite_sequence" VALUES('checkprocess_productobjectprocesslog',46);
INSERT INTO "sqlite_sequence" VALUES('goldensample_goldensample',1);
INSERT INTO "sqlite_sequence" VALUES('goldensample_counterongolden',1);
INSERT INTO "sqlite_sequence" VALUES('checkprocess_apptokill',1);
INSERT INTO "sqlite_sequence" VALUES('checkprocess_productprocessstart',3);
INSERT INTO "sqlite_sequence" VALUES('checkprocess_productprocessending',7);
INSERT INTO "sqlite_sequence" VALUES('checkprocess_productprocessdefault',23);
INSERT INTO "sqlite_sequence" VALUES('checkprocess_productprocesscondition',5);
COMMIT;
